ISO-10303-21;
HEADER;
FILE_DESCRIPTION (( 'STEP AP214' ),
    '1' );
FILE_NAME ('PenAssembley.STEP',
    '2026-02-14T19:40:53',
    ( '' ),
    ( '' ),
    'SwSTEP 2.0',
    'SolidWorks 2024',
    '' );
FILE_SCHEMA (( 'AUTOMOTIVE_DESIGN' ));
ENDSEC;

DATA;
#1 = DIRECTION ( 'NONE',  ( -0.000000000000000000, -0.000000000000000000, -1.000000000000000000 ) ) ;
#2 = CARTESIAN_POINT ( 'NONE',  ( -1.834951943477689764E-15, 11.90000000000000391, 6.200000000000000178 ) ) ;
#3 = ORIENTED_EDGE ( 'NONE', *, *, #3413, .F. ) ;
#4 = DIRECTION ( 'NONE',  ( -1.000000000000000000, 0.000000000000000000, 0.000000000000000000 ) ) ;
#5 = ORIENTED_EDGE ( 'NONE', *, *, #451, .F. ) ;
#6 = CARTESIAN_POINT ( 'NONE',  ( -35.00000000000127898, -109.4041602925917260, 0.000000000000000000 ) ) ;
#7 = EDGE_CURVE ( 'NONE', #2836, #113, #4121, .T. ) ;
#8 = LINE ( 'NONE', #1667, #2475 ) ;
#9 = EDGE_LOOP ( 'NONE', ( #52, #3782, #1259, #3175 ) ) ;
#10 = LINE ( 'NONE', #2872, #5007 ) ;
#11 = ORIENTED_EDGE ( 'NONE', *, *, #1170, .T. ) ;
#12 = ADVANCED_FACE ( 'NONE', ( #1640 ), #4553, .T. ) ;
#13 = EDGE_CURVE ( 'NONE', #4995, #716, #117, .T. ) ;
#14 = CARTESIAN_POINT ( 'NONE',  ( -68.85613382467781207, 10.99999999999999645, 0.7662898114863467836 ) ) ;
#15 = ORIENTED_EDGE ( 'NONE', *, *, #3413, .T. ) ;
#16 = CARTESIAN_POINT ( 'NONE',  ( 13.65000000000000568, -11.90100000000000513, -3.851859888774471706E-31 ) ) ;
#17 = ORIENTED_EDGE ( 'NONE', *, *, #1980, .T. ) ;
#18 = EDGE_CURVE ( 'NONE', #2836, #342, #1248, .T. ) ;
#19 = ORIENTED_EDGE ( 'NONE', *, *, #2589, .T. ) ;
#20 = VERTEX_POINT ( 'NONE', #849 ) ;
#21 = LINE ( 'NONE', #1210, #1609 ) ;
#22 = CARTESIAN_POINT ( 'NONE',  ( 11.25000000000000178, 0.000000000000000000, 6.200000000000000178 ) ) ;
#23 = CARTESIAN_POINT ( 'NONE',  ( 7.499999999998722799, -104.4041602925917260, 17.00000000000000000 ) ) ;
#24 = CARTESIAN_POINT ( 'NONE',  ( -8.350000000000006750, -11.10000000000000142, -6.200000000000000178 ) ) ;
#25 = CARTESIAN_POINT ( 'NONE',  ( 1.879283765641538915E-15, 5.199999999999993072, -6.200000000000000178 ) ) ;
#26 = ORIENTED_EDGE ( 'NONE', *, *, #1884, .F. ) ;
#27 = LINE ( 'NONE', #1300, #581 ) ;
#28 = ORIENTED_EDGE ( 'NONE', *, *, #2664, .F. ) ;
#29 = DIRECTION ( 'NONE',  ( 0.000000000000000000, 0.000000000000000000, -1.000000000000000000 ) ) ;
#30 = DIRECTION ( 'NONE',  ( 0.000000000000000000, 1.000000000000000000, 0.000000000000000000 ) ) ;
#31 = VERTEX_POINT ( 'NONE', #133 ) ;
#32 = DIRECTION ( 'NONE',  ( -1.000000000000000000, 4.336808689942018229E-16, -0.000000000000000000 ) ) ;
#33 = CARTESIAN_POINT ( 'NONE',  ( -11.25000000000000178, 7.599999999999998757, 6.200000000000000178 ) ) ;
#34 = VERTEX_POINT ( 'NONE', #1438 ) ;
#35 = CARTESIAN_POINT ( 'NONE',  ( -43.85613382467781207, 0.000000000000000000, -5.233710188513652994 ) ) ;
#36 = EDGE_LOOP ( 'NONE', ( #1989, #1540, #2504, #531, #5137, #1971, #963, #383 ) ) ;
#37 = AXIS2_PLACEMENT_3D ( 'NONE', #4267, #4606, #907 ) ;
#38 = EDGE_CURVE ( 'NONE', #3102, #741, #4691, .T. ) ;
#39 = FACE_OUTER_BOUND ( 'NONE', #4091, .T. ) ;
#40 = ORIENTED_EDGE ( 'NONE', *, *, #1891, .F. ) ;
#41 = VERTEX_POINT ( 'NONE', #518 ) ;
#42 = EDGE_CURVE ( 'NONE', #2352, #4067, #2966, .T. ) ;
#43 = VERTEX_POINT ( 'NONE', #5182 ) ;
#44 = DIRECTION ( 'NONE',  ( 0.000000000000000000, 0.000000000000000000, 1.000000000000000000 ) ) ;
#45 = ADVANCED_FACE ( 'NONE', ( #3005 ), #592, .T. ) ;
#46 = LINE ( 'NONE', #1102, #3963 ) ;
#47 = LINE ( 'NONE', #5013, #4106 ) ;
#48 = DIRECTION ( 'NONE',  ( 0.000000000000000000, 1.000000000000000000, 0.000000000000000000 ) ) ;
#49 = CARTESIAN_POINT ( 'NONE',  ( 4.999999999998722799, -82.40416029259172603, 23.00000000000000000 ) ) ;
#50 = ORIENTED_EDGE ( 'NONE', *, *, #1806, .F. ) ;
#51 = FACE_OUTER_BOUND ( 'NONE', #589, .T. ) ;
#52 = ORIENTED_EDGE ( 'NONE', *, *, #2046, .F. ) ;
#53 = LINE ( 'NONE', #3361, #1570 ) ;
#54 = CARTESIAN_POINT ( 'NONE',  ( 5.050000000000006040, 18.95000000000000284, -0.8750000000000003331 ) ) ;
#55 = CIRCLE ( 'NONE', #2316, 2.355000000000002647 ) ;
#56 = AXIS2_PLACEMENT_3D ( 'NONE', #1502, #2818, #4430 ) ;
#57 = CYLINDRICAL_SURFACE ( 'NONE', #4392, 2.500000000000000000 ) ;
#58 = SURFACE_STYLE_USAGE ( .BOTH. , #4509 ) ;
#59 = EDGE_CURVE ( 'NONE', #2276, #252, #981, .T. ) ;
#60 = ORIENTED_EDGE ( 'NONE', *, *, #3706, .F. ) ;
#61 = AXIS2_PLACEMENT_3D ( 'NONE', #4790, #132, #2651 ) ;
#62 = VECTOR ( 'NONE', #4396, 1000.000000000000000 ) ;
#63 = LINE ( 'NONE', #2140, #4546 ) ;
#64 = CARTESIAN_POINT ( 'NONE',  ( -38.85613382467781207, 19.99999999999999645, -15.23371018851364944 ) ) ;
#65 = ORIENTED_EDGE ( 'NONE', *, *, #3119, .F. ) ;
#66 = VECTOR ( 'NONE', #4625, 1000.000000000000000 ) ;
#67 = CIRCLE ( 'NONE', #2738, 6.200000000000001066 ) ;
#68 = FACE_BOUND ( 'NONE', #218, .T. ) ;
#69 = ORIENTED_EDGE ( 'NONE', *, *, #271, .T. ) ;
#70 = EDGE_CURVE ( 'NONE', #4676, #4915, #377, .T. ) ;
#71 = VERTEX_POINT ( 'NONE', #2654 ) ;
#72 = ORIENTED_EDGE ( 'NONE', *, *, #1243, .T. ) ;
#73 = DIRECTION ( 'NONE',  ( 0.000000000000000000, 0.000000000000000000, 1.000000000000000000 ) ) ;
#74 = DIRECTION ( 'NONE',  ( -1.000000000000000000, 0.000000000000000000, -0.000000000000000000 ) ) ;
#75 = CARTESIAN_POINT ( 'NONE',  ( 9.999999999998724576, -82.40416029259172603, 23.00000000000000000 ) ) ;
#76 = DIRECTION ( 'NONE',  ( 0.000000000000000000, 0.000000000000000000, 1.000000000000000000 ) ) ;
#77 = DIRECTION ( 'NONE',  ( 0.000000000000000000, 0.000000000000000000, 1.000000000000000000 ) ) ;
#78 = EDGE_CURVE ( 'NONE', #4857, #4071, #4769, .T. ) ;
#79 = DIRECTION ( 'NONE',  ( -0.000000000000000000, -1.000000000000000000, -0.000000000000000000 ) ) ;
#80 = ORIENTED_EDGE ( 'NONE', *, *, #2323, .F. ) ;
#81 = AXIS2_PLACEMENT_3D ( 'NONE', #1755, #3422, #5084 ) ;
#82 = LINE ( 'NONE', #934, #4224 ) ;
#83 = ORIENTED_EDGE ( 'NONE', *, *, #2284, .F. ) ;
#84 = EDGE_CURVE ( 'NONE', #2256, #358, #187, .T. ) ;
#85 = VECTOR ( 'NONE', #879, 1000.000000000000000 ) ;
#86 = CARTESIAN_POINT ( 'NONE',  ( -38.85613382467781207, 28.99999999999999645, -5.233710188513652994 ) ) ;
#87 = CARTESIAN_POINT ( 'NONE',  ( -47.00000000000127898, -77.40416029259172603, 28.00000000000000000 ) ) ;
#88 = DIRECTION ( 'NONE',  ( 0.000000000000000000, 1.000000000000000000, 0.000000000000000000 ) ) ;
#89 =( GEOMETRIC_REPRESENTATION_CONTEXT ( 3 ) GLOBAL_UNCERTAINTY_ASSIGNED_CONTEXT ( ( #891 ) ) GLOBAL_UNIT_ASSIGNED_CONTEXT ( ( #3071, #3866, #3896 ) ) REPRESENTATION_CONTEXT ( 'NONE', 'WORKASPACE' ) );
#90 = EDGE_LOOP ( 'NONE', ( #1916, #3116, #1419, #5070 ) ) ;
#91 = LINE ( 'NONE', #4246, #1057 ) ;
#92 = LINE ( 'NONE', #988, #4474 ) ;
#93 = VERTEX_POINT ( 'NONE', #3517 ) ;
#94 = CARTESIAN_POINT ( 'NONE',  ( 2.500000000000000000, 8.000000000000000819E-16, 3.601628314258999985 ) ) ;
#95 = ORIENTED_EDGE ( 'NONE', *, *, #3146, .T. ) ;
#96 = ORIENTED_EDGE ( 'NONE', *, *, #4326, .F. ) ;
#97 = ORIENTED_EDGE ( 'NONE', *, *, #3998, .T. ) ;
#98 = LINE ( 'NONE', #4707, #3007 ) ;
#99 = DIRECTION ( 'NONE',  ( -0.000000000000000000, -1.000000000000000000, -0.000000000000000000 ) ) ;
#100 = FACE_OUTER_BOUND ( 'NONE', #4852, .T. ) ;
#101 = ADVANCED_FACE ( 'NONE', ( #1827 ), #1802, .F. ) ;
#102 = LINE ( 'NONE', #2621, #4715 ) ;
#103 = CARTESIAN_POINT ( 'NONE',  ( 1.373322751814972020E-15, 7.599999999999996092, 6.200000000000000178 ) ) ;
#104 = DIRECTION ( 'NONE',  ( -1.000000000000000000, 0.000000000000000000, 0.000000000000000000 ) ) ;
#105 = EDGE_LOOP ( 'NONE', ( #2906, #2708, #3596, #5175 ) ) ;
#106 = LINE ( 'NONE', #4961, #1695 ) ;
#107 = EDGE_CURVE ( 'NONE', #2200, #4637, #615, .T. ) ;
#108 = FACE_OUTER_BOUND ( 'NONE', #5223, .T. ) ;
#109 = PRESENTATION_STYLE_ASSIGNMENT (( #3825 ) ) ;
#110 = DIRECTION ( 'NONE',  ( -0.000000000000000000, 1.000000000000000000, -0.000000000000000000 ) ) ;
#111 = CARTESIAN_POINT ( 'NONE',  ( 14.99999999999872280, -82.40416029259175446, 5.000000000000000000 ) ) ;
#112 = EDGE_CURVE ( 'NONE', #611, #2962, #2270, .T. ) ;
#113 = VERTEX_POINT ( 'NONE', #543 ) ;
#114 = CYLINDRICAL_SURFACE ( 'NONE', #474, 0.9000000000000014655 ) ;
#115 = CARTESIAN_POINT ( 'NONE',  ( 2.310000000000000053, 4.001037365484000574, 0.3579571668980000010 ) ) ;
#116 = VERTEX_POINT ( 'NONE', #3081 ) ;
#117 = CIRCLE ( 'NONE', #2538, 2.500000000000004885 ) ;
#118 = PLANE ( 'NONE',  #81 ) ;
#119 = EDGE_LOOP ( 'NONE', ( #2477, #5016, #192, #5218, #4866, #2460, #3680, #2083, #902, #1139 ) ) ;
#120 = VERTEX_POINT ( 'NONE', #959 ) ;
#121 = ORIENTED_EDGE ( 'NONE', *, *, #1584, .T. ) ;
#122 = DIRECTION ( 'NONE',  ( 0.000000000000000000, 1.000000000000000000, 0.000000000000000000 ) ) ;
#123 = DIRECTION ( 'NONE',  ( -1.000000000000000000, 0.000000000000000000, 0.000000000000000000 ) ) ;
#124 = DIRECTION ( 'NONE',  ( 1.000000000000000000, 0.000000000000000000, -3.491481338843133355E-15 ) ) ;
#125 = VECTOR ( 'NONE', #3352, 1000.000000000000000 ) ;
#126 = CARTESIAN_POINT ( 'NONE',  ( -49.35613382467781207, 28.99999999999999645, -5.233710188513652994 ) ) ;
#127 = CARTESIAN_POINT ( 'NONE',  ( -35.00000000000127898, -106.7591602925917158, 5.000000000000000000 ) ) ;
#128 = DIRECTION ( 'NONE',  ( 0.000000000000000000, 0.000000000000000000, 1.000000000000000000 ) ) ;
#129 = ORIENTED_EDGE ( 'NONE', *, *, #2271, .F. ) ;
#130 = AXIS2_PLACEMENT_3D ( 'NONE', #4359, #2288, #629 ) ;
#131 = EDGE_LOOP ( 'NONE', ( #4765, #5091, #2858, #969 ) ) ;
#132 = DIRECTION ( 'NONE',  ( 1.000000000000000000, -0.000000000000000000, 0.000000000000000000 ) ) ;
#133 = CARTESIAN_POINT ( 'NONE',  ( -43.85613382467781207, 10.99999999999999645, 0.7662898114863467836 ) ) ;
#134 = LINE ( 'NONE', #568, #2555 ) ;
#135 = LINE ( 'NONE', #3443, #4038 ) ;
#136 = EDGE_CURVE ( 'NONE', #3909, #3802, #3467, .T. ) ;
#137 = PLANE ( 'NONE',  #3344 ) ;
#138 = VERTEX_POINT ( 'NONE', #213 ) ;
#139 = LINE ( 'NONE', #1779, #1315 ) ;
#140 = CIRCLE ( 'NONE', #4644, 0.9000000000000014655 ) ;
#141 = CYLINDRICAL_SURFACE ( 'NONE', #3947, 2.500000000000000888 ) ;
#142 = ADVANCED_FACE ( 'NONE', ( #108, #2628 ), #2573, .T. ) ;
#143 = EDGE_CURVE ( 'NONE', #2692, #4083, #935, .T. ) ;
#144 = ORIENTED_EDGE ( 'NONE', *, *, #59, .T. ) ;
#145 = CIRCLE ( 'NONE', #1069, 2.500000000000000888 ) ;
#146 = CARTESIAN_POINT ( 'NONE',  ( 26.99999999999873879, -84.90416029259176867, 5.000000000000000000 ) ) ;
#147 = VERTEX_POINT ( 'NONE', #5131 ) ;
#148 = EDGE_CURVE ( 'NONE', #3882, #4884, #2185, .T. ) ;
#149 = AXIS2_PLACEMENT_3D ( 'NONE', #768, #5231, #2016 ) ;
#150 = CIRCLE ( 'NONE', #582, 0.9000000000000014655 ) ;
#151 = VERTEX_POINT ( 'NONE', #5103 ) ;
#152 = ORIENTED_EDGE ( 'NONE', *, *, #2846, .T. ) ;
#153 = FACE_BOUND ( 'NONE', #2149, .T. ) ;
#154 = CARTESIAN_POINT ( 'NONE',  ( 8.350000000000006750, -11.90000000000000213, 6.200000000000001954 ) ) ;
#155 = DIRECTION ( 'NONE',  ( -1.000000000000000000, 4.336808689942018229E-16, -0.000000000000000000 ) ) ;
#156 = PRODUCT_DEFINITION_SHAPE ( 'NONE', 'NONE',  #5365 ) ;
#157 = LINE ( 'NONE', #2157, #5351 ) ;
#158 = ORIENTED_EDGE ( 'NONE', *, *, #70, .T. ) ;
#159 = EDGE_LOOP ( 'NONE', ( #3282, #1514, #3716, #1869, #2820, #1643, #4312, #3636 ) ) ;
#160 = EDGE_CURVE ( 'NONE', #4839, #1486, #567, .T. ) ;
#161 = DIRECTION ( 'NONE',  ( 0.000000000000000000, 0.000000000000000000, 1.000000000000000000 ) ) ;
#162 = DIRECTION ( 'NONE',  ( 0.000000000000000000, 0.000000000000000000, 1.000000000000000000 ) ) ;
#163 = DIRECTION ( 'NONE',  ( 0.000000000000000000, 1.000000000000000000, 0.000000000000000000 ) ) ;
#164 = CARTESIAN_POINT ( 'NONE',  ( -4.620000000000000107, -7.799999999999999581E-14, 3.642042833101999832 ) ) ;
#165 = DIRECTION ( 'NONE',  ( 1.000000000000000000, 0.000000000000000000, -0.000000000000000000 ) ) ;
#166 = CARTESIAN_POINT ( 'NONE',  ( -53.85613382467781207, 28.99999999999999645, -12.63371018851364624 ) ) ;
#167 = AXIS2_PLACEMENT_3D ( 'NONE', #16, #2852, #4165 ) ;
#168 = ORIENTED_EDGE ( 'NONE', *, *, #1203, .T. ) ;
#169 = DIRECTION ( 'NONE',  ( -1.541976423090495387E-16, 1.000000000000000000, 0.000000000000000000 ) ) ;
#170 = AXIS2_PLACEMENT_3D ( 'NONE', #4453, #2354, #3577 ) ;
#171 = EDGE_LOOP ( 'NONE', ( #1379, #700, #2955, #1111 ) ) ;
#172 = DIRECTION ( 'NONE',  ( -1.000000000000000000, 4.336808689942018229E-16, -0.000000000000000000 ) ) ;
#173 = EDGE_CURVE ( 'NONE', #3792, #4595, #4009, .T. ) ;
#174 = EDGE_LOOP ( 'NONE', ( #4713, #2946, #465 ) ) ;
#175 = VECTOR ( 'NONE', #288, 1000.000000000000000 ) ;
#176 = EDGE_LOOP ( 'NONE', ( #4752, #2237 ) ) ;
#177 =( LENGTH_UNIT ( ) NAMED_UNIT ( * ) SI_UNIT ( .MILLI., .METRE. ) );
#178 = CARTESIAN_POINT ( 'NONE',  ( -43.85613382467781207, 6.000000000000000000, -4.233710188513654771 ) ) ;
#179 = DIRECTION ( 'NONE',  ( 0.000000000000000000, 0.000000000000000000, 1.000000000000000000 ) ) ;
#180 = EDGE_CURVE ( 'NONE', #3316, #2254, #4190, .T. ) ;
#181 = DIRECTION ( 'NONE',  ( -1.000000000000000000, -0.000000000000000000, -0.000000000000000000 ) ) ;
#182 = CARTESIAN_POINT ( 'NONE',  ( -58.35613382467781918, 33.49999999999999289, 0.7662898114863467836 ) ) ;
#183 = ORIENTED_EDGE ( 'NONE', *, *, #3550, .T. ) ;
#184 = VERTEX_POINT ( 'NONE', #1544 ) ;
#185 = LINE ( 'NONE', #5129, #3084 ) ;
#186 = CARTESIAN_POINT ( 'NONE',  ( 7.499999999998722799, -104.4041602925917260, 16.10000000000000142 ) ) ;
#187 = LINE ( 'NONE', #4720, #1124 ) ;
#188 = EDGE_CURVE ( 'NONE', #1113, #1789, #2092, .T. ) ;
#189 = CARTESIAN_POINT ( 'NONE',  ( 26.99999999999872813, -106.7591602925917442, 5.000000000000000000 ) ) ;
#190 = DIRECTION ( 'NONE',  ( 5.421010862427522786E-17, 1.000000000000000000, 0.000000000000000000 ) ) ;
#191 = DIRECTION ( 'NONE',  ( 0.000000000000000000, -0.000000000000000000, -1.000000000000000000 ) ) ;
#192 = ORIENTED_EDGE ( 'NONE', *, *, #1569, .T. ) ;
#193 = CARTESIAN_POINT ( 'NONE',  ( -53.17870574420084040, 27.06548989814930906, -12.71773780039991131 ) ) ;
#194 =( REPRESENTATION_RELATIONSHIP ('NONE','NONE', #2111, #1027 ) REPRESENTATION_RELATIONSHIP_WITH_TRANSFORMATION ( #2824 )SHAPE_REPRESENTATION_RELATIONSHIP( ) );
#195 = ORIENTED_EDGE ( 'NONE', *, *, #1843, .T. ) ;
#196 = DIRECTION ( 'NONE',  ( -0.000000000000000000, 1.000000000000000000, -0.000000000000000000 ) ) ;
#197 = ORIENTED_EDGE ( 'NONE', *, *, #1048, .T. ) ;
#198 = UNCERTAINTY_MEASURE_WITH_UNIT (LENGTH_MEASURE( 1.000000000000000082E-05 ), #4258, 'distance_accuracy_value', 'NONE');
#199 = EDGE_LOOP ( 'NONE', ( #4480, #4804, #1256, #2883 ) ) ;
#200 = ADVANCED_FACE ( 'NONE', ( #4061 ), #1033, .F. ) ;
#201 = CIRCLE ( 'NONE', #4618, 4.000000000000000000 ) ;
#202 = FILL_AREA_STYLE ('',( #1838 ) ) ;
#203 = CARTESIAN_POINT ( 'NONE',  ( -47.00000000000128608, -109.4041602925917260, 28.00000000000000000 ) ) ;
#204 = DIRECTION ( 'NONE',  ( 0.8232127859153058891, 0.5677329558036602331, 0.000000000000000000 ) ) ;
#205 = VECTOR ( 'NONE', #3905, 1000.000000000000000 ) ;
#206 = EDGE_CURVE ( 'NONE', #3888, #2515, #201, .T. ) ;
#207 = EDGE_LOOP ( 'NONE', ( #3201, #4275, #4313 ) ) ;
#208 = EDGE_CURVE ( 'NONE', #4766, #1938, #1108, .T. ) ;
#209 = ORIENTED_EDGE ( 'NONE', *, *, #1343, .T. ) ;
#210 = VECTOR ( 'NONE', #242, 1000.000000000000000 ) ;
#211 = DIRECTION ( 'NONE',  ( -0.000000000000000000, -0.000000000000000000, -1.000000000000000000 ) ) ;
#212 = CARTESIAN_POINT ( 'NONE',  ( -38.85613382467781207, 10.99999999999999645, -31.23371018851364767 ) ) ;
#213 = CARTESIAN_POINT ( 'NONE',  ( 7.499999999998722799, -109.4041602925917260, 16.10000000000000142 ) ) ;
#214 =( NAMED_UNIT ( * ) SI_UNIT ( $, .STERADIAN. ) SOLID_ANGLE_UNIT ( ) );
#215 = VECTOR ( 'NONE', #882, 1000.000000000000000 ) ;
#216 = LINE ( 'NONE', #3131, #4817 ) ;
#217 = CARTESIAN_POINT ( 'NONE',  ( 5.050000000000006040, 16.10000000000000142, -4.336808689942017736E-16 ) ) ;
#218 = EDGE_LOOP ( 'NONE', ( #4414, #4632 ) ) ;
#219 = CARTESIAN_POINT ( 'NONE',  ( 0.000000000000000000, 50.00000000000000000, -2.500000000000000000 ) ) ;
#220 = ORIENTED_EDGE ( 'NONE', *, *, #3752, .T. ) ;
#221 = EDGE_CURVE ( 'NONE', #1185, #5197, #290, .T. ) ;
#222 = CARTESIAN_POINT ( 'NONE',  ( 11.25000000000000178, -9.900000000000002132, -3.299999999999989608 ) ) ;
#223 = VERTEX_POINT ( 'NONE', #1129 ) ;
#224 = VECTOR ( 'NONE', #1944, 1000.000000000000000 ) ;
#225 = DIRECTION ( 'NONE',  ( -1.000000000000000000, -0.000000000000000000, -0.000000000000000000 ) ) ;
#226 = EDGE_LOOP ( 'NONE', ( #1924, #2110, #1549, #3169 ) ) ;
#227 = AXIS2_PLACEMENT_3D ( 'NONE', #2187, #32, #1333 ) ;
#228 = AXIS2_PLACEMENT_3D ( 'NONE', #1828, #110, #3491 ) ;
#229 = FACE_OUTER_BOUND ( 'NONE', #1833, .T. ) ;
#230 = CARTESIAN_POINT ( 'NONE',  ( -68.85613382467781207, 10.99999999999999645, -31.23371018851364767 ) ) ;
#231 = CARTESIAN_POINT ( 'NONE',  ( 2.661676443210112541, -0.6579233969211404354, 20.03828298986526946 ) ) ;
#232 = EDGE_CURVE ( 'NONE', #93, #2314, #3492, .T. ) ;
#233 = LINE ( 'NONE', #3539, #2550 ) ;
#234 = AXIS2_PLACEMENT_3D ( 'NONE', #1218, #2073, #2948 ) ;
#235 = VECTOR ( 'NONE', #4820, 1000.000000000000000 ) ;
#236 = VERTEX_POINT ( 'NONE', #637 ) ;
#237 = ORIENTED_EDGE ( 'NONE', *, *, #1506, .T. ) ;
#238 = VECTOR ( 'NONE', #3295, 1000.000000000000000 ) ;
#239 = LINE ( 'NONE', #1877, #409 ) ;
#240 = FACE_OUTER_BOUND ( 'NONE', #3932, .T. ) ;
#241 = EDGE_CURVE ( 'NONE', #4832, #5099, #3206, .T. ) ;
#242 = DIRECTION ( 'NONE',  ( -0.000000000000000000, -1.000000000000000000, -0.000000000000000000 ) ) ;
#243 = CARTESIAN_POINT ( 'NONE',  ( 5.050000000000006040, 18.95000000000000284, -4.336808689942017736E-16 ) ) ;
#244 = MECHANICAL_DESIGN_GEOMETRIC_PRESENTATION_REPRESENTATION (  '', ( #506 ), #2576 ) ;
#245 = CARTESIAN_POINT ( 'NONE',  ( 0.000000000000000000, 0.000000000000000000, 11.00000000000000000 ) ) ;
#246 = FACE_OUTER_BOUND ( 'NONE', #4372, .T. ) ;
#247 = ORIENTED_EDGE ( 'NONE', *, *, #443, .F. ) ;
#248 = DIRECTION ( 'NONE',  ( -0.000000000000000000, -0.000000000000000000, -1.000000000000000000 ) ) ;
#249 = ORIENTED_EDGE ( 'NONE', *, *, #3815, .T. ) ;
#250 = AXIS2_PLACEMENT_3D ( 'NONE', #5138, #4757, #919 ) ;
#251 = FACE_OUTER_BOUND ( 'NONE', #1861, .T. ) ;
#252 = VERTEX_POINT ( 'NONE', #735 ) ;
#253 = AXIS2_PLACEMENT_3D ( 'NONE', #2241, #3903, #4391 ) ;
#254 = DIRECTION ( 'NONE',  ( 0.000000000000000000, 0.000000000000000000, -1.000000000000000000 ) ) ;
#255 = ORIENTED_EDGE ( 'NONE', *, *, #2528, .T. ) ;
#256 = CARTESIAN_POINT ( 'NONE',  ( -56.10993348069491304, 27.38656902617705668, -13.92629807873140280 ) ) ;
#257 = AXIS2_PLACEMENT_3D ( 'NONE', #3672, #2537, #1658 ) ;
#258 = CARTESIAN_POINT ( 'NONE',  ( 11.25000000000000178, -9.900000000000002132, 6.200000000000000178 ) ) ;
#259 = ADVANCED_FACE ( 'NONE', ( #100 ), #868, .F. ) ;
#260 = ORIENTED_EDGE ( 'NONE', *, *, #2229, .T. ) ;
#261 = VERTEX_POINT ( 'NONE', #5257 ) ;
#262 = CARTESIAN_POINT ( 'NONE',  ( 1.373322751814972020E-15, 7.599999999999996092, -6.200000000000000178 ) ) ;
#263 = CARTESIAN_POINT ( 'NONE',  ( 2.310000000000000053, 4.001037365484000574, 0.3579571668980000010 ) ) ;
#264 =( REPRESENTATION_RELATIONSHIP ('NONE','NONE', #2111, #1398 ) REPRESENTATION_RELATIONSHIP_WITH_TRANSFORMATION ( #308 )SHAPE_REPRESENTATION_RELATIONSHIP( ) );
#265 = CARTESIAN_POINT ( 'NONE',  ( 9.999999999998722799, -109.4041602925917260, 11.00000000000000000 ) ) ;
#266 = CARTESIAN_POINT ( 'NONE',  ( -16.05000000000001137, -11.90100000000000513, 0.5750000000000035083 ) ) ;
#267 = FACE_OUTER_BOUND ( 'NONE', #1750, .T. ) ;
#268 = ADVANCED_FACE ( 'NONE', ( #4394 ), #5311, .F. ) ;
#269 = CARTESIAN_POINT ( 'NONE',  ( -16.05000000000001137, 7.599999999999995204, 0.5750000000000035083 ) ) ;
#270 = EDGE_LOOP ( 'NONE', ( #1678, #5292, #2690, #4782 ) ) ;
#271 = EDGE_CURVE ( 'NONE', #1461, #1706, #4365, .T. ) ;
#272 = CARTESIAN_POINT ( 'NONE',  ( 16.05000000000000426, 7.599999999999995204, 0.5749999999999999556 ) ) ;
#273 = VERTEX_POINT ( 'NONE', #1880 ) ;
#274 = EDGE_CURVE ( 'NONE', #5099, #741, #3546, .T. ) ;
#275 = PLANE ( 'NONE',  #597 ) ;
#276 = ORIENTED_EDGE ( 'NONE', *, *, #1843, .F. ) ;
#277 = CARTESIAN_POINT ( 'NONE',  ( -58.35613382467781918, 33.49999999999999289, -5.233710188513652994 ) ) ;
#278 = ORIENTED_EDGE ( 'NONE', *, *, #2987, .T. ) ;
#279 = CARTESIAN_POINT ( 'NONE',  ( -55.01217700998482485, 27.12757442090106252, -17.56875472354184708 ) ) ;
#280 = ITEM_DEFINED_TRANSFORMATION ( 'NONE', 'NONE', #4503,  #3630 ) ;
#281 = CARTESIAN_POINT ( 'NONE',  ( 9.999999999998724576, -82.40416029259172603, 11.00000000000000000 ) ) ;
#282 =( BOUNDED_CURVE ( )  B_SPLINE_CURVE ( 2, ( #1682, #369, #4927 ),
 .UNSPECIFIED., .F., .F. ) 
 B_SPLINE_CURVE_WITH_KNOTS ( ( 3, 3 ),
 ( 0.000000000000000000, 1.000000000000000000 ),
 .UNSPECIFIED. ) 
 CURVE ( )  GEOMETRIC_REPRESENTATION_ITEM ( )  RATIONAL_B_SPLINE_CURVE ( ( 1.000000000000000000, 1.154700538379263897, 1.000000000000000000 ) ) 
 REPRESENTATION_ITEM ( '' )  );
#283 = DIRECTION ( 'NONE',  ( 1.000000000000000000, 0.000000000000000000, 0.000000000000000000 ) ) ;
#284 = ORIENTED_EDGE ( 'NONE', *, *, #5215, .T. ) ;
#285 = ORIENTED_EDGE ( 'NONE', *, *, #3780, .F. ) ;
#286 = CARTESIAN_POINT ( 'NONE',  ( -68.85613382467781207, 6.000000000000000000, -1.733710188513654105 ) ) ;
#287 = EDGE_CURVE ( 'NONE', #941, #4071, #5207, .T. ) ;
#288 = DIRECTION ( 'NONE',  ( 1.000000000000000000, 0.000000000000000000, 0.000000000000000000 ) ) ;
#289 = CLOSED_SHELL ( 'NONE', ( #4542, #3477, #2526, #2786 ) ) ;
#290 = LINE ( 'NONE', #2399, #2189 ) ;
#291 = DIRECTION ( 'NONE',  ( 0.000000000000000000, 0.000000000000000000, -1.000000000000000000 ) ) ;
#292 = DIRECTION ( 'NONE',  ( 0.000000000000000000, 0.000000000000000000, -1.000000000000000000 ) ) ;
#293 = ORIENTED_EDGE ( 'NONE', *, *, #508, .T. ) ;
#294 = VECTOR ( 'NONE', #5183, 1000.000000000000000 ) ;
#295 = DIRECTION ( 'NONE',  ( -1.000000000000000000, 0.000000000000000000, 0.000000000000000000 ) ) ;
#296 = VECTOR ( 'NONE', #2675, 1000.000000000000000 ) ;
#297 = ORIENTED_EDGE ( 'NONE', *, *, #2416, .F. ) ;
#298 = EDGE_CURVE ( 'NONE', #2586, #5006, #4793, .T. ) ;
#299 = CARTESIAN_POINT ( 'NONE',  ( -52.54931764710291731, 27.15393996623673445, -17.48777145152661561 ) ) ;
#300 = ORIENTED_EDGE ( 'NONE', *, *, #3328, .F. ) ;
#301 = CIRCLE ( 'NONE', #4111, 0.8749999999999998890 ) ;
#302 = DIRECTION ( 'NONE',  ( -0.000000000000000000, 1.000000000000000000, -0.000000000000000000 ) ) ;
#303 = ORIENTED_EDGE ( 'NONE', *, *, #2188, .F. ) ;
#304 = ADVANCED_FACE ( 'NONE', ( #3983 ), #1904, .T. ) ;
#305 = CARTESIAN_POINT ( 'NONE',  ( -16.05000000000000426, 5.200000000000000178, 0.5750000000000035083 ) ) ;
#306 = ORIENTED_EDGE ( 'NONE', *, *, #188, .T. ) ;
#307 = CARTESIAN_POINT ( 'NONE',  ( -30.00000000000128253, -109.4041602925917260, 0.000000000000000000 ) ) ;
#308 = ITEM_DEFINED_TRANSFORMATION ( 'NONE', 'NONE', #2333,  #3630 ) ;
#309 = LINE ( 'NONE', #4863, #2291 ) ;
#310 = DIRECTION ( 'NONE',  ( 0.000000000000000000, 0.000000000000000000, -1.000000000000000000 ) ) ;
#311 = CIRCLE ( 'NONE', #3598, 2.500000000000002220 ) ;
#312 = ORIENTED_EDGE ( 'NONE', *, *, #649, .T. ) ;
#313 = VERTEX_POINT ( 'NONE', #1489 ) ;
#314 = LINE ( 'NONE', #5337, #2221 ) ;
#315 = DIRECTION ( 'NONE',  ( 1.000000000000000000, 0.000000000000000000, -0.000000000000000000 ) ) ;
#316 = AXIS2_PLACEMENT_3D ( 'NONE', #111, #2899, #521 ) ;
#317 = AXIS2_PLACEMENT_3D ( 'NONE', #2328, #2704, #5185 ) ;
#318 = DIRECTION ( 'NONE',  ( 1.000000000000000000, 0.000000000000000000, 0.000000000000000000 ) ) ;
#319 = DIRECTION ( 'NONE',  ( 0.000000000000000000, 0.000000000000000000, -1.000000000000000000 ) ) ;
#320 = DIRECTION ( 'NONE',  ( 0.000000000000000000, 1.000000000000000000, 0.000000000000000000 ) ) ;
#321 = ORIENTED_EDGE ( 'NONE', *, *, #4688, .T. ) ;
#322 = VECTOR ( 'NONE', #4894, 1000.000000000000000 ) ;
#323 = VECTOR ( 'NONE', #514, 1000.000000000000000 ) ;
#324 = CARTESIAN_POINT ( 'NONE',  ( -43.85613382467781207, 28.99999999999999645, -5.233710188513652994 ) ) ;
#325 = ORIENTED_EDGE ( 'NONE', *, *, #1447, .T. ) ;
#326 = VECTOR ( 'NONE', #5320, 1000.000000000000000 ) ;
#327 = CARTESIAN_POINT ( 'NONE',  ( -38.85613382467781207, 6.000000000000000000, -26.23371018851364767 ) ) ;
#328 = ORIENTED_EDGE ( 'NONE', *, *, #4756, .T. ) ;
#329 = LINE ( 'NONE', #357, #585 ) ;
#330 = EDGE_CURVE ( 'NONE', #3653, #3036, #1929, .T. ) ;
#331 = DIRECTION ( 'NONE',  ( -0.000000000000000000, -0.000000000000000000, -1.000000000000000000 ) ) ;
#332 = ORIENTED_EDGE ( 'NONE', *, *, #241, .T. ) ;
#333 = FACE_BOUND ( 'NONE', #1936, .T. ) ;
#334 = VECTOR ( 'NONE', #196, 1000.000000000000000 ) ;
#335 = ORIENTED_EDGE ( 'NONE', *, *, #4228, .F. ) ;
#336 = ADVANCED_FACE ( 'NONE', ( #4845 ), #4420, .F. ) ;
#337 = DIRECTION ( 'NONE',  ( 0.000000000000000000, 1.000000000000000000, 0.000000000000000000 ) ) ;
#338 = APPLICATION_PROTOCOL_DEFINITION ( 'draft international standard', 'automotive_design', 1998, #4630 ) ;
#339 = LINE ( 'NONE', #3997, #5071 ) ;
#340 = FACE_OUTER_BOUND ( 'NONE', #3992, .T. ) ;
#341 = ORIENTED_EDGE ( 'NONE', *, *, #1290, .F. ) ;
#342 = VERTEX_POINT ( 'NONE', #4600 ) ;
#343 = PRODUCT_DEFINITION_FORMATION_WITH_SPECIFIED_SOURCE ( 'ANY', '', #4609, .NOT_KNOWN. ) ;
#344 = EDGE_CURVE ( 'NONE', #2476, #3383, #4985, .T. ) ;
#345 = CARTESIAN_POINT ( 'NONE',  ( -38.85613382467781207, 10.99999999999999645, -5.233710188513652994 ) ) ;
#346 = FACE_OUTER_BOUND ( 'NONE', #3262, .T. ) ;
#347 = DIRECTION ( 'NONE',  ( 0.000000000000000000, 0.000000000000000000, 1.000000000000000000 ) ) ;
#348 = FACE_BOUND ( 'NONE', #4519, .T. ) ;
#349 = DIRECTION ( 'NONE',  ( 0.000000000000000000, 0.000000000000000000, 1.000000000000000000 ) ) ;
#350 = EDGE_LOOP ( 'NONE', ( #2625, #1175, #5101, #2172 ) ) ;
#351 = FACE_OUTER_BOUND ( 'NONE', #353, .T. ) ;
#352 = ADVANCED_FACE ( 'NONE', ( #2042 ), #1239, .T. ) ;
#353 = EDGE_LOOP ( 'NONE', ( #1167, #2617, #3769, #4000 ) ) ;
#354 = CARTESIAN_POINT ( 'NONE',  ( -68.85613382467781207, 10.99999999999999645, 0.7662898114863467836 ) ) ;
#355 = CARTESIAN_POINT ( 'NONE',  ( 26.99999999999872813, -77.40416029259172603, 0.000000000000000000 ) ) ;
#356 = ORIENTED_EDGE ( 'NONE', *, *, #1716, .T. ) ;
#357 = CARTESIAN_POINT ( 'NONE',  ( 16.05000000000000426, 7.599999999999995204, -0.5749999999999999556 ) ) ;
#358 = VERTEX_POINT ( 'NONE', #1717 ) ;
#359 = DIRECTION ( 'NONE',  ( -1.000000000000000000, -0.000000000000000000, -0.000000000000000000 ) ) ;
#360 = ORIENTED_EDGE ( 'NONE', *, *, #5079, .T. ) ;
#361 = CARTESIAN_POINT ( 'NONE',  ( -56.37196117019301767, 27.47117030062716125, -14.55543159364115979 ) ) ;
#362 = APPLICATION_PROTOCOL_DEFINITION ( 'draft international standard', 'automotive_design', 1998, #909 ) ;
#363 = CARTESIAN_POINT ( 'NONE',  ( 26.99999999999872813, -104.4041602925917545, 5.000000000000000000 ) ) ;
#364 = DIRECTION ( 'NONE',  ( -1.000000000000000000, -7.228014483236698528E-16, 0.000000000000000000 ) ) ;
#365 = EDGE_CURVE ( 'NONE', #625, #5197, #3730, .T. ) ;
#366 = VERTEX_POINT ( 'NONE', #453 ) ;
#367 =( REPRESENTATION_RELATIONSHIP ('NONE','NONE', #2111, #4548 ) REPRESENTATION_RELATIONSHIP_WITH_TRANSFORMATION ( #1148 )SHAPE_REPRESENTATION_RELATIONSHIP( ) );
#368 = ORIENTED_EDGE ( 'NONE', *, *, #3048, .T. ) ;
#369 = CARTESIAN_POINT ( 'NONE',  ( 3.464999999999420321, 2.000518682743010590, -0.3088823940169728721 ) ) ;
#370 = FACE_OUTER_BOUND ( 'NONE', #3990, .T. ) ;
#371 = DIRECTION ( 'NONE',  ( 0.000000000000000000, 0.000000000000000000, 1.000000000000000000 ) ) ;
#372 = LINE ( 'NONE', #2010, #5233 ) ;
#373 = DIRECTION ( 'NONE',  ( 0.000000000000000000, 0.000000000000000000, 1.000000000000000000 ) ) ;
#374 = EDGE_CURVE ( 'NONE', #5159, #2334, #2100, .T. ) ;
#375 = CARTESIAN_POINT ( 'NONE',  ( -14.81592238163611519, 5.199999999999999289, -0.5749999999999962919 ) ) ;
#376 = VERTEX_POINT ( 'NONE', #428 ) ;
#377 = CIRCLE ( 'NONE', #1217, 2.500000000000002220 ) ;
#378 = DIRECTION ( 'NONE',  ( 0.000000000000000000, -0.000000000000000000, -1.000000000000000000 ) ) ;
#379 = ORIENTED_EDGE ( 'NONE', *, *, #2161, .F. ) ;
#380 = CARTESIAN_POINT ( 'NONE',  ( -30.00000000000128253, -82.40416029259172603, 5.000000000000000000 ) ) ;
#381 = AXIS2_PLACEMENT_3D ( 'NONE', #2629, #1302, #4319 ) ;
#382 = LINE ( 'NONE', #4095, #1692 ) ;
#383 = ORIENTED_EDGE ( 'NONE', *, *, #5020, .F. ) ;
#384 = DIRECTION ( 'NONE',  ( -0.000000000000000000, -0.000000000000000000, -1.000000000000000000 ) ) ;
#385 = CARTESIAN_POINT ( 'NONE',  ( 5.050000000000006040, 18.95000000000000284, 0.8749999999999994449 ) ) ;
#386 = EDGE_LOOP ( 'NONE', ( #1223, #5268, #2830, #3399 ) ) ;
#387 = CARTESIAN_POINT ( 'NONE',  ( -68.85613382467781207, 19.99999999999999645, -22.73371018851365122 ) ) ;
#388 = VECTOR ( 'NONE', #4673, 1000.000000000000000 ) ;
#389 = ORIENTED_EDGE ( 'NONE', *, *, #3605, .F. ) ;
#390 = EDGE_CURVE ( 'NONE', #4179, #1557, #47, .T. ) ;
#391 = LINE ( 'NONE', #4921, #751 ) ;
#392 = LINE ( 'NONE', #2031, #3502 ) ;
#393 = EDGE_LOOP ( 'NONE', ( #2142, #3509, #2225 ) ) ;
#394 = ORIENTED_EDGE ( 'NONE', *, *, #4869, .T. ) ;
#395 = CARTESIAN_POINT ( 'NONE',  ( 4.999999999998722799, -77.40416029259172603, 11.00000000000000000 ) ) ;
#396 = LINE ( 'NONE', #5011, #2133 ) ;
#397 = PLANE ( 'NONE',  #936 ) ;
#398 = ADVANCED_FACE ( 'NONE', ( #1270 ), #2539, .F. ) ;
#399 = CARTESIAN_POINT ( 'NONE',  ( -63.85613382467780497, 0.000000000000000000, -31.23371018851364767 ) ) ;
#400 = VECTOR ( 'NONE', #4298, 1000.000000000000000 ) ;
#401 = CARTESIAN_POINT ( 'NONE',  ( -39.99000000000127386, -93.40416029259172603, 28.00000000000000000 ) ) ;
#402 = CARTESIAN_POINT ( 'NONE',  ( 14.99999999999872280, -109.4041602925917260, 25.00000000000000000 ) ) ;
#403 = ORIENTED_EDGE ( 'NONE', *, *, #2854, .F. ) ;
#404 = AXIS2_PLACEMENT_3D ( 'NONE', #4010, #3272, #793 ) ;
#405 = CARTESIAN_POINT ( 'NONE',  ( -20.50000000000127187, -77.40416029259172603, 17.90000000000000213 ) ) ;
#406 = EDGE_CURVE ( 'NONE', #3148, #2583, #5363, .T. ) ;
#407 = CARTESIAN_POINT ( 'NONE',  ( 9.750000000000000000, -9.900000000000002132, 0.000000000000000000 ) ) ;
#408 = CARTESIAN_POINT ( 'NONE',  ( 5.050000000000006040, 18.95000000000000284, -4.336808689942017736E-16 ) ) ;
#409 = VECTOR ( 'NONE', #3923, 1000.000000000000000 ) ;
#410 = AXIS2_PLACEMENT_3D ( 'NONE', #455, #2455, #3731 ) ;
#411 = DIRECTION ( 'NONE',  ( -1.000000000000000000, 0.000000000000000000, 0.000000000000000000 ) ) ;
#412 = ORIENTED_EDGE ( 'NONE', *, *, #2176, .F. ) ;
#413 = ADVANCED_FACE ( 'NONE', ( #2483 ), #788, .F. ) ;
#414 = CARTESIAN_POINT ( 'NONE',  ( -63.85613382467780497, 28.99999999999999645, -5.233710188513651218 ) ) ;
#415 = CARTESIAN_POINT ( 'NONE',  ( -68.85613382467781207, 0.000000000000000000, -31.23371018851364767 ) ) ;
#416 = AXIS2_PLACEMENT_3D ( 'NONE', #2813, #2285, #3247 ) ;
#417 = ORIENTED_EDGE ( 'NONE', *, *, #3822, .F. ) ;
#418 = DIRECTION ( 'NONE',  ( 0.000000000000000000, 0.000000000000000000, 1.000000000000000000 ) ) ;
#419 = EDGE_LOOP ( 'NONE', ( #4166, #4254, #861, #1371 ) ) ;
#420 = PRODUCT_RELATED_PRODUCT_CATEGORY ( 'part', '', ( #4609 ) ) ;
#421 = DIRECTION ( 'NONE',  ( -0.000000000000000000, 1.000000000000000000, -0.000000000000000000 ) ) ;
#422 = ORIENTED_EDGE ( 'NONE', *, *, #1378, .F. ) ;
#423 = ORIENTED_EDGE ( 'NONE', *, *, #4077, .F. ) ;
#424 = VERTEX_POINT ( 'NONE', #4524 ) ;
#425 = DIRECTION ( 'NONE',  ( 0.000000000000000000, 0.000000000000000000, 1.000000000000000000 ) ) ;
#426 = CARTESIAN_POINT ( 'NONE',  ( 5.050000000000006040, 11.90000000000000391, -4.336808689942017736E-16 ) ) ;
#427 = VECTOR ( 'NONE', #5221, 1000.000000000000000 ) ;
#428 = CARTESIAN_POINT ( 'NONE',  ( -68.85613382467781207, 0.000000000000000000, -31.23371018851364767 ) ) ;
#429 = CIRCLE ( 'NONE', #4499, 0.9000000000000014655 ) ;
#430 = CARTESIAN_POINT ( 'NONE',  ( 0.000000000000000000, 0.000000000000000000, -6.200000000000000178 ) ) ;
#431 = ORIENTED_EDGE ( 'NONE', *, *, #1788, .T. ) ;
#432 = DIRECTION ( 'NONE',  ( 0.000000000000000000, 0.000000000000000000, 1.000000000000000000 ) ) ;
#433 =( GEOMETRIC_REPRESENTATION_CONTEXT ( 3 ) GLOBAL_UNCERTAINTY_ASSIGNED_CONTEXT ( ( #198 ) ) GLOBAL_UNIT_ASSIGNED_CONTEXT ( ( #4258, #1268, #2965 ) ) REPRESENTATION_CONTEXT ( 'NONE', 'WORKASPACE' ) );
#434 = DIRECTION ( 'NONE',  ( 0.000000000000000000, -0.000000000000000000, -1.000000000000000000 ) ) ;
#435 = LINE ( 'NONE', #354, #742 ) ;
#436 = LINE ( 'NONE', #851, #4903 ) ;
#437 = EDGE_CURVE ( 'NONE', #41, #236, #2679, .T. ) ;
#438 = CIRCLE ( 'NONE', #3274, 2.500000000000000000 ) ;
#439 = ORIENTED_EDGE ( 'NONE', *, *, #1182, .T. ) ;
#440 = CARTESIAN_POINT ( 'NONE',  ( 5.050000000000006040, 18.95000000000000284, -2.425000000000000711 ) ) ;
#441 = EDGE_LOOP ( 'NONE', ( #3337, #4812 ) ) ;
#442 = CARTESIAN_POINT ( 'NONE',  ( 26.99999999999872813, -77.40416029259172603, 25.00000000000000000 ) ) ;
#443 = EDGE_CURVE ( 'NONE', #5055, #3860, #2639, .T. ) ;
#444 = ORIENTED_EDGE ( 'NONE', *, *, #4220, .F. ) ;
#445 = CARTESIAN_POINT ( 'NONE',  ( 14.81592238163610808, 7.599999999999995204, 0.5749999999999999556 ) ) ;
#446 = ORIENTED_EDGE ( 'NONE', *, *, #4740, .F. ) ;
#447 = AXIS2_PLACEMENT_3D ( 'NONE', #1764, #5096, #537 ) ;
#448 = ORIENTED_EDGE ( 'NONE', *, *, #5316, .T. ) ;
#449 = ORIENTED_EDGE ( 'NONE', *, *, #860, .F. ) ;
#450 = DIRECTION ( 'NONE',  ( 0.000000000000000000, 0.000000000000000000, 1.000000000000000000 ) ) ;
#451 = EDGE_CURVE ( 'NONE', #71, #4687, #4497, .T. ) ;
#452 = CYLINDRICAL_SURFACE ( 'NONE', #2839, 0.9000000000000014655 ) ;
#453 = CARTESIAN_POINT ( 'NONE',  ( -11.25000000000000355, 5.199999999999998401, -6.200000000000000178 ) ) ;
#454 = DIRECTION ( 'NONE',  ( 0.000000000000000000, 0.000000000000000000, 1.000000000000000000 ) ) ;
#455 = CARTESIAN_POINT ( 'NONE',  ( -43.85613382467781207, 0.000000000000000000, 0.000000000000000000 ) ) ;
#456 = VERTEX_POINT ( 'NONE', #2943 ) ;
#457 = EDGE_CURVE ( 'NONE', #5082, #4839, #5066, .T. ) ;
#458 = DIRECTION ( 'NONE',  ( 0.000000000000000000, -1.000000000000000000, 0.000000000000000000 ) ) ;
#459 = VERTEX_POINT ( 'NONE', #4115 ) ;
#460 = CARTESIAN_POINT ( 'NONE',  ( 14.99999999999872280, -77.40416029259172603, 25.00000000000000000 ) ) ;
#461 = DIRECTION ( 'NONE',  ( -0.000000000000000000, 1.000000000000000000, -0.000000000000000000 ) ) ;
#462 = DIRECTION ( 'NONE',  ( 1.000000000000000000, -0.000000000000000000, -0.000000000000000000 ) ) ;
#463 = LINE ( 'NONE', #415, #676 ) ;
#464 = EDGE_CURVE ( 'NONE', #376, #852, #372, .T. ) ;
#465 = ORIENTED_EDGE ( 'NONE', *, *, #2915, .T. ) ;
#466 = CARTESIAN_POINT ( 'NONE',  ( -63.85613382467780497, 6.000000000000000000, -6.733710188513656547 ) ) ;
#467 = LINE ( 'NONE', #3692, #1416 ) ;
#468 = EDGE_LOOP ( 'NONE', ( #4297, #2158, #3093, #3609 ) ) ;
#469 = CIRCLE ( 'NONE', #2372, 1.300000000000000711 ) ;
#470 = VECTOR ( 'NONE', #2070, 1000.000000000000000 ) ;
#471 = LINE ( 'NONE', #780, #3891 ) ;
#472 = EDGE_CURVE ( 'NONE', #4007, #3200, #5339, .T. ) ;
#473 = ORIENTED_EDGE ( 'NONE', *, *, #2307, .F. ) ;
#474 = AXIS2_PLACEMENT_3D ( 'NONE', #2002, #1704, #1596 ) ;
#475 = ORIENTED_EDGE ( 'NONE', *, *, #4802, .F. ) ;
#476 = ORIENTED_EDGE ( 'NONE', *, *, #3987, .T. ) ;
#477 = CYLINDRICAL_SURFACE ( 'NONE', #4139, 2.600000000000003197 ) ;
#478 = AXIS2_PLACEMENT_3D ( 'NONE', #1977, #5303, #4105 ) ;
#479 = LINE ( 'NONE', #2885, #238 ) ;
#480 = FACE_BOUND ( 'NONE', #3494, .T. ) ;
#481 = DIRECTION ( 'NONE',  ( 0.000000000000000000, 0.000000000000000000, -1.000000000000000000 ) ) ;
#482 = CARTESIAN_POINT ( 'NONE',  ( -68.85613382467781207, 28.99999999999999645, -31.23371018851364767 ) ) ;
#483 = CARTESIAN_POINT ( 'NONE',  ( 11.25000000000000178, -9.900000000000002132, 6.200000000000001954 ) ) ;
#484 = ORIENTED_EDGE ( 'NONE', *, *, #3119, .T. ) ;
#485 = CYLINDRICAL_SURFACE ( 'NONE', #3437, 2.500000000000002220 ) ;
#486 = VECTOR ( 'NONE', #2931, 1000.000000000000000 ) ;
#487 = EDGE_LOOP ( 'NONE', ( #1516, #2080, #1534, #1097 ) ) ;
#488 = LINE ( 'NONE', #2214, #711 ) ;
#489 = DIRECTION ( 'NONE',  ( 0.000000000000000000, 0.000000000000000000, -1.000000000000000000 ) ) ;
#490 = VECTOR ( 'NONE', #3334, 999.9999999999998863 ) ;
#491 = VECTOR ( 'NONE', #2709, 1000.000000000000000 ) ;
#492 = LINE ( 'NONE', #3799, #5167 ) ;
#493 =( BOUNDED_CURVE ( )  B_SPLINE_CURVE ( 2, ( #5142, #3428, #4657 ),
 .UNSPECIFIED., .F., .F. ) 
 B_SPLINE_CURVE_WITH_KNOTS ( ( 3, 3 ),
 ( 0.000000000000000000, 1.000000000000000000 ),
 .UNSPECIFIED. ) 
 CURVE ( )  GEOMETRIC_REPRESENTATION_ITEM ( )  RATIONAL_B_SPLINE_CURVE ( ( 1.000000000000000000, 1.154700538379128005, 1.000000000000000000 ) ) 
 REPRESENTATION_ITEM ( '' )  );
#494 = ORIENTED_EDGE ( 'NONE', *, *, #472, .F. ) ;
#495 = VECTOR ( 'NONE', #2701, 1000.000000000000000 ) ;
#496 = AXIS2_PLACEMENT_3D ( 'NONE', #5048, #569, #5156 ) ;
#497 = CARTESIAN_POINT ( 'NONE',  ( 9.999999999998724576, -77.40416029259172603, 11.00000000000000000 ) ) ;
#498 = LINE ( 'NONE', #4162, #2653 ) ;
#499 = ORIENTED_EDGE ( 'NONE', *, *, #3320, .T. ) ;
#500 = ADVANCED_FACE ( 'NONE', ( #1190, #2888, #4549 ), #814, .F. ) ;
#501 = AXIS2_PLACEMENT_3D ( 'NONE', #1127, #2800, #4522 ) ;
#502 = AXIS2_PLACEMENT_3D ( 'NONE', #3324, #1131, #1244 ) ;
#503 = CARTESIAN_POINT ( 'NONE',  ( -0.6499999999999931388, 16.10000000000000142, 2.917592839829852490E-16 ) ) ;
#504 = PRODUCT_DEFINITION_SHAPE ( 'NONE', 'NONE',  #5368 ) ;
#505 = ORIENTED_EDGE ( 'NONE', *, *, #4068, .F. ) ;
#506 = STYLED_ITEM ( 'NONE', ( #4761 ), #3202 ) ;
#507 = ORIENTED_EDGE ( 'NONE', *, *, #374, .F. ) ;
#508 = EDGE_CURVE ( 'NONE', #2559, #4361, #5039, .T. ) ;
#509 = VERTEX_POINT ( 'NONE', #3481 ) ;
#510 = SURFACE_SIDE_STYLE ('',( #925 ) ) ;
#511 = DIRECTION ( 'NONE',  ( -0.000000000000000000, -1.000000000000000000, -0.000000000000000000 ) ) ;
#512 = DIRECTION ( 'NONE',  ( 0.000000000000000000, 0.000000000000000000, 1.000000000000000000 ) ) ;
#513 = FACE_OUTER_BOUND ( 'NONE', #2650, .T. ) ;
#514 = DIRECTION ( 'NONE',  ( -0.000000000000000000, -1.000000000000000000, -0.000000000000000000 ) ) ;
#515 = ORIENTED_EDGE ( 'NONE', *, *, #4763, .F. ) ;
#516 = EDGE_CURVE ( 'NONE', #3010, #4128, #2177, .T. ) ;
#517 = CARTESIAN_POINT ( 'NONE',  ( 13.65000000000000568, -11.90100000000000513, 1.300000000000000488 ) ) ;
#518 = CARTESIAN_POINT ( 'NONE',  ( 4.620000000000000107, 0.000000000000000000, 3.642042833101999832 ) ) ;
#519 = LINE ( 'NONE', #4211, #881 ) ;
#520 = FACE_OUTER_BOUND ( 'NONE', #1668, .T. ) ;
#521 = DIRECTION ( 'NONE',  ( 0.000000000000000000, 0.000000000000000000, 1.000000000000000000 ) ) ;
#522 = PRODUCT_DEFINITION_FORMATION_WITH_SPECIFIED_SOURCE ( 'ANY', '', #1473, .NOT_KNOWN. ) ;
#523 = EDGE_CURVE ( 'NONE', #741, #2365, #102, .T. ) ;
#524 = ORIENTED_EDGE ( 'NONE', *, *, #4740, .T. ) ;
#525 = CARTESIAN_POINT ( 'NONE',  ( 11.25000000000000178, -9.900000000000002132, -3.299999999999989608 ) ) ;
#526 = CARTESIAN_POINT ( 'NONE',  ( 7.499999999998722799, -109.4041602925917260, 17.00000000000000000 ) ) ;
#527 = ORIENTED_EDGE ( 'NONE', *, *, #3662, .F. ) ;
#528 = FACE_OUTER_BOUND ( 'NONE', #1743, .T. ) ;
#529 = ORIENTED_EDGE ( 'NONE', *, *, #807, .T. ) ;
#530 = EDGE_LOOP ( 'NONE', ( #944, #3978, #2613, #332, #3133, #3423 ) ) ;
#531 = ORIENTED_EDGE ( 'NONE', *, *, #4149, .F. ) ;
#532 = DIRECTION ( 'NONE',  ( -0.000000000000000000, -1.000000000000000000, -0.000000000000000000 ) ) ;
#533 = LINE ( 'NONE', #1871, #594 ) ;
#534 = DIRECTION ( 'NONE',  ( 0.000000000000000000, 0.000000000000000000, 1.000000000000000000 ) ) ;
#535 = ADVANCED_FACE ( 'NONE', ( #4711 ), #1003, .F. ) ;
#536 = LINE ( 'NONE', #2994, #2721 ) ;
#537 = DIRECTION ( 'NONE',  ( 1.000000000000000000, 0.000000000000000000, 0.000000000000000000 ) ) ;
#538 = LINE ( 'NONE', #483, #2663 ) ;
#539 = ORIENTED_EDGE ( 'NONE', *, *, #3834, .F. ) ;
#540 = ORIENTED_EDGE ( 'NONE', *, *, #4529, .F. ) ;
#541 = FACE_OUTER_BOUND ( 'NONE', #4962, .T. ) ;
#542 = EDGE_CURVE ( 'NONE', #424, #1974, #2235, .T. ) ;
#543 = CARTESIAN_POINT ( 'NONE',  ( 9.750000000000000000, -9.900000000000002132, 1.875000000000000888 ) ) ;
#544 = FACE_OUTER_BOUND ( 'NONE', #2182, .T. ) ;
#545 = APPLICATION_CONTEXT ( 'automotive_design' ) ;
#546 = DIRECTION ( 'NONE',  ( 1.807003620809174878E-16, 1.000000000000000000, -0.000000000000000000 ) ) ;
#547 = ORIENTED_EDGE ( 'NONE', *, *, #980, .T. ) ;
#548 = CARTESIAN_POINT ( 'NONE',  ( -30.00000000000128253, -82.40416029259172603, 23.00000000000000000 ) ) ;
#549 = FACE_OUTER_BOUND ( 'NONE', #5128, .T. ) ;
#550 = ORIENTED_EDGE ( 'NONE', *, *, #2947, .F. ) ;
#551 = CARTESIAN_POINT ( 'NONE',  ( 5.050000000000006040, 18.95000000000000284, -4.336808689942017736E-16 ) ) ;
#552 = ORIENTED_EDGE ( 'NONE', *, *, #2659, .F. ) ;
#553 = EDGE_CURVE ( 'NONE', #2649, #3163, #3867, .T. ) ;
#554 = ORIENTED_EDGE ( 'NONE', *, *, #5114, .F. ) ;
#555 = ORIENTED_EDGE ( 'NONE', *, *, #2609, .F. ) ;
#556 =( NAMED_UNIT ( * ) SI_UNIT ( $, .STERADIAN. ) SOLID_ANGLE_UNIT ( ) );
#557 = CARTESIAN_POINT ( 'NONE',  ( 11.25000000000000178, -9.900000000000002132, -1.874999999999999112 ) ) ;
#558 = CARTESIAN_POINT ( 'NONE',  ( 13.65000000000000568, 5.200000000000002842, -3.851859888774471706E-31 ) ) ;
#559 = DIRECTION ( 'NONE',  ( -1.000000000000000000, 0.000000000000000000, 0.000000000000000000 ) ) ;
#560 = CARTESIAN_POINT ( 'NONE',  ( 2.310000000000000053, -4.001037365484000574, 3.642042833101999832 ) ) ;
#561 = VERTEX_POINT ( 'NONE', #1740 ) ;
#562 = VECTOR ( 'NONE', #204, 1000.000000000000000 ) ;
#563 = ORIENTED_EDGE ( 'NONE', *, *, #4710, .T. ) ;
#564 = EDGE_CURVE ( 'NONE', #2311, #3473, #1670, .T. ) ;
#565 = LINE ( 'NONE', #1052, #2821 ) ;
#566 = CARTESIAN_POINT ( 'NONE',  ( -3.465000000000590497, 2.000518682740981546, -0.3088823940169770355 ) ) ;
#567 = LINE ( 'NONE', #1356, #965 ) ;
#568 = CARTESIAN_POINT ( 'NONE',  ( -47.00000000000127898, -77.40416029259172603, 28.00000000000000000 ) ) ;
#569 = DIRECTION ( 'NONE',  ( -1.000000000000000000, 5.421010862427522786E-17, -0.000000000000000000 ) ) ;
#570 = ADVANCED_FACE ( 'NONE', ( #1374, #1349 ), #898, .T. ) ;
#571 = EDGE_CURVE ( 'NONE', #3163, #1042, #469, .T. ) ;
#572 = FACE_OUTER_BOUND ( 'NONE', #2486, .T. ) ;
#573 = ORIENTED_EDGE ( 'NONE', *, *, #1140, .F. ) ;
#574 = AXIS2_PLACEMENT_3D ( 'NONE', #5271, #1096, #1915 ) ;
#575 = DIRECTION ( 'NONE',  ( 1.457750820148577388E-16, 1.000000000000000000, 0.000000000000000000 ) ) ;
#576 = ORIENTED_EDGE ( 'NONE', *, *, #4289, .F. ) ;
#577 = VECTOR ( 'NONE', #4587, 1000.000000000000000 ) ;
#578 = DIRECTION ( 'NONE',  ( -0.000000000000000000, -1.000000000000000000, -0.000000000000000000 ) ) ;
#579 = CIRCLE ( 'NONE', #2997, 1.300000000000000488 ) ;
#580 = VERTEX_POINT ( 'NONE', #4337 ) ;
#581 = VECTOR ( 'NONE', #2921, 1000.000000000000000 ) ;
#582 = AXIS2_PLACEMENT_3D ( 'NONE', #743, #3303, #2518 ) ;
#583 = EDGE_LOOP ( 'NONE', ( #3619, #3016 ) ) ;
#584 = DIRECTION ( 'NONE',  ( 0.000000000000000000, 0.000000000000000000, 1.000000000000000000 ) ) ;
#585 = VECTOR ( 'NONE', #2024, 1000.000000000000000 ) ;
#586 = DIRECTION ( 'NONE',  ( 0.000000000000000000, 0.000000000000000000, 1.000000000000000000 ) ) ;
#587 = DIRECTION ( 'NONE',  ( 0.000000000000000000, 0.000000000000000000, -1.000000000000000000 ) ) ;
#588 = ORIENTED_EDGE ( 'NONE', *, *, #2057, .F. ) ;
#589 = EDGE_LOOP ( 'NONE', ( #1590, #356, #836, #1611, #2063 ) ) ;
#590 = PLANE ( 'NONE',  #3002 ) ;
#591 = CARTESIAN_POINT ( 'NONE',  ( -13.65000000000001279, -11.90100000000000513, 3.469446951953613794E-15 ) ) ;
#592 = PLANE ( 'NONE',  #3403 ) ;
#593 = CARTESIAN_POINT ( 'NONE',  ( -2.310000000000000053, -4.001037365484000574, 3.642042833101999832 ) ) ;
#594 = VECTOR ( 'NONE', #2619, 1000.000000000000000 ) ;
#595 = FACE_BOUND ( 'NONE', #2036, .T. ) ;
#596 = DIRECTION ( 'NONE',  ( -1.000000000000000000, -0.000000000000000000, -0.000000000000000000 ) ) ;
#597 = AXIS2_PLACEMENT_3D ( 'NONE', #3165, #4829, #1093 ) ;
#598 = ORIENTED_EDGE ( 'NONE', *, *, #606, .T. ) ;
#599 = EDGE_CURVE ( 'NONE', #3394, #1291, #609, .T. ) ;
#600 = DIRECTION ( 'NONE',  ( -0.000000000000000000, 1.000000000000000000, -0.000000000000000000 ) ) ;
#601 = AXIS2_PLACEMENT_3D ( 'NONE', #787, #1568, #2749 ) ;
#602 = ORIENTED_EDGE ( 'NONE', *, *, #2819, .T. ) ;
#603 = DIRECTION ( 'NONE',  ( 0.000000000000000000, 1.000000000000000000, 0.000000000000000000 ) ) ;
#604 = ORIENTED_EDGE ( 'NONE', *, *, #2819, .F. ) ;
#605 = EDGE_CURVE ( 'NONE', #1710, #4563, #536, .T. ) ;
#606 = EDGE_CURVE ( 'NONE', #2666, #3828, #2894, .T. ) ;
#607 = ORIENTED_EDGE ( 'NONE', *, *, #4419, .F. ) ;
#608 = DIRECTION ( 'NONE',  ( 1.000000000000000000, -3.614007241618349264E-16, 0.000000000000000000 ) ) ;
#609 = LINE ( 'NONE', #3024, #4375 ) ;
#610 = DIRECTION ( 'NONE',  ( -1.000000000000000000, 0.000000000000000000, 0.000000000000000000 ) ) ;
#611 = VERTEX_POINT ( 'NONE', #2205 ) ;
#612 = ORIENTED_EDGE ( 'NONE', *, *, #837, .F. ) ;
#613 = DIRECTION ( 'NONE',  ( -1.000000000000000000, -0.000000000000000000, -0.000000000000000000 ) ) ;
#614 = DIRECTION ( 'NONE',  ( 0.000000000000000000, 0.000000000000000000, 1.000000000000000000 ) ) ;
#615 = LINE ( 'NONE', #2160, #4281 ) ;
#616 = CARTESIAN_POINT ( 'NONE',  ( 26.99999999999873879, -84.90416029259176867, 5.000000000000000000 ) ) ;
#617 = CYLINDRICAL_SURFACE ( 'NONE', #3085, 2.799999999999999378 ) ;
#618 = EDGE_CURVE ( 'NONE', #716, #3860, #3380, .T. ) ;
#619 = CARTESIAN_POINT ( 'NONE',  ( -47.00000000000127898, -93.40416029259172603, 28.00000000000000000 ) ) ;
#620 = VERTEX_POINT ( 'NONE', #126 ) ;
#621 = CARTESIAN_POINT ( 'NONE',  ( 0.000000000000000000, -9.900000000000002132, 0.000000000000000000 ) ) ;
#622 = EDGE_LOOP ( 'NONE', ( #1531, #3330 ) ) ;
#623 = EDGE_CURVE ( 'NONE', #342, #4447, #3920, .T. ) ;
#624 = CARTESIAN_POINT ( 'NONE',  ( -47.00000000000128608, -109.4041602925917260, 28.00000000000000000 ) ) ;
#625 = VERTEX_POINT ( 'NONE', #2564 ) ;
#626 = ORIENTED_EDGE ( 'NONE', *, *, #819, .F. ) ;
#627 = CARTESIAN_POINT ( 'NONE',  ( 14.99999999999872280, -102.0491602925917505, 5.000000000000000000 ) ) ;
#628 = ADVANCED_FACE ( 'NONE', ( #4233 ), #2153, .F. ) ;
#629 = DIRECTION ( 'NONE',  ( 0.000000000000000000, 0.000000000000000000, 1.000000000000000000 ) ) ;
#630 = VECTOR ( 'NONE', #4819, 1000.000000000000000 ) ;
#631 = VERTEX_POINT ( 'NONE', #1320 ) ;
#632 = ADVANCED_FACE ( 'NONE', ( #929, #3840 ), #1763, .F. ) ;
#633 = ORIENTED_EDGE ( 'NONE', *, *, #1898, .F. ) ;
#634 = FACE_OUTER_BOUND ( 'NONE', #3638, .T. ) ;
#635 = LINE ( 'NONE', #4768, #4332 ) ;
#636 = APPLICATION_CONTEXT ( 'automotive_design' ) ;
#637 = CARTESIAN_POINT ( 'NONE',  ( 2.310000000000000053, -4.001037365484000574, 3.642042833101999832 ) ) ;
#638 = CARTESIAN_POINT ( 'NONE',  ( 3.465000000000584723, -2.000518682740997090, -0.3088823940169724280 ) ) ;
#639 = VECTOR ( 'NONE', #3037, 1000.000000000000114 ) ;
#640 = FACE_OUTER_BOUND ( 'NONE', #2903, .T. ) ;
#641 = DIRECTION ( 'NONE',  ( 1.000000000000000000, -4.336808689942017736E-16, 0.000000000000000000 ) ) ;
#642 = ORIENTED_EDGE ( 'NONE', *, *, #4513, .T. ) ;
#643 = CARTESIAN_POINT ( 'NONE',  ( -52.13860907380761489, 27.24061411144801781, -17.19296830937430443 ) ) ;
#644 = ORIENTED_EDGE ( 'NONE', *, *, #180, .T. ) ;
#645 = CARTESIAN_POINT ( 'NONE',  ( -43.85613382467781207, 36.00000000000000000, -5.233710188513652994 ) ) ;
#646 = EDGE_LOOP ( 'NONE', ( #1050, #752, #602, #5220, #1599, #3732, #2220, #2281, #1649, #2746, #19, #5116 ) ) ;
#647 = VECTOR ( 'NONE', #248, 1000.000000000000000 ) ;
#648 = CARTESIAN_POINT ( 'NONE',  ( 0.000000000000000000, -11.10000000000000142, 6.200000000000000178 ) ) ;
#649 = EDGE_CURVE ( 'NONE', #2559, #2013, #3415, .T. ) ;
#650 = EDGE_LOOP ( 'NONE', ( #4799, #2193, #4672, #1193, #5009, #2249, #607, #5306 ) ) ;
#651 = AXIS2_PLACEMENT_3D ( 'NONE', #1870, #3218, #3634 ) ;
#652 = AXIS2_PLACEMENT_3D ( 'NONE', #797, #5352, #1222 ) ;
#653 = DIRECTION ( 'NONE',  ( 0.000000000000000000, 0.000000000000000000, 1.000000000000000000 ) ) ;
#654 = DIRECTION ( 'NONE',  ( 0.000000000000000000, 0.000000000000000000, -1.000000000000000000 ) ) ;
#655 = VECTOR ( 'NONE', #613, 1000.000000000000000 ) ;
#656 = VECTOR ( 'NONE', #1005, 1000.000000000000000 ) ;
#657 = ADVANCED_FACE ( 'NONE', ( #1538 ), #4786, .F. ) ;
#658 = EDGE_LOOP ( 'NONE', ( #4570, #713 ) ) ;
#659 = EDGE_LOOP ( 'NONE', ( #3305, #3855, #2989, #60 ) ) ;
#660 = FACE_OUTER_BOUND ( 'NONE', #4758, .T. ) ;
#661 = CIRCLE ( 'NONE', #5265, 6.200000000000001066 ) ;
#662 = DIRECTION ( 'NONE',  ( -0.000000000000000000, -1.000000000000000000, -0.000000000000000000 ) ) ;
#663 = DIRECTION ( 'NONE',  ( 0.000000000000000000, 0.000000000000000000, 1.000000000000000000 ) ) ;
#664 = FACE_OUTER_BOUND ( 'NONE', #893, .T. ) ;
#665 = ADVANCED_FACE ( 'NONE', ( #5172 ), #2392, .F. ) ;
#666 = DIRECTION ( 'NONE',  ( 1.000000000000000000, -0.000000000000000000, -0.000000000000000000 ) ) ;
#667 = PRODUCT_DEFINITION_SHAPE ( 'NONE', 'NONE',  #5366 ) ;
#668 = DIRECTION ( 'NONE',  ( -0.000000000000000000, -0.000000000000000000, -1.000000000000000000 ) ) ;
#669 = EDGE_LOOP ( 'NONE', ( #4622, #3713, #3555, #3659 ) ) ;
#670 = CARTESIAN_POINT ( 'NONE',  ( -53.17632186470976308, 27.06568630630773953, -17.74913615618364915 ) ) ;
#671 = ORIENTED_EDGE ( 'NONE', *, *, #2188, .T. ) ;
#672 = EDGE_CURVE ( 'NONE', #1125, #2798, #2362, .T. ) ;
#673 = VECTOR ( 'NONE', #4279, 1000.000000000000000 ) ;
#674 = DIRECTION ( 'NONE',  ( -0.000000000000000000, -0.000000000000000000, 1.000000000000000000 ) ) ;
#675 = ORIENTED_EDGE ( 'NONE', *, *, #3822, .T. ) ;
#676 = VECTOR ( 'NONE', #1618, 1000.000000000000000 ) ;
#677 = LINE ( 'NONE', #648, #2562 ) ;
#678 = EDGE_LOOP ( 'NONE', ( #4494, #1104, #3278, #2601 ) ) ;
#679 = ADVANCED_FACE ( 'NONE', ( #1074 ), #1397, .F. ) ;
#680 = CARTESIAN_POINT ( 'NONE',  ( -55.44219247460093669, 27.21018027439222564, -13.16660906755896754 ) ) ;
#681 = CIRCLE ( 'NONE', #2599, 2.500000000000000000 ) ;
#682 = DIRECTION ( 'NONE',  ( 0.000000000000000000, 0.000000000000000000, -1.000000000000000000 ) ) ;
#683 = VERTEX_POINT ( 'NONE', #4462 ) ;
#684 = VERTEX_POINT ( 'NONE', #2770 ) ;
#685 = DIRECTION ( 'NONE',  ( 0.000000000000000000, 0.000000000000000000, -1.000000000000000000 ) ) ;
#686 = CARTESIAN_POINT ( 'NONE',  ( -63.85613382467780497, 0.000000000000000000, 0.7662898114863467836 ) ) ;
#687 = EDGE_CURVE ( 'NONE', #2867, #3158, #1511, .T. ) ;
#688 = CARTESIAN_POINT ( 'NONE',  ( -68.85613382467781207, 10.99999999999999645, -25.23371018851364767 ) ) ;
#689 = LINE ( 'NONE', #3181, #4103 ) ;
#690 = DIRECTION ( 'NONE',  ( 0.000000000000000000, 0.000000000000000000, 1.000000000000000000 ) ) ;
#691 = DIRECTION ( 'NONE',  ( 1.757105317124067718E-16, 0.000000000000000000, 1.000000000000000000 ) ) ;
#692 = EDGE_CURVE ( 'NONE', #1474, #1895, #1674, .T. ) ;
#693 = ORIENTED_EDGE ( 'NONE', *, *, #860, .T. ) ;
#694 = DIRECTION ( 'NONE',  ( 0.000000000000000000, 0.000000000000000000, 1.000000000000000000 ) ) ;
#695 = ORIENTED_EDGE ( 'NONE', *, *, #5232, .F. ) ;
#696 = EDGE_CURVE ( 'NONE', #138, #5159, #2722, .T. ) ;
#697 = CARTESIAN_POINT ( 'NONE',  ( 8.350000000000006750, -11.90000000000000213, -6.200000000000000178 ) ) ;
#698 = ORIENTED_EDGE ( 'NONE', *, *, #148, .F. ) ;
#699 = DIRECTION ( 'NONE',  ( -0.000000000000000000, 1.000000000000000000, -0.000000000000000000 ) ) ;
#700 = ORIENTED_EDGE ( 'NONE', *, *, #672, .T. ) ;
#701 = CYLINDRICAL_SURFACE ( 'NONE', #3365, 2.500000000000000000 ) ;
#702 = FACE_OUTER_BOUND ( 'NONE', #1675, .T. ) ;
#703 = CARTESIAN_POINT ( 'NONE',  ( 13.65000000000000568, -11.90100000000000513, -3.851859888774471706E-31 ) ) ;
#704 = VERTEX_POINT ( 'NONE', #5202 ) ;
#705 = ORIENTED_EDGE ( 'NONE', *, *, #173, .F. ) ;
#706 = CARTESIAN_POINT ( 'NONE',  ( -43.85613382467781207, 0.000000000000000000, 0.7662898114863467836 ) ) ;
#707 = DIRECTION ( 'NONE',  ( 0.000000000000000000, -0.000000000000000000, -1.000000000000000000 ) ) ;
#708 = CARTESIAN_POINT ( 'NONE',  ( 0.000000000000000000, 0.000000000000000000, 4.000000000000000000 ) ) ;
#709 = DIRECTION ( 'NONE',  ( 0.000000000000000000, 0.000000000000000000, -1.000000000000000000 ) ) ;
#710 = ORIENTED_EDGE ( 'NONE', *, *, #1399, .T. ) ;
#711 = VECTOR ( 'NONE', #3797, 1000.000000000000000 ) ;
#712 = FACE_OUTER_BOUND ( 'NONE', #1006, .T. ) ;
#713 = ORIENTED_EDGE ( 'NONE', *, *, #206, .T. ) ;
#714 = DIRECTION ( 'NONE',  ( 3.083952846180990281E-16, 1.000000000000000000, -0.000000000000000000 ) ) ;
#715 = EDGE_CURVE ( 'NONE', #4563, #5314, #2698, .T. ) ;
#716 = VERTEX_POINT ( 'NONE', #1922 ) ;
#717 = AXIS2_PLACEMENT_3D ( 'NONE', #1595, #3227, #4435 ) ;
#718 = DIRECTION ( 'NONE',  ( 0.000000000000000000, 1.000000000000000000, 0.000000000000000000 ) ) ;
#719 = CARTESIAN_POINT ( 'NONE',  ( -13.65000000000001279, -11.90100000000000513, -1.299999999999997158 ) ) ;
#720 = VERTEX_POINT ( 'NONE', #1899 ) ;
#721 = LINE ( 'NONE', #4407, #3157 ) ;
#722 = EDGE_CURVE ( 'NONE', #4361, #1301, #1123, .T. ) ;
#723 = ORIENTED_EDGE ( 'NONE', *, *, #406, .F. ) ;
#724 = CARTESIAN_POINT ( 'NONE',  ( -55.57455113733374930, 27.24081846713415800, -17.19225574146362234 ) ) ;
#725 = CARTESIAN_POINT ( 'NONE',  ( -53.85613382467781207, 25.99999999999999645, -15.23371018851364944 ) ) ;
#726 = DIRECTION ( 'NONE',  ( 0.000000000000000000, 0.000000000000000000, -1.000000000000000000 ) ) ;
#727 = VECTOR ( 'NONE', #1014, 1000.000000000000000 ) ;
#728 = VECTOR ( 'NONE', #859, 1000.000000000000000 ) ;
#729 = ORIENTED_EDGE ( 'NONE', *, *, #274, .T. ) ;
#730 = ORIENTED_EDGE ( 'NONE', *, *, #2253, .F. ) ;
#731 = CARTESIAN_POINT ( 'NONE',  ( 0.000000000000000000, 0.000000000000000000, 4.000000000000000000 ) ) ;
#732 = DIRECTION ( 'NONE',  ( 0.000000000000000000, 0.000000000000000000, 1.000000000000000000 ) ) ;
#733 = VECTOR ( 'NONE', #1691, 1000.000000000000000 ) ;
#734 = CIRCLE ( 'NONE', #4310, 2.500000000000002220 ) ;
#735 = CARTESIAN_POINT ( 'NONE',  ( -0.4842105263157831518, 11.90000000000000391, -2.795087449511290956 ) ) ;
#736 = CARTESIAN_POINT ( 'NONE',  ( -4.620000000000000107, -7.799999999999999581E-14, 0.3579571668980000010 ) ) ;
#737 = DIRECTION ( 'NONE',  ( -1.541976423090495387E-16, 1.000000000000000000, 0.000000000000000000 ) ) ;
#738 = ORIENTED_EDGE ( 'NONE', *, *, #3454, .F. ) ;
#739 = AXIS2_PLACEMENT_3D ( 'NONE', #4094, #5349, #825 ) ;
#740 = DIRECTION ( 'NONE',  ( 0.000000000000000000, 0.000000000000000000, -1.000000000000000000 ) ) ;
#741 = VERTEX_POINT ( 'NONE', #3101 ) ;
#742 = VECTOR ( 'NONE', #2896, 1000.000000000000000 ) ;
#743 = CARTESIAN_POINT ( 'NONE',  ( 7.499999999998722799, -109.4041602925917260, 17.00000000000000000 ) ) ;
#744 = DIRECTION ( 'NONE',  ( -0.000000000000000000, -1.000000000000000000, -0.000000000000000000 ) ) ;
#745 = ORIENTED_EDGE ( 'NONE', *, *, #1077, .F. ) ;
#746 = PLANE ( 'NONE',  #5345 ) ;
#747 = EDGE_CURVE ( 'NONE', #4185, #4437, #4764, .T. ) ;
#748 = ORIENTED_EDGE ( 'NONE', *, *, #4181, .F. ) ;
#749 = CARTESIAN_POINT ( 'NONE',  ( -14.81592238163611519, -11.90100000000000513, 0.5750000000000032863 ) ) ;
#750 = AXIS2_PLACEMENT_3D ( 'NONE', #1866, #4175, #3353 ) ;
#751 = VECTOR ( 'NONE', #4540, 1000.000000000000000 ) ;
#752 = ORIENTED_EDGE ( 'NONE', *, *, #542, .T. ) ;
#753 = ADVANCED_FACE ( 'NONE', ( #3174 ), #1842, .F. ) ;
#754 = DIRECTION ( 'NONE',  ( 0.000000000000000000, -0.000000000000000000, 1.000000000000000000 ) ) ;
#755 =( LENGTH_UNIT ( ) NAMED_UNIT ( * ) SI_UNIT ( .MILLI., .METRE. ) );
#756 = EDGE_CURVE ( 'NONE', #874, #3541, #233, .T. ) ;
#757 = LINE ( 'NONE', #2855, #3236 ) ;
#758 = VECTOR ( 'NONE', #3335, 1000.000000000000000 ) ;
#759 = DIRECTION ( 'NONE',  ( 0.000000000000000000, 0.000000000000000000, -1.000000000000000000 ) ) ;
#760 = ORIENTED_EDGE ( 'NONE', *, *, #457, .T. ) ;
#761 = VERTEX_POINT ( 'NONE', #3999 ) ;
#762 = CIRCLE ( 'NONE', #1719, 2.600000000000001421 ) ;
#763 = DIRECTION ( 'NONE',  ( 0.000000000000000000, 0.000000000000000000, 1.000000000000000000 ) ) ;
#764 = CARTESIAN_POINT ( 'NONE',  ( -38.85613382467781207, 6.000000000000000000, -23.73371018851364411 ) ) ;
#765 = DIRECTION ( 'NONE',  ( -0.000000000000000000, -0.000000000000000000, -1.000000000000000000 ) ) ;
#766 = LINE ( 'NONE', #4498, #470 ) ;
#767 = CARTESIAN_POINT ( 'NONE',  ( 22.48999999999873012, -93.40416029259172603, 25.00000000000000000 ) ) ;
#768 = CARTESIAN_POINT ( 'NONE',  ( -20.50000000000127187, -109.4041602925917260, 17.00000000000000000 ) ) ;
#769 = ORIENTED_EDGE ( 'NONE', *, *, #3213, .F. ) ;
#770 = ADVANCED_FACE ( 'NONE', ( #1483 ), #803, .T. ) ;
#771 = CARTESIAN_POINT ( 'NONE',  ( 11.25000000000000178, 11.90000000000000568, 6.200000000000000178 ) ) ;
#772 = DIRECTION ( 'NONE',  ( -0.000000000000000000, -0.000000000000000000, -1.000000000000000000 ) ) ;
#773 = VERTEX_POINT ( 'NONE', #2318 ) ;
#774 = LINE ( 'NONE', #4534, #1518 ) ;
#775 = CARTESIAN_POINT ( 'NONE',  ( 1.578293051807123750E-12, 4.001037365484004127, 4.308882394016733564 ) ) ;
#776 = ORIENTED_EDGE ( 'NONE', *, *, #2248, .T. ) ;
#777 = CARTESIAN_POINT ( 'NONE',  ( -43.85613382467781207, 6.000000000000000000, -1.733710188513654105 ) ) ;
#778 = ORIENTED_EDGE ( 'NONE', *, *, #3917, .F. ) ;
#779 = ADVANCED_FACE ( 'NONE', ( #2744 ), #3329, .F. ) ;
#780 = CARTESIAN_POINT ( 'NONE',  ( -38.85613382467781207, 28.99999999999999645, 0.7662898114863467836 ) ) ;
#781 = CARTESIAN_POINT ( 'NONE',  ( -38.85613382467781207, 6.000000000000000000, -23.73371018851364411 ) ) ;
#782 = ORIENTED_EDGE ( 'NONE', *, *, #1689, .T. ) ;
#783 = ADVANCED_FACE ( 'NONE', ( #340 ), #114, .F. ) ;
#784 = ORIENTED_EDGE ( 'NONE', *, *, #4521, .T. ) ;
#785 = DIRECTION ( 'NONE',  ( -0.000000000000000000, -0.000000000000000000, -1.000000000000000000 ) ) ;
#786 = DIRECTION ( 'NONE',  ( 0.000000000000000000, 1.000000000000000000, -0.000000000000000000 ) ) ;
#787 = CARTESIAN_POINT ( 'NONE',  ( -16.05000000000000071, 0.000000000000000000, 6.200000000000000178 ) ) ;
#788 = CYLINDRICAL_SURFACE ( 'NONE', #2282, 1.300000000000000488 ) ;
#789 = DIRECTION ( 'NONE',  ( -1.000000000000000000, 5.421010862427522786E-17, -0.000000000000000000 ) ) ;
#790 = CARTESIAN_POINT ( 'NONE',  ( 16.05000000000000071, 5.200000000000002842, -0.5749999999999982903 ) ) ;
#791 = EDGE_LOOP ( 'NONE', ( #2035, #5307, #695, #3656 ) ) ;
#792 = VECTOR ( 'NONE', #4318, 1000.000000000000000 ) ;
#793 = DIRECTION ( 'NONE',  ( 0.000000000000000000, 0.000000000000000000, 1.000000000000000000 ) ) ;
#794 = ORIENTED_EDGE ( 'NONE', *, *, #2416, .T. ) ;
#795 = LINE ( 'NONE', #4554, #3608 ) ;
#796 = AXIS2_PLACEMENT_3D ( 'NONE', #4344, #1490, #3957 ) ;
#797 = CARTESIAN_POINT ( 'NONE',  ( -20.50000000000127187, -104.4041602925917260, 17.00000000000000000 ) ) ;
#798 = ORIENTED_EDGE ( 'NONE', *, *, #2147, .F. ) ;
#799 = DIRECTION ( 'NONE',  ( -0.000000000000000000, -0.000000000000000000, -1.000000000000000000 ) ) ;
#800 = DIRECTION ( 'NONE',  ( -1.000000000000000000, 0.000000000000000000, 0.000000000000000000 ) ) ;
#801 = EDGE_LOOP ( 'NONE', ( #249, #4726, #555, #1559, #3375, #723, #368, #4966, #2714, #1979 ) ) ;
#802 = DIRECTION ( 'NONE',  ( 0.000000000000000000, 0.000000000000000000, 1.000000000000000000 ) ) ;
#803 = CONICAL_SURFACE ( 'NONE', #4633, 4.000000000000000000, 1.047197551196999754 ) ;
#804 = ORIENTED_EDGE ( 'NONE', *, *, #2782, .T. ) ;
#805 = LINE ( 'NONE', #1288, #1623 ) ;
#806 = CARTESIAN_POINT ( 'NONE',  ( -68.85613382467781207, 19.99999999999999645, -15.23371018851364944 ) ) ;
#807 = EDGE_CURVE ( 'NONE', #4832, #625, #5305, .T. ) ;
#808 = ORIENTED_EDGE ( 'NONE', *, *, #2667, .F. ) ;
#809 = ORIENTED_EDGE ( 'NONE', *, *, #819, .T. ) ;
#810 = DIRECTION ( 'NONE',  ( 0.000000000000000000, -1.000000000000000000, 0.000000000000000000 ) ) ;
#811 = FACE_OUTER_BOUND ( 'NONE', #3471, .T. ) ;
#812 =( NAMED_UNIT ( * ) PLANE_ANGLE_UNIT ( ) SI_UNIT ( $, .RADIAN. ) );
#813 = EDGE_CURVE ( 'NONE', #4567, #4362, #63, .T. ) ;
#814 = PLANE ( 'NONE',  #2361 ) ;
#815 = CIRCLE ( 'NONE', #3775, 2.500000000000000888 ) ;
#816 = PLANE ( 'NONE',  #4878 ) ;
#817 = PLANE ( 'NONE',  #1426 ) ;
#818 = EDGE_LOOP ( 'NONE', ( #3118, #2051, #3177, #1362 ) ) ;
#819 = EDGE_CURVE ( 'NONE', #4936, #3776, #5327, .T. ) ;
#820 = AXIS2_PLACEMENT_3D ( 'NONE', #2975, #3930, #4694 ) ;
#821 = DIRECTION ( 'NONE',  ( -1.000000000000000000, 0.000000000000000000, -0.000000000000000000 ) ) ;
#822 = VECTOR ( 'NONE', #2548, 1000.000000000000000 ) ;
#823 = EDGE_CURVE ( 'NONE', #3040, #2586, #4924, .T. ) ;
#824 = CARTESIAN_POINT ( 'NONE',  ( 0.000000000000000000, -11.10000000000000142, 0.000000000000000000 ) ) ;
#825 = DIRECTION ( 'NONE',  ( 0.000000000000000000, -0.000000000000000000, -1.000000000000000000 ) ) ;
#826 = AXIS2_PLACEMENT_3D ( 'NONE', #3358, #1662, #432 ) ;
#827 = CIRCLE ( 'NONE', #996, 1.300000000000000711 ) ;
#828 = CARTESIAN_POINT ( 'NONE',  ( -0.4842105263157831518, 16.10000000000000142, -2.795087449511290956 ) ) ;
#829 = ORIENTED_EDGE ( 'NONE', *, *, #3057, .F. ) ;
#830 = FACE_OUTER_BOUND ( 'NONE', #119, .T. ) ;
#831 = DIRECTION ( 'NONE',  ( 1.000000000000000000, 0.000000000000000000, -0.000000000000000000 ) ) ;
#832 = EDGE_LOOP ( 'NONE', ( #1471, #2670, #1624, #3603, #341, #1163, #1934, #1126, #2763, #4330 ) ) ;
#833 = DIRECTION ( 'NONE',  ( 0.000000000000000000, 1.000000000000000000, 0.000000000000000000 ) ) ;
#834 = ORIENTED_EDGE ( 'NONE', *, *, #2323, .T. ) ;
#835 = FACE_BOUND ( 'NONE', #3835, .T. ) ;
#836 = ORIENTED_EDGE ( 'NONE', *, *, #2922, .T. ) ;
#837 = EDGE_CURVE ( 'NONE', #1186, #3653, #3228, .T. ) ;
#838 = ORIENTED_EDGE ( 'NONE', *, *, #344, .F. ) ;
#839 = VERTEX_POINT ( 'NONE', #525 ) ;
#840 = CARTESIAN_POINT ( 'NONE',  ( 14.99999999999872280, -109.4041602925917260, 0.000000000000000000 ) ) ;
#841 = CARTESIAN_POINT ( 'NONE',  ( 2.310000000000000053, 4.001037365484000574, 0.000000000000000000 ) ) ;
#842 = CARTESIAN_POINT ( 'NONE',  ( -4.119968255444915272E-15, 7.599999999999995204, 6.200000000000000178 ) ) ;
#843 = CARTESIAN_POINT ( 'NONE',  ( 26.99999999999872813, -104.4041602925917545, 5.000000000000000000 ) ) ;
#844 = VECTOR ( 'NONE', #302, 1000.000000000000000 ) ;
#845 = DIRECTION ( 'NONE',  ( 0.000000000000000000, 0.000000000000000000, 1.000000000000000000 ) ) ;
#846 = ORIENTED_EDGE ( 'NONE', *, *, #5087, .T. ) ;
#847 = EDGE_CURVE ( 'NONE', #5061, #2559, #1564, .T. ) ;
#848 = DIRECTION ( 'NONE',  ( -1.000000000000000000, 4.336808689942018229E-16, -0.000000000000000000 ) ) ;
#849 = CARTESIAN_POINT ( 'NONE',  ( -16.05000000000000071, 5.199999999999999289, 6.200000000000000178 ) ) ;
#850 = DIRECTION ( 'NONE',  ( -1.000000000000000000, -5.421010862427524142E-16, 0.000000000000000000 ) ) ;
#851 = CARTESIAN_POINT ( 'NONE',  ( 16.05000000000000071, 5.200000000000002842, 6.200000000000000178 ) ) ;
#852 = VERTEX_POINT ( 'NONE', #1308 ) ;
#853 = EDGE_CURVE ( 'NONE', #1113, #5357, #4613, .T. ) ;
#854 = EDGE_CURVE ( 'NONE', #1830, #2466, #5028, .T. ) ;
#855 = DIRECTION ( 'NONE',  ( -0.000000000000000000, -0.000000000000000000, 1.000000000000000000 ) ) ;
#856 = LINE ( 'NONE', #2873, #4841 ) ;
#857 = ORIENTED_EDGE ( 'NONE', *, *, #1281, .T. ) ;
#858 = DIRECTION ( 'NONE',  ( -0.000000000000000000, -1.000000000000000000, -0.000000000000000000 ) ) ;
#859 = DIRECTION ( 'NONE',  ( -1.084202172485504434E-16, -1.000000000000000000, 0.000000000000000000 ) ) ;
#860 = EDGE_CURVE ( 'NONE', #5325, #3292, #91, .T. ) ;
#861 = ORIENTED_EDGE ( 'NONE', *, *, #1493, .T. ) ;
#862 = CARTESIAN_POINT ( 'NONE',  ( 0.000000000000000000, -11.10000000000000142, 0.000000000000000000 ) ) ;
#863 = ORIENTED_EDGE ( 'NONE', *, *, #1735, .F. ) ;
#864 = ORIENTED_EDGE ( 'NONE', *, *, #5019, .T. ) ;
#865 = ORIENTED_EDGE ( 'NONE', *, *, #4916, .F. ) ;
#866 = DIRECTION ( 'NONE',  ( 0.000000000000000000, 1.000000000000000000, 0.000000000000000000 ) ) ;
#867 = LINE ( 'NONE', #2151, #3090 ) ;
#868 = CYLINDRICAL_SURFACE ( 'NONE', #5025, 2.600000000000003197 ) ;
#869 = DIRECTION ( 'NONE',  ( 0.000000000000000000, 0.000000000000000000, 1.000000000000000000 ) ) ;
#870 = CARTESIAN_POINT ( 'NONE',  ( -2.310000000000000053, -4.001037365484000574, 3.642042833101999832 ) ) ;
#871 = CARTESIAN_POINT ( 'NONE',  ( -18.00000000000127187, -104.4041602925917260, 23.00000000000000000 ) ) ;
#872 = VERTEX_POINT ( 'NONE', #466 ) ;
#873 = DIRECTION ( 'NONE',  ( 0.000000000000000000, 0.000000000000000000, -1.000000000000000000 ) ) ;
#874 = VERTEX_POINT ( 'NONE', #913 ) ;
#875 = CARTESIAN_POINT ( 'NONE',  ( 11.25000000000000178, 5.200000000000000178, -6.200000000000000178 ) ) ;
#876 = CARTESIAN_POINT ( 'NONE',  ( -30.00000000000128253, -104.4041602925917260, 11.00000000000000000 ) ) ;
#877 = CLOSED_SHELL ( 'NONE', ( #5188, #4351, #3717, #1965, #5044, #1507, #3170, #3420, #3845, #2052, #1887, #2520, #632, #5186, #3390, #1092, #5243, #1018, #1576, #4848, #3727, #3618, #3562, #1409, #1545, #4296, #3290, #2391, #336, #3679, #4082, #1748, #3182, #5344, #3733, #2377, #2298, #657, #4451, #5012, #2259, #3551, #3035, #783, #1156, #200 ) ) ;
#878 = CARTESIAN_POINT ( 'NONE',  ( -43.85613382467781207, 0.000000000000000000, -31.23371018851364767 ) ) ;
#879 = DIRECTION ( 'NONE',  ( 1.000000000000000000, -0.000000000000000000, -0.000000000000000000 ) ) ;
#880 = ORIENTED_EDGE ( 'NONE', *, *, #2868, .T. ) ;
#881 = VECTOR ( 'NONE', #2973, 1000.000000000000000 ) ;
#882 = DIRECTION ( 'NONE',  ( 1.000000000000000000, -0.000000000000000000, -0.000000000000000000 ) ) ;
#883 = EDGE_CURVE ( 'NONE', #1961, #2267, #2366, .T. ) ;
#884 = CARTESIAN_POINT ( 'NONE',  ( -38.85613382467781207, 6.000000000000000000, -4.233710188513654771 ) ) ;
#885 = ORIENTED_EDGE ( 'NONE', *, *, #3014, .T. ) ;
#886 = VECTOR ( 'NONE', #3129, 1000.000000000000000 ) ;
#887 = EDGE_CURVE ( 'NONE', #509, #4458, #4982, .T. ) ;
#888 = CARTESIAN_POINT ( 'NONE',  ( 0.000000000000000000, 50.00000000000000000, -2.500000000000000000 ) ) ;
#889 = ORIENTED_EDGE ( 'NONE', *, *, #18, .T. ) ;
#890 = EDGE_CURVE ( 'NONE', #3806, #1186, #1752, .T. ) ;
#891 = UNCERTAINTY_MEASURE_WITH_UNIT (LENGTH_MEASURE( 1.000000000000000082E-05 ), #3071, 'distance_accuracy_value', 'NONE');
#892 = EDGE_LOOP ( 'NONE', ( #2429, #297 ) ) ;
#893 = EDGE_LOOP ( 'NONE', ( #389, #5212, #1236, #3456 ) ) ;
#894 = FACE_OUTER_BOUND ( 'NONE', #4953, .T. ) ;
#895 = AXIS2_PLACEMENT_3D ( 'NONE', #725, #4951, #4054 ) ;
#896 = FACE_OUTER_BOUND ( 'NONE', #468, .T. ) ;
#897 = DIRECTION ( 'NONE',  ( 0.000000000000000000, 0.000000000000000000, -1.000000000000000000 ) ) ;
#898 = PLANE ( 'NONE',  #2794 ) ;
#899 = PRODUCT_RELATED_PRODUCT_CATEGORY ( 'part', '', ( #4662 ) ) ;
#900 = LINE ( 'NONE', #2567, #1855 ) ;
#901 = CARTESIAN_POINT ( 'NONE',  ( -43.85613382467781207, 6.000000000000000000, -28.73371018851364767 ) ) ;
#902 = ORIENTED_EDGE ( 'NONE', *, *, #1281, .F. ) ;
#903 = EDGE_CURVE ( 'NONE', #2871, #3149, #301, .T. ) ;
#904 = DIRECTION ( 'NONE',  ( 0.000000000000000000, 1.000000000000000000, 0.000000000000000000 ) ) ;
#905 = CIRCLE ( 'NONE', #2472, 4.000000000000000000 ) ;
#906 = ORIENTED_EDGE ( 'NONE', *, *, #2717, .T. ) ;
#907 = DIRECTION ( 'NONE',  ( 0.000000000000000000, 0.000000000000000000, 1.000000000000000000 ) ) ;
#908 = DIRECTION ( 'NONE',  ( 0.000000000000000000, 0.000000000000000000, 1.000000000000000000 ) ) ;
#909 = APPLICATION_CONTEXT ( 'automotive_design' ) ;
#910 = FACE_OUTER_BOUND ( 'NONE', #4739, .T. ) ;
#911 = EDGE_LOOP ( 'NONE', ( #3811, #729, #5126, #834 ) ) ;
#912 = CIRCLE ( 'NONE', #3875, 0.9000000000000014655 ) ;
#913 = CARTESIAN_POINT ( 'NONE',  ( -53.85613382467781207, 27.03491293478461799, -12.63371018851364624 ) ) ;
#914 = DIRECTION ( 'NONE',  ( 0.000000000000000000, 0.000000000000000000, -1.000000000000000000 ) ) ;
#915 = EDGE_LOOP ( 'NONE', ( #2190, #2909, #4778, #129 ) ) ;
#916 = VECTOR ( 'NONE', #2367, 1000.000000000000000 ) ;
#917 = VECTOR ( 'NONE', #4198, 1000.000000000000000 ) ;
#918 = ADVANCED_FACE ( 'NONE', ( #1150 ), #1184, .T. ) ;
#919 = DIRECTION ( 'NONE',  ( 0.000000000000000000, -0.000000000000000000, 1.000000000000000000 ) ) ;
#920 = ORIENTED_EDGE ( 'NONE', *, *, #1898, .T. ) ;
#921 = AXIS2_PLACEMENT_3D ( 'NONE', #619, #641, #3522 ) ;
#922 = ORIENTED_EDGE ( 'NONE', *, *, #4580, .F. ) ;
#923 = EDGE_CURVE ( 'NONE', #4007, #2521, #1284, .T. ) ;
#924 = ORIENTED_EDGE ( 'NONE', *, *, #1940, .T. ) ;
#925 = SURFACE_STYLE_FILL_AREA ( #202 ) ;
#926 = EDGE_CURVE ( 'NONE', #2466, #2144, #4186, .T. ) ;
#927 = CARTESIAN_POINT ( 'NONE',  ( 8.350000000000003197, -11.90000000000000746, 4.501219330881976788 ) ) ;
#928 = DIRECTION ( 'NONE',  ( -1.000000000000000000, 0.000000000000000000, 1.757105317124067718E-16 ) ) ;
#929 = FACE_BOUND ( 'NONE', #1143, .T. ) ;
#930 = DIRECTION ( 'NONE',  ( 0.000000000000000000, 1.000000000000000000, 0.000000000000000000 ) ) ;
#931 = PLANE ( 'NONE',  #3526 ) ;
#932 = EDGE_LOOP ( 'NONE', ( #446, #1195, #1783, #3407 ) ) ;
#933 = VECTOR ( 'NONE', #4762, 1000.000000000000000 ) ;
#934 = CARTESIAN_POINT ( 'NONE',  ( -3.758567531283077042E-15, 5.199999999999992184, -6.200000000000000178 ) ) ;
#935 = LINE ( 'NONE', #2604, #4969 ) ;
#936 = AXIS2_PLACEMENT_3D ( 'NONE', #4060, #4029, #3233 ) ;
#937 = DIRECTION ( 'NONE',  ( 0.000000000000000000, 0.000000000000000000, 1.000000000000000000 ) ) ;
#938 = DIRECTION ( 'NONE',  ( -0.000000000000000000, -0.000000000000000000, -1.000000000000000000 ) ) ;
#939 = VECTOR ( 'NONE', #5254, 1000.000000000000000 ) ;
#940 = EDGE_CURVE ( 'NONE', #1629, #3541, #3231, .T. ) ;
#941 = VERTEX_POINT ( 'NONE', #2107 ) ;
#942 = DIRECTION ( 'NONE',  ( 0.000000000000000000, 0.000000000000000000, 1.000000000000000000 ) ) ;
#943 = DIRECTION ( 'NONE',  ( -1.000000000000000000, 0.000000000000000000, 0.000000000000000000 ) ) ;
#944 = ORIENTED_EDGE ( 'NONE', *, *, #221, .T. ) ;
#945 = FACE_OUTER_BOUND ( 'NONE', #3738, .T. ) ;
#946 = EDGE_LOOP ( 'NONE', ( #2716, #4603 ) ) ;
#947 = ADVANCED_FACE ( 'NONE', ( #2956 ), #2191, .F. ) ;
#948 = ORIENTED_EDGE ( 'NONE', *, *, #4013, .F. ) ;
#949 = ORIENTED_EDGE ( 'NONE', *, *, #4608, .T. ) ;
#950 = FACE_OUTER_BOUND ( 'NONE', #2026, .T. ) ;
#951 = CARTESIAN_POINT ( 'NONE',  ( 8.350000000000004974, -9.900000000000002132, 6.200000000000000178 ) ) ;
#952 = DIRECTION ( 'NONE',  ( 0.000000000000000000, -1.000000000000000000, 0.000000000000000000 ) ) ;
#953 = EDGE_CURVE ( 'NONE', #1789, #3909, #1363, .T. ) ;
#954 = EDGE_CURVE ( 'NONE', #3725, #4027, #964, .T. ) ;
#955 = CARTESIAN_POINT ( 'NONE',  ( 4.999999999998722799, -82.40416029259172603, 11.00000000000000000 ) ) ;
#956 = EDGE_LOOP ( 'NONE', ( #2422, #5283, #4142, #260 ) ) ;
#957 = EDGE_LOOP ( 'NONE', ( #476, #2850, #1023, #5224 ) ) ;
#958 = DIRECTION ( 'NONE',  ( 0.000000000000000000, 0.000000000000000000, 1.000000000000000000 ) ) ;
#959 = CARTESIAN_POINT ( 'NONE',  ( 5.050000000000006040, 11.90000000000000391, 6.200000000000001066 ) ) ;
#960 = DIRECTION ( 'NONE',  ( -1.000000000000000000, 0.000000000000000000, 0.000000000000000000 ) ) ;
#961 = DIRECTION ( 'NONE',  ( 0.000000000000000000, 0.000000000000000000, -1.000000000000000000 ) ) ;
#962 = LINE ( 'NONE', #2275, #4309 ) ;
#963 = ORIENTED_EDGE ( 'NONE', *, *, #3436, .T. ) ;
#964 = LINE ( 'NONE', #548, #3670 ) ;
#965 = VECTOR ( 'NONE', #3031, 1000.000000000000000 ) ;
#966 = FACE_OUTER_BOUND ( 'NONE', #3836, .T. ) ;
#967 = ORIENTED_EDGE ( 'NONE', *, *, #4187, .T. ) ;
#968 = ORIENTED_EDGE ( 'NONE', *, *, #330, .F. ) ;
#969 = ORIENTED_EDGE ( 'NONE', *, *, #4358, .F. ) ;
#970 = EDGE_LOOP ( 'NONE', ( #3113, #3966, #197, #1200 ) ) ;
#971 = SURFACE_SIDE_STYLE ('',( #2618 ) ) ;
#972 = CARTESIAN_POINT ( 'NONE',  ( -11.25000000000000533, -11.10000000000000142, 3.299999999999999822 ) ) ;
#973 = VECTOR ( 'NONE', #5124, 1000.000000000000000 ) ;
#974 = DIRECTION ( 'NONE',  ( 1.000000000000000000, 0.000000000000000000, 0.000000000000000000 ) ) ;
#975 = LINE ( 'NONE', #4663, #323 ) ;
#976 = ORIENTED_EDGE ( 'NONE', *, *, #3890, .T. ) ;
#977 = AXIS2_PLACEMENT_3D ( 'NONE', #4891, #1730, #942 ) ;
#978 = ORIENTED_EDGE ( 'NONE', *, *, #4302, .F. ) ;
#979 = CARTESIAN_POINT ( 'NONE',  ( -58.35613382467781918, 33.49999999999999289, -5.233710188513652994 ) ) ;
#980 = EDGE_CURVE ( 'NONE', #1909, #1495, #139, .T. ) ;
#981 = LINE ( 'NONE', #3056, #3312 ) ;
#982 = DIRECTION ( 'NONE',  ( 0.000000000000000000, 0.000000000000000000, 1.000000000000000000 ) ) ;
#983 = DIRECTION ( 'NONE',  ( 1.000000000000000000, 2.199999999999999757E-16, 0.000000000000000000 ) ) ;
#984 = DIRECTION ( 'NONE',  ( -0.000000000000000000, -1.000000000000000000, -0.000000000000000000 ) ) ;
#985 = EDGE_CURVE ( 'NONE', #620, #3366, #339, .T. ) ;
#986 = ORIENTED_EDGE ( 'NONE', *, *, #4944, .F. ) ;
#987 = VECTOR ( 'NONE', #4511, 1000.000000000000000 ) ;
#988 = CARTESIAN_POINT ( 'NONE',  ( -11.25000000000000355, 1.639969672667150123E-15, -6.200000000000000178 ) ) ;
#989 = ORIENTED_EDGE ( 'NONE', *, *, #221, .F. ) ;
#990 = VECTOR ( 'NONE', #5076, 1000.000000000000000 ) ;
#991 = CARTESIAN_POINT ( 'NONE',  ( 2.200000000000006395, 16.10000000000000142, -7.096079250560826228E-17 ) ) ;
#992 = VECTOR ( 'NONE', #2351, 1000.000000000000114 ) ;
#993 = ORIENTED_EDGE ( 'NONE', *, *, #4521, .F. ) ;
#994 = PRODUCT_DEFINITION_CONTEXT ( 'detailed design', #3515, 'design' ) ;
#995 = AXIS2_PLACEMENT_3D ( 'NONE', #3950, #3846, #1800 ) ;
#996 = AXIS2_PLACEMENT_3D ( 'NONE', #2012, #3270, #4470 ) ;
#997 = ORIENTED_EDGE ( 'NONE', *, *, #4944, .T. ) ;
#998 = DIRECTION ( 'NONE',  ( 0.000000000000000000, 0.000000000000000000, -1.000000000000000000 ) ) ;
#999 = DIRECTION ( 'NONE',  ( 0.000000000000000000, -1.000000000000000000, 0.000000000000000000 ) ) ;
#1000 =( LENGTH_UNIT ( ) NAMED_UNIT ( * ) SI_UNIT ( .MILLI., .METRE. ) );
#1001 = AXIS2_PLACEMENT_3D ( 'NONE', #1552, #4906, #2075 ) ;
#1002 = EDGE_CURVE ( 'NONE', #261, #3426, #309, .T. ) ;
#1003 = CYLINDRICAL_SURFACE ( 'NONE', #3582, 2.500000000000002220 ) ;
#1004 = PRODUCT_DEFINITION_SHAPE ( 'NONE', 'NONE',  #5369 ) ;
#1005 = DIRECTION ( 'NONE',  ( -1.000000000000000000, -5.421010862427524142E-16, 0.000000000000000000 ) ) ;
#1006 = EDGE_LOOP ( 'NONE', ( #4464, #3934, #4978, #3503 ) ) ;
#1007 = ORIENTED_EDGE ( 'NONE', *, *, #18, .F. ) ;
#1008 = CARTESIAN_POINT ( 'NONE',  ( -13.65000000000001279, 7.599999999999995204, 3.469446951953613794E-15 ) ) ;
#1009 = CARTESIAN_POINT ( 'NONE',  ( -1.834951943477689764E-15, 11.90000000000000391, 6.200000000000000178 ) ) ;
#1010 = DIRECTION ( 'NONE',  ( -0.000000000000000000, -1.000000000000000000, -0.000000000000000000 ) ) ;
#1011 = AXIS2_PLACEMENT_3D ( 'NONE', #4104, #2029, #2471 ) ;
#1012 = DIRECTION ( 'NONE',  ( -1.000000000000000000, 0.000000000000000000, -0.000000000000000000 ) ) ;
#1013 = ADVANCED_FACE ( 'NONE', ( #1921 ), #1205, .F. ) ;
#1014 = DIRECTION ( 'NONE',  ( -0.000000000000000000, -0.000000000000000000, -1.000000000000000000 ) ) ;
#1015 = AXIS2_PLACEMENT_3D ( 'NONE', #1903, #3077, #3568 ) ;
#1016 = ORIENTED_EDGE ( 'NONE', *, *, #4181, .T. ) ;
#1017 = DIRECTION ( 'NONE',  ( 0.000000000000000000, 0.000000000000000000, 1.000000000000000000 ) ) ;
#1018 = ADVANCED_FACE ( 'NONE', ( #702 ), #1510, .F. ) ;
#1019 = VECTOR ( 'NONE', #4816, 1000.000000000000000 ) ;
#1020 = ORIENTED_EDGE ( 'NONE', *, *, #1797, .F. ) ;
#1021 = CARTESIAN_POINT ( 'NONE',  ( 5.050000000000006040, 18.95000000000000284, 2.424999999999999822 ) ) ;
#1022 = ORIENTED_EDGE ( 'NONE', *, *, #1140, .T. ) ;
#1023 = ORIENTED_EDGE ( 'NONE', *, *, #1450, .F. ) ;
#1024 = FACE_OUTER_BOUND ( 'NONE', #159, .T. ) ;
#1025 = FACE_OUTER_BOUND ( 'NONE', #3464, .T. ) ;
#1026 = SHAPE_REPRESENTATION_RELATIONSHIP ( 'NONE' , 'NONE' ,  #3253, #4137 ) ;
#1027 = SHAPE_REPRESENTATION ( 'PenHolderPlateFixed', ( #3630 ), #1448 ) ;
#1028 = DIRECTION ( 'NONE',  ( -0.000000000000000000, -0.000000000000000000, -1.000000000000000000 ) ) ;
#1029 = ORIENTED_EDGE ( 'NONE', *, *, #1615, .T. ) ;
#1030 = ORIENTED_EDGE ( 'NONE', *, *, #1569, .F. ) ;
#1031 = CARTESIAN_POINT ( 'NONE',  ( 26.99999999999873879, -79.90416029259175446, 5.000000000000000000 ) ) ;
#1032 = FACE_OUTER_BOUND ( 'NONE', #3051, .T. ) ;
#1033 = CYLINDRICAL_SURFACE ( 'NONE', #3925, 0.9000000000000014655 ) ;
#1034 = LINE ( 'NONE', #3130, #630 ) ;
#1035 = CARTESIAN_POINT ( 'NONE',  ( 0.000000000000000000, -9.900000000000002132, -1.874999999999999112 ) ) ;
#1036 = PLANE ( 'NONE',  #1773 ) ;
#1037 = ORIENTED_EDGE ( 'NONE', *, *, #3317, .F. ) ;
#1038 = CARTESIAN_POINT ( 'NONE',  ( -51.39002000797241720, 27.45438276288223989, -16.07496037421302759 ) ) ;
#1039 = ORIENTED_EDGE ( 'NONE', *, *, #4068, .T. ) ;
#1040 = FACE_OUTER_BOUND ( 'NONE', #4893, .T. ) ;
#1041 = EDGE_CURVE ( 'NONE', #4027, #2731, #1563, .T. ) ;
#1042 = VERTEX_POINT ( 'NONE', #1950 ) ;
#1043 = CARTESIAN_POINT ( 'NONE',  ( -63.85613382467780497, 6.000000000000000000, -1.733710188513654105 ) ) ;
#1044 = ORIENTED_EDGE ( 'NONE', *, *, #4326, .T. ) ;
#1045 = DIRECTION ( 'NONE',  ( 0.000000000000000000, 0.000000000000000000, 1.000000000000000000 ) ) ;
#1046 = CARTESIAN_POINT ( 'NONE',  ( -56.12524317075769176, 27.39076421893941315, -16.54828583812015452 ) ) ;
#1047 = DIRECTION ( 'NONE',  ( 0.000000000000000000, 0.000000000000000000, 1.000000000000000000 ) ) ;
#1048 = EDGE_CURVE ( 'NONE', #3863, #2671, #3258, .T. ) ;
#1049 = CARTESIAN_POINT ( 'NONE',  ( 0.000000000000000000, 0.000000000000000000, 4.000000000000000000 ) ) ;
#1050 = ORIENTED_EDGE ( 'NONE', *, *, #3284, .T. ) ;
#1051 = ORIENTED_EDGE ( 'NONE', *, *, #1107, .F. ) ;
#1052 = CARTESIAN_POINT ( 'NONE',  ( 14.99999999999872280, -109.4041602925917260, 0.000000000000000000 ) ) ;
#1053 = FACE_OUTER_BOUND ( 'NONE', #791, .T. ) ;
#1054 = PRODUCT_RELATED_PRODUCT_CATEGORY ( 'part', '', ( #1473 ) ) ;
#1055 = DIRECTION ( 'NONE',  ( -5.421010862427522170E-17, -1.000000000000000000, -0.000000000000000000 ) ) ;
#1056 = CARTESIAN_POINT ( 'NONE',  ( -47.00000000000128608, -109.4041602925917260, 25.00000000000000000 ) ) ;
#1057 = VECTOR ( 'NONE', #4492, 1000.000000000000000 ) ;
#1058 = FACE_OUTER_BOUND ( 'NONE', #176, .T. ) ;
#1059 = CARTESIAN_POINT ( 'NONE',  ( 4.999999999998722799, -77.40416029259172603, 23.00000000000000000 ) ) ;
#1060 = VERTEX_POINT ( 'NONE', #2419 ) ;
#1061 = DIRECTION ( 'NONE',  ( -0.000000000000000000, -0.000000000000000000, 1.000000000000000000 ) ) ;
#1062 = VERTEX_POINT ( 'NONE', #4491 ) ;
#1063 = CARTESIAN_POINT ( 'NONE',  ( 9.551219330881975722, -11.07157287525381584, -3.299999999999997158 ) ) ;
#1064 = ORIENTED_EDGE ( 'NONE', *, *, #2753, .T. ) ;
#1065 = AXIS2_PLACEMENT_3D ( 'NONE', #526, #600, #3472 ) ;
#1066 = DIRECTION ( 'NONE',  ( -0.000000000000000000, -1.000000000000000000, -0.000000000000000000 ) ) ;
#1067 = ORIENTED_EDGE ( 'NONE', *, *, #4875, .T. ) ;
#1068 = EDGE_CURVE ( 'NONE', #1901, #2671, #2109, .T. ) ;
#1069 = AXIS2_PLACEMENT_3D ( 'NONE', #2843, #3122, #1045 ) ;
#1070 = VECTOR ( 'NONE', #690, 1000.000000000000000 ) ;
#1071 = APPLICATION_CONTEXT ( 'automotive_design' ) ;
#1072 = DIRECTION ( 'NONE',  ( -0.000000000000000000, -1.000000000000000000, -0.000000000000000000 ) ) ;
#1073 = SHAPE_DEFINITION_REPRESENTATION ( #3047, #4172 ) ;
#1074 = FACE_OUTER_BOUND ( 'NONE', #3708, .T. ) ;
#1075 = AXIS2_PLACEMENT_3D ( 'NONE', #3678, #1610, #4666 ) ;
#1076 = CIRCLE ( 'NONE', #2222, 2.799999999999999378 ) ;
#1077 = EDGE_CURVE ( 'NONE', #3949, #2556, #757, .T. ) ;
#1078 = ORIENTED_EDGE ( 'NONE', *, *, #1208, .F. ) ;
#1079 = ADVANCED_FACE ( 'NONE', ( #3586 ), #5332, .F. ) ;
#1080 = ORIENTED_EDGE ( 'NONE', *, *, #2590, .F. ) ;
#1081 = CARTESIAN_POINT ( 'NONE',  ( -14.81592238163611519, 7.599999999999995204, 0.5750000000000032863 ) ) ;
#1082 = DIRECTION ( 'NONE',  ( 0.000000000000000000, -1.000000000000000000, 0.000000000000000000 ) ) ;
#1083 = CARTESIAN_POINT ( 'NONE',  ( -8.350000000000006750, -11.10000000000000142, -6.200000000000000178 ) ) ;
#1084 = LINE ( 'NONE', #616, #5149 ) ;
#1085 = EDGE_CURVE ( 'NONE', #3097, #261, #3067, .T. ) ;
#1086 = DIRECTION ( 'NONE',  ( 0.000000000000000000, 1.000000000000000000, 0.000000000000000000 ) ) ;
#1087 = CARTESIAN_POINT ( 'NONE',  ( -16.05000000000001137, -11.90100000000000513, 0.5750000000000035083 ) ) ;
#1088 = ORIENTED_EDGE ( 'NONE', *, *, #78, .T. ) ;
#1089 = DIRECTION ( 'NONE',  ( 0.000000000000000000, 0.000000000000000000, 1.000000000000000000 ) ) ;
#1090 = ORIENTED_EDGE ( 'NONE', *, *, #887, .T. ) ;
#1091 = AXIS2_PLACEMENT_3D ( 'NONE', #1429, #2260, #3918 ) ;
#1092 = ADVANCED_FACE ( 'NONE', ( #5248 ), #1122, .F. ) ;
#1093 = DIRECTION ( 'NONE',  ( 1.000000000000000000, 0.000000000000000000, -0.000000000000000000 ) ) ;
#1094 = EDGE_LOOP ( 'NONE', ( #4585, #4429 ) ) ;
#1095 = VECTOR ( 'NONE', #3969, 1000.000000000000000 ) ;
#1096 = DIRECTION ( 'NONE',  ( -0.000000000000000000, 0.000000000000000000, 1.000000000000000000 ) ) ;
#1097 = ORIENTED_EDGE ( 'NONE', *, *, #2359, .T. ) ;
#1098 = CARTESIAN_POINT ( 'NONE',  ( -55.01307054048841394, 27.12771084894775342, -12.89907579922702396 ) ) ;
#1099 = SHAPE_DEFINITION_REPRESENTATION ( #4360, #1027 ) ;
#1100 = LINE ( 'NONE', #4515, #4460 ) ;
#1101 = DIRECTION ( 'NONE',  ( 0.000000000000000000, 0.000000000000000000, 1.000000000000000000 ) ) ;
#1102 = CARTESIAN_POINT ( 'NONE',  ( -68.85613382467781207, 36.00000000000000000, 0.7662898114863467836 ) ) ;
#1103 = EDGE_LOOP ( 'NONE', ( #1316, #96, #5139, #1145, #1198, #539, #4001, #4148 ) ) ;
#1104 = ORIENTED_EDGE ( 'NONE', *, *, #1243, .F. ) ;
#1105 = DIRECTION ( 'NONE',  ( 0.000000000000000000, 1.000000000000000000, 0.000000000000000000 ) ) ;
#1106 = LINE ( 'NONE', #3151, #1019 ) ;
#1107 = EDGE_CURVE ( 'NONE', #3612, #1938, #1100, .T. ) ;
#1108 = LINE ( 'NONE', #3180, #5059 ) ;
#1109 = LINE ( 'NONE', #3082, #3409 ) ;
#1110 = LINE ( 'NONE', #4423, #5085 ) ;
#1111 = ORIENTED_EDGE ( 'NONE', *, *, #3982, .F. ) ;
#1112 = CARTESIAN_POINT ( 'NONE',  ( 9.999999999998722799, -109.4041602925917260, 0.000000000000000000 ) ) ;
#1113 = VERTEX_POINT ( 'NONE', #1181 ) ;
#1114 = LINE ( 'NONE', #272, #4811 ) ;
#1115 = ORIENTED_EDGE ( 'NONE', *, *, #4875, .F. ) ;
#1116 = CARTESIAN_POINT ( 'NONE',  ( -53.85613382467781207, 33.49999999999999289, -15.23371018851364944 ) ) ;
#1117 = ORIENTED_EDGE ( 'NONE', *, *, #4187, .F. ) ;
#1118 = CARTESIAN_POINT ( 'NONE',  ( -2.500000000000000000, -4.938383002131618171E-16, 3.601628314258999985 ) ) ;
#1119 = EDGE_CURVE ( 'NONE', #1961, #3699, #2769, .T. ) ;
#1120 = ORIENTED_EDGE ( 'NONE', *, *, #2986, .F. ) ;
#1121 = CARTESIAN_POINT ( 'NONE',  ( 0.000000000000000000, 10.99999999999999645, 0.000000000000000000 ) ) ;
#1122 = PLANE ( 'NONE',  #3763 ) ;
#1123 = LINE ( 'NONE', #5222, #5154 ) ;
#1124 = VECTOR ( 'NONE', #5151, 1000.000000000000000 ) ;
#1125 = VERTEX_POINT ( 'NONE', #3641 ) ;
#1126 = ORIENTED_EDGE ( 'NONE', *, *, #2854, .T. ) ;
#1127 = CARTESIAN_POINT ( 'NONE',  ( -3.758567531283077042E-15, 5.199999999999992184, 6.200000000000000178 ) ) ;
#1128 = DIRECTION ( 'NONE',  ( -0.000000000000000000, 1.000000000000000000, -0.000000000000000000 ) ) ;
#1129 = CARTESIAN_POINT ( 'NONE',  ( -16.05000000000001137, 7.599999999999995204, 0.5750000000000035083 ) ) ;
#1130 =( NAMED_UNIT ( * ) PLANE_ANGLE_UNIT ( ) SI_UNIT ( $, .RADIAN. ) );
#1131 = DIRECTION ( 'NONE',  ( 0.000000000000000000, 0.000000000000000000, 1.000000000000000000 ) ) ;
#1132 = ORIENTED_EDGE ( 'NONE', *, *, #1041, .T. ) ;
#1133 = ADVANCED_FACE ( 'NONE', ( #4461 ), #2442, .F. ) ;
#1134 = FACE_OUTER_BOUND ( 'NONE', #2960, .T. ) ;
#1135 = VECTOR ( 'NONE', #3417, 1000.000000000000000 ) ;
#1136 = ORIENTED_EDGE ( 'NONE', *, *, #2068, .T. ) ;
#1137 = LINE ( 'NONE', #2492, #1778 ) ;
#1138 = EDGE_CURVE ( 'NONE', #2254, #3316, #3938, .T. ) ;
#1139 = ORIENTED_EDGE ( 'NONE', *, *, #3952, .F. ) ;
#1140 = EDGE_CURVE ( 'NONE', #147, #3366, #392, .T. ) ;
#1141 = CARTESIAN_POINT ( 'NONE',  ( -11.25000000000000533, -11.10000000000000142, 6.200000000000000178 ) ) ;
#1142 = PLANE ( 'NONE',  #1969 ) ;
#1143 = EDGE_LOOP ( 'NONE', ( #3721, #1090 ) ) ;
#1144 = CARTESIAN_POINT ( 'NONE',  ( -0.6499999999999931388, 16.10000000000000142, -2.799999999999998934 ) ) ;
#1145 = ORIENTED_EDGE ( 'NONE', *, *, #1469, .F. ) ;
#1146 = CARTESIAN_POINT ( 'NONE',  ( -56.45617511272716627, 27.50001431319006429, -15.40439391130885838 ) ) ;
#1147 = AXIS2_PLACEMENT_3D ( 'NONE', #3554, #714, #4039 ) ;
#1148 = ITEM_DEFINED_TRANSFORMATION ( 'NONE', 'NONE', #4336,  #3630 ) ;
#1149 = DIRECTION ( 'NONE',  ( -0.000000000000000000, 1.000000000000000000, -0.000000000000000000 ) ) ;
#1150 = FACE_OUTER_BOUND ( 'NONE', #2919, .T. ) ;
#1151 = AXIS2_PLACEMENT_3D ( 'NONE', #4424, #295, #1194 ) ;
#1152 = VECTOR ( 'NONE', #3737, 1000.000000000000000 ) ;
#1153 = ORIENTED_EDGE ( 'NONE', *, *, #3001, .T. ) ;
#1154 = ORIENTED_EDGE ( 'NONE', *, *, #2155, .T. ) ;
#1155 = DIRECTION ( 'NONE',  ( 0.000000000000000000, 0.000000000000000000, -1.000000000000000000 ) ) ;
#1156 = ADVANCED_FACE ( 'NONE', ( #4692 ), #3849, .F. ) ;
#1157 = CARTESIAN_POINT ( 'NONE',  ( -20.50000000000127187, -109.4041602925917260, 16.10000000000000142 ) ) ;
#1158 = VECTOR ( 'NONE', #1639, 1000.000000000000000 ) ;
#1159 = AXIS2_PLACEMENT_3D ( 'NONE', #5105, #3033, #961 ) ;
#1160 = DIRECTION ( 'NONE',  ( 1.000000000000000000, -3.614007241618349757E-16, 1.757105317124067965E-16 ) ) ;
#1161 = PLANE ( 'NONE',  #2101 ) ;
#1162 = LINE ( 'NONE', #402, #5089 ) ;
#1163 = ORIENTED_EDGE ( 'NONE', *, *, #3266, .F. ) ;
#1164 = AXIS2_PLACEMENT_3D ( 'NONE', #4390, #1487, #4417 ) ;
#1165 = CIRCLE ( 'NONE', #2041, 0.8749999999999998890 ) ;
#1166 = PLANE ( 'NONE',  #1151 ) ;
#1167 = ORIENTED_EDGE ( 'NONE', *, *, #1724, .T. ) ;
#1168 = PRESENTATION_LAYER_ASSIGNMENT (  '', '', ( #506 ) ) ;
#1169 = DIRECTION ( 'NONE',  ( 0.000000000000000000, 0.000000000000000000, 1.000000000000000000 ) ) ;
#1170 = EDGE_CURVE ( 'NONE', #1711, #4731, #2655, .T. ) ;
#1171 = CARTESIAN_POINT ( 'NONE',  ( 7.499999999998722799, -109.4041602925917260, 16.10000000000000142 ) ) ;
#1172 = EDGE_LOOP ( 'NONE', ( #1647, #4450, #2517, #3000 ) ) ;
#1173 = DIRECTION ( 'NONE',  ( 0.000000000000000000, 0.000000000000000000, 1.000000000000000000 ) ) ;
#1174 = DIRECTION ( 'NONE',  ( -0.000000000000000000, -0.000000000000000000, -1.000000000000000000 ) ) ;
#1175 = ORIENTED_EDGE ( 'NONE', *, *, #7, .F. ) ;
#1176 = EDGE_CURVE ( 'NONE', #2302, #184, #134, .T. ) ;
#1177 = DIRECTION ( 'NONE',  ( 0.000000000000000000, 0.000000000000000000, 1.000000000000000000 ) ) ;
#1178 = ORIENTED_EDGE ( 'NONE', *, *, #1884, .T. ) ;
#1179 = FACE_OUTER_BOUND ( 'NONE', #932, .T. ) ;
#1180 = CONTEXT_DEPENDENT_SHAPE_REPRESENTATION ( #4904, #3531 ) ;
#1181 = CARTESIAN_POINT ( 'NONE',  ( 4.000000000000000000, 0.000000000000000000, 0.000000000000000000 ) ) ;
#1182 = EDGE_CURVE ( 'NONE', #1681, #1809, #1694, .T. ) ;
#1183 = CIRCLE ( 'NONE', #4582, 7.499999999999999112 ) ;
#1184 = CYLINDRICAL_SURFACE ( 'NONE', #4206, 6.200000000000001066 ) ;
#1185 = VERTEX_POINT ( 'NONE', #1329 ) ;
#1186 = VERTEX_POINT ( 'NONE', #1771 ) ;
#1187 = CARTESIAN_POINT ( 'NONE',  ( 0.000000000000000000, 10.99999999999999645, 0.000000000000000000 ) ) ;
#1188 = LINE ( 'NONE', #5037, #66 ) ;
#1189 = DIRECTION ( 'NONE',  ( -0.000000000000000000, -0.000000000000000000, -1.000000000000000000 ) ) ;
#1190 = FACE_BOUND ( 'NONE', #3416, .T. ) ;
#1191 = DIRECTION ( 'NONE',  ( 0.000000000000000000, 0.000000000000000000, 1.000000000000000000 ) ) ;
#1192 = FACE_OUTER_BOUND ( 'NONE', #2765, .T. ) ;
#1193 = ORIENTED_EDGE ( 'NONE', *, *, #4220, .T. ) ;
#1194 = DIRECTION ( 'NONE',  ( 0.000000000000000000, 0.000000000000000000, 1.000000000000000000 ) ) ;
#1195 = ORIENTED_EDGE ( 'NONE', *, *, #571, .F. ) ;
#1196 = LINE ( 'NONE', #771, #3695 ) ;
#1197 = PLANE ( 'NONE',  #4736 ) ;
#1198 = ORIENTED_EDGE ( 'NONE', *, *, #3662, .T. ) ;
#1199 = DIRECTION ( 'NONE',  ( 0.000000000000000000, -0.000000000000000000, 1.000000000000000000 ) ) ;
#1200 = ORIENTED_EDGE ( 'NONE', *, *, #4444, .T. ) ;
#1201 = FACE_OUTER_BOUND ( 'NONE', #1172, .T. ) ;
#1202 = ORIENTED_EDGE ( 'NONE', *, *, #756, .F. ) ;
#1203 = EDGE_CURVE ( 'NONE', #3560, #1661, #3847, .T. ) ;
#1204 = PLANE ( 'NONE',  #1011 ) ;
#1205 = PLANE ( 'NONE',  #717 ) ;
#1206 = EDGE_CURVE ( 'NONE', #1578, #3802, #2501, .T. ) ;
#1207 = ORIENTED_EDGE ( 'NONE', *, *, #4385, .F. ) ;
#1208 = EDGE_CURVE ( 'NONE', #34, #3292, #53, .T. ) ;
#1209 = VERTEX_POINT ( 'NONE', #3006 ) ;
#1210 = CARTESIAN_POINT ( 'NONE',  ( 4.999999999998723688, -109.4041602925917260, 23.00000000000000000 ) ) ;
#1211 = EDGE_CURVE ( 'NONE', #138, #2938, #4201, .T. ) ;
#1212 = CARTESIAN_POINT ( 'NONE',  ( -35.00000000000127898, -109.4041602925917260, 25.00000000000000000 ) ) ;
#1213 = DIRECTION ( 'NONE',  ( 0.000000000000000000, 0.000000000000000000, -1.000000000000000000 ) ) ;
#1214 = FILL_AREA_STYLE_COLOUR ( '', #2887 ) ;
#1215 = LINE ( 'NONE', #25, #2134 ) ;
#1216 = ORIENTED_EDGE ( 'NONE', *, *, #107, .T. ) ;
#1217 = AXIS2_PLACEMENT_3D ( 'NONE', #4290, #2213, #163 ) ;
#1218 = CARTESIAN_POINT ( 'NONE',  ( -11.25000000000000533, -11.10000000000000142, 6.200000000000000178 ) ) ;
#1219 = ORIENTED_EDGE ( 'NONE', *, *, #3057, .T. ) ;
#1220 = CARTESIAN_POINT ( 'NONE',  ( -11.25000000000000355, 1.639969672667150123E-15, 6.200000000000000178 ) ) ;
#1221 = CONICAL_SURFACE ( 'NONE', #1835, 2.729999999999999982, 0.5235987755979999436 ) ;
#1222 = DIRECTION ( 'NONE',  ( 0.000000000000000000, 0.000000000000000000, -1.000000000000000000 ) ) ;
#1223 = ORIENTED_EDGE ( 'NONE', *, *, #5181, .F. ) ;
#1224 = LINE ( 'NONE', #4157, #490 ) ;
#1225 = DIRECTION ( 'NONE',  ( -0.000000000000000000, 0.000000000000000000, -1.000000000000000000 ) ) ;
#1226 =( BOUNDED_CURVE ( )  B_SPLINE_CURVE ( 2, ( #2928, #775, #1994 ),
 .UNSPECIFIED., .F., .F. ) 
 B_SPLINE_CURVE_WITH_KNOTS ( ( 3, 3 ),
 ( 0.000000000000000000, 1.000000000000000000 ),
 .UNSPECIFIED. ) 
 CURVE ( )  GEOMETRIC_REPRESENTATION_ITEM ( )  RATIONAL_B_SPLINE_CURVE ( ( 1.000000000000000000, 1.154700538379126007, 1.000000000000000000 ) ) 
 REPRESENTATION_ITEM ( '' )  );
#1227 = ADVANCED_FACE ( 'NONE', ( #2546 ), #3441, .T. ) ;
#1228 = VERTEX_POINT ( 'NONE', #5104 ) ;
#1229 = CARTESIAN_POINT ( 'NONE',  ( 3.465000000000584723, 2.000518682740995313, 4.308882394016976036 ) ) ;
#1230 = VECTOR ( 'NONE', #3199, 1000.000000000000000 ) ;
#1231 = ORIENTED_EDGE ( 'NONE', *, *, #523, .F. ) ;
#1232 = FACE_BOUND ( 'NONE', #3229, .T. ) ;
#1233 = VERTEX_POINT ( 'NONE', #875 ) ;
#1234 = EDGE_CURVE ( 'NONE', #43, #1185, #519, .T. ) ;
#1235 = VERTEX_POINT ( 'NONE', #1804 ) ;
#1236 = ORIENTED_EDGE ( 'NONE', *, *, #2216, .T. ) ;
#1237 = DIRECTION ( 'NONE',  ( 0.000000000000000000, 0.000000000000000000, 1.000000000000000000 ) ) ;
#1238 = DIRECTION ( 'NONE',  ( 0.000000000000000000, 0.000000000000000000, 1.000000000000000000 ) ) ;
#1239 = PLANE ( 'NONE',  #1574 ) ;
#1240 = AXIS2_PLACEMENT_3D ( 'NONE', #4487, #1477, #254 ) ;
#1241 = DIRECTION ( 'NONE',  ( 0.000000000000000000, 1.000000000000000000, 0.000000000000000000 ) ) ;
#1242 = ADVANCED_FACE ( 'NONE', ( #2574 ), #3468, .F. ) ;
#1243 = EDGE_CURVE ( 'NONE', #2731, #1209, #488, .T. ) ;
#1244 = DIRECTION ( 'NONE',  ( 1.000000000000000000, 3.299999999999999882E-16, 0.000000000000000000 ) ) ;
#1245 = ORIENTED_EDGE ( 'NONE', *, *, #5152, .F. ) ;
#1246 = PLANE ( 'NONE',  #3606 ) ;
#1247 = CIRCLE ( 'NONE', #1947, 2.500000000000000000 ) ;
#1248 = LINE ( 'NONE', #4581, #1479 ) ;
#1249 = DIRECTION ( 'NONE',  ( -0.000000000000000000, 1.000000000000000000, -0.000000000000000000 ) ) ;
#1250 = CONICAL_SURFACE ( 'NONE', #2040, 4.000000000000000000, 1.047197551196999754 ) ;
#1251 = VECTOR ( 'NONE', #5293, 1000.000000000000000 ) ;
#1252 = CARTESIAN_POINT ( 'NONE',  ( -39.99000000000127386, -93.40416029259172603, 28.00000000000000000 ) ) ;
#1253 = ORIENTED_EDGE ( 'NONE', *, *, #2262, .T. ) ;
#1254 = CARTESIAN_POINT ( 'NONE',  ( 1.373322751814972020E-15, 7.599999999999996092, 6.200000000000000178 ) ) ;
#1255 = CARTESIAN_POINT ( 'NONE',  ( 9.999999999998724576, -82.40416029259172603, 11.00000000000000000 ) ) ;
#1256 = ORIENTED_EDGE ( 'NONE', *, *, #4307, .F. ) ;
#1257 = CARTESIAN_POINT ( 'NONE',  ( 26.99999999999872813, -77.40416029259172603, 0.000000000000000000 ) ) ;
#1258 = MANIFOLD_SOLID_BREP ( 'Cut-Extrude9', #4792 ) ;
#1259 = ORIENTED_EDGE ( 'NONE', *, *, #3956, .F. ) ;
#1260 = DIRECTION ( 'NONE',  ( -0.000000000000000000, 0.000000000000000000, 1.000000000000000000 ) ) ;
#1261 = ORIENTED_EDGE ( 'NONE', *, *, #2766, .F. ) ;
#1262 = AXIS2_PLACEMENT_3D ( 'NONE', #5031, #2934, #4192 ) ;
#1263 = ORIENTED_EDGE ( 'NONE', *, *, #5087, .F. ) ;
#1264 = VERTEX_POINT ( 'NONE', #86 ) ;
#1265 = CARTESIAN_POINT ( 'NONE',  ( -43.85613382467781207, 10.99999999999999645, -31.23371018851364767 ) ) ;
#1266 = CARTESIAN_POINT ( 'NONE',  ( 7.499999999998722799, -109.4041602925917260, 17.00000000000000000 ) ) ;
#1267 = AXIS2_PLACEMENT_3D ( 'NONE', #4159, #1174, #800 ) ;
#1268 =( NAMED_UNIT ( * ) PLANE_ANGLE_UNIT ( ) SI_UNIT ( $, .RADIAN. ) );
#1269 = EDGE_CURVE ( 'NONE', #5359, #1654, #3929, .T. ) ;
#1270 = FACE_OUTER_BOUND ( 'NONE', #832, .T. ) ;
#1271 = DIRECTION ( 'NONE',  ( -1.000000000000000000, 4.336808689942018229E-16, -0.000000000000000000 ) ) ;
#1272 = CARTESIAN_POINT ( 'NONE',  ( 4.999999999998723688, -104.4041602925917260, 11.00000000000000000 ) ) ;
#1273 = ORIENTED_EDGE ( 'NONE', *, *, #4855, .T. ) ;
#1274 = CARTESIAN_POINT ( 'NONE',  ( -2.729999999999932481, -5.392714238327593232E-16, 4.000000000000000000 ) ) ;
#1275 = EDGE_CURVE ( 'NONE', #4995, #5055, #1084, .T. ) ;
#1276 = EDGE_CURVE ( 'NONE', #2661, #223, #3518, .T. ) ;
#1277 = DIRECTION ( 'NONE',  ( 0.000000000000000000, 0.000000000000000000, 1.000000000000000000 ) ) ;
#1278 = DIRECTION ( 'NONE',  ( 0.000000000000000000, -1.000000000000000000, 0.000000000000000000 ) ) ;
#1279 = DIRECTION ( 'NONE',  ( -1.000000000000000000, 0.000000000000000000, 0.000000000000000000 ) ) ;
#1280 = DIRECTION ( 'NONE',  ( 0.000000000000000000, 0.000000000000000000, -1.000000000000000000 ) ) ;
#1281 = EDGE_CURVE ( 'NONE', #3426, #2985, #5321, .T. ) ;
#1282 = CARTESIAN_POINT ( 'NONE',  ( -20.50000000000127187, -109.4041602925917260, 17.90000000000000213 ) ) ;
#1283 = EDGE_LOOP ( 'NONE', ( #4620, #2209 ) ) ;
#1284 = LINE ( 'NONE', #4080, #3064 ) ;
#1285 = CARTESIAN_POINT ( 'NONE',  ( -2.500000000000000000, 2.061616997868382669E-16, 0.3983716857409999590 ) ) ;
#1286 = EDGE_LOOP ( 'NONE', ( #4706, #2791 ) ) ;
#1287 = PRODUCT_DEFINITION ( 'UNKNOWN', '', #2848, #994 ) ;
#1288 = CARTESIAN_POINT ( 'NONE',  ( 0.000000000000000000, -11.10000000000000142, -6.200000000000000178 ) ) ;
#1289 = EDGE_LOOP ( 'NONE', ( #4651, #5147, #1523, #4806 ) ) ;
#1290 = EDGE_CURVE ( 'NONE', #3126, #1060, #2713, .T. ) ;
#1291 = VERTEX_POINT ( 'NONE', #1410 ) ;
#1292 = ORIENTED_EDGE ( 'NONE', *, *, #1211, .F. ) ;
#1293 = LINE ( 'NONE', #3751, #1873 ) ;
#1294 = DIRECTION ( 'NONE',  ( 1.000000000000000000, 0.000000000000000000, 0.000000000000000000 ) ) ;
#1295 = CARTESIAN_POINT ( 'NONE',  ( 16.05000000000000426, -11.90100000000000513, -0.5749999999999999556 ) ) ;
#1296 = CARTESIAN_POINT ( 'NONE',  ( 3.626107977437559970, -15.15785656728445652, -1.874999999999999112 ) ) ;
#1297 = DIRECTION ( 'NONE',  ( 1.000000000000000000, 0.000000000000000000, -0.000000000000000000 ) ) ;
#1298 = CARTESIAN_POINT ( 'NONE',  ( -63.85613382467780497, 6.000000000000000000, -26.23371018851364767 ) ) ;
#1299 = EDGE_LOOP ( 'NONE', ( #642, #864, #829, #4374 ) ) ;
#1300 = CARTESIAN_POINT ( 'NONE',  ( 4.620000000000000107, 0.000000000000000000, 3.642042833101999832 ) ) ;
#1301 = VERTEX_POINT ( 'NONE', #5208 ) ;
#1302 = DIRECTION ( 'NONE',  ( 0.000000000000000000, 1.000000000000000000, 0.000000000000000000 ) ) ;
#1303 = FACE_OUTER_BOUND ( 'NONE', #487, .T. ) ;
#1304 = EDGE_CURVE ( 'NONE', #5161, #1901, #1109, .T. ) ;
#1305 = CARTESIAN_POINT ( 'NONE',  ( 0.000000000000000000, 0.000000000000000000, 11.00000000000000000 ) ) ;
#1306 = ORIENTED_EDGE ( 'NONE', *, *, #4779, .F. ) ;
#1307 = VECTOR ( 'NONE', #3109, 1000.000000000000000 ) ;
#1308 = CARTESIAN_POINT ( 'NONE',  ( -68.85613382467781207, 0.000000000000000000, 0.7662898114863467836 ) ) ;
#1309 = ADVANCED_FACE ( 'NONE', ( #2752 ), #4746, .T. ) ;
#1310 = CARTESIAN_POINT ( 'NONE',  ( -68.85613382467781207, 6.000000000000000000, -26.23371018851364767 ) ) ;
#1311 = EDGE_CURVE ( 'NONE', #1235, #2319, #2728, .T. ) ;
#1312 = ORIENTED_EDGE ( 'NONE', *, *, #1949, .F. ) ;
#1313 = DIRECTION ( 'NONE',  ( -0.000000000000000000, -1.000000000000000000, -0.000000000000000000 ) ) ;
#1314 = ORIENTED_EDGE ( 'NONE', *, *, #3523, .T. ) ;
#1315 = VECTOR ( 'NONE', #1149, 1000.000000000000000 ) ;
#1316 = ORIENTED_EDGE ( 'NONE', *, *, #3143, .F. ) ;
#1317 = EDGE_LOOP ( 'NONE', ( #26, #1811, #598, #1925 ) ) ;
#1318 = CARTESIAN_POINT ( 'NONE',  ( -68.85613382467781207, 10.99999999999999645, -5.233710188513652994 ) ) ;
#1319 = CARTESIAN_POINT ( 'NONE',  ( -38.85613382467781207, 6.000000000000000000, -1.733710188513654105 ) ) ;
#1320 = CARTESIAN_POINT ( 'NONE',  ( -38.85613382467781207, 0.000000000000000000, 0.7662898114863467836 ) ) ;
#1321 = CARTESIAN_POINT ( 'NONE',  ( -8.350000000000004974, -11.90000000000000213, 6.200000000000000178 ) ) ;
#1322 = FACE_OUTER_BOUND ( 'NONE', #1954, .T. ) ;
#1323 = ORIENTED_EDGE ( 'NONE', *, *, #3198, .F. ) ;
#1324 = ADVANCED_FACE ( 'NONE', ( #664 ), #4770, .F. ) ;
#1325 = CARTESIAN_POINT ( 'NONE',  ( -68.85613382467781207, 6.000000000000000000, -4.233710188513654771 ) ) ;
#1326 = AXIS2_PLACEMENT_3D ( 'NONE', #1310, #943, #4727 ) ;
#1327 = CIRCLE ( 'NONE', #750, 2.500000000000000000 ) ;
#1328 = DIRECTION ( 'NONE',  ( 0.000000000000000000, 1.000000000000000000, 0.000000000000000000 ) ) ;
#1329 = CARTESIAN_POINT ( 'NONE',  ( -63.85613382467780497, 10.99999999999999645, 0.7662898114863467836 ) ) ;
#1330 = DIRECTION ( 'NONE',  ( -1.000000000000000000, 0.000000000000000000, 0.000000000000000000 ) ) ;
#1331 = VECTOR ( 'NONE', #88, 1000.000000000000000 ) ;
#1332 = VECTOR ( 'NONE', #461, 1000.000000000000000 ) ;
#1333 = DIRECTION ( 'NONE',  ( 0.000000000000000000, -1.000000000000000000, 0.000000000000000000 ) ) ;
#1334 = EDGE_CURVE ( 'NONE', #2935, #1474, #1034, .T. ) ;
#1335 = ORIENTED_EDGE ( 'NONE', *, *, #2176, .T. ) ;
#1336 = CIRCLE ( 'NONE', #4397, 2.729999999999999982 ) ;
#1337 = VECTOR ( 'NONE', #4090, 1000.000000000000000 ) ;
#1338 = DIRECTION ( 'NONE',  ( 0.000000000000000000, 0.000000000000000000, 1.000000000000000000 ) ) ;
#1339 = CARTESIAN_POINT ( 'NONE',  ( -51.27302859892815690, 27.49409310373528470, -14.89168394046351196 ) ) ;
#1340 = VERTEX_POINT ( 'NONE', #2684 ) ;
#1341 = CIRCLE ( 'NONE', #3442, 1.300000000000000488 ) ;
#1342 = LINE ( 'NONE', #2691, #4059 ) ;
#1343 = EDGE_CURVE ( 'NONE', #2583, #3097, #4974, .T. ) ;
#1344 = EDGE_LOOP ( 'NONE', ( #1759, #3096, #2534 ) ) ;
#1345 = ORIENTED_EDGE ( 'NONE', *, *, #3780, .T. ) ;
#1346 = ORIENTED_EDGE ( 'NONE', *, *, #208, .F. ) ;
#1347 = CARTESIAN_POINT ( 'NONE',  ( -53.85613382467781207, 27.03491293478461799, -17.83371018851365619 ) ) ;
#1348 = PLANE ( 'NONE',  #1091 ) ;
#1349 = FACE_BOUND ( 'NONE', #1816, .T. ) ;
#1350 = FACE_OUTER_BOUND ( 'NONE', #1708, .T. ) ;
#1351 = DIRECTION ( 'NONE',  ( 0.000000000000000000, 0.000000000000000000, -1.000000000000000000 ) ) ;
#1352 = ORIENTED_EDGE ( 'NONE', *, *, #985, .F. ) ;
#1353 = VERTEX_POINT ( 'NONE', #1056 ) ;
#1354 = AXIS2_PLACEMENT_3D ( 'NONE', #426, #1657, #1238 ) ;
#1355 = LINE ( 'NONE', #3030, #655 ) ;
#1356 = CARTESIAN_POINT ( 'NONE',  ( 2.500000000000000000, 1.000000000000000102E-16, 0.3983716857409999590 ) ) ;
#1357 = MECHANICAL_DESIGN_GEOMETRIC_PRESENTATION_REPRESENTATION (  '', ( #3626 ), #3715 ) ;
#1358 = DIRECTION ( 'NONE',  ( -0.000000000000000000, 1.000000000000000000, -0.000000000000000000 ) ) ;
#1359 = DIRECTION ( 'NONE',  ( -1.000000000000000000, 4.336808689942018229E-16, -0.000000000000000000 ) ) ;
#1360 = DIRECTION ( 'NONE',  ( 1.000000000000000000, 0.000000000000000000, -0.000000000000000000 ) ) ;
#1361 = VECTOR ( 'NONE', #3204, 1000.000000000000000 ) ;
#1362 = ORIENTED_EDGE ( 'NONE', *, *, #1638, .T. ) ;
#1363 = LINE ( 'NONE', #3448, #639 ) ;
#1364 = CARTESIAN_POINT ( 'NONE',  ( -52.26839777329020365, 27.21054015568559947, -13.16784275097557888 ) ) ;
#1365 = ORIENTED_EDGE ( 'NONE', *, *, #1375, .F. ) ;
#1366 = CARTESIAN_POINT ( 'NONE',  ( -53.85613382467781207, 36.00000000000000000, -17.83371018851365264 ) ) ;
#1367 = ORIENTED_EDGE ( 'NONE', *, *, #3379, .F. ) ;
#1368 = UNCERTAINTY_MEASURE_WITH_UNIT (LENGTH_MEASURE( 1.000000000000000082E-05 ), #3364, 'distance_accuracy_value', 'NONE');
#1369 = ORIENTED_EDGE ( 'NONE', *, *, #890, .F. ) ;
#1370 = ADVANCED_FACE ( 'NONE', ( #2272 ), #1221, .F. ) ;
#1371 = ORIENTED_EDGE ( 'NONE', *, *, #980, .F. ) ;
#1372 = CARTESIAN_POINT ( 'NONE',  ( 0.000000000000000000, 50.00000000000000000, 0.000000000000000000 ) ) ;
#1373 =( NAMED_UNIT ( * ) PLANE_ANGLE_UNIT ( ) SI_UNIT ( $, .RADIAN. ) );
#1374 = FACE_OUTER_BOUND ( 'NONE', #658, .T. ) ;
#1375 = EDGE_CURVE ( 'NONE', #2013, #5061, #689, .T. ) ;
#1376 = DIRECTION ( 'NONE',  ( 0.000000000000000000, 0.000000000000000000, 1.000000000000000000 ) ) ;
#1377 = ORIENTED_EDGE ( 'NONE', *, *, #3088, .F. ) ;
#1378 = EDGE_CURVE ( 'NONE', #2586, #116, #2244, .T. ) ;
#1379 = ORIENTED_EDGE ( 'NONE', *, *, #2119, .F. ) ;
#1380 = LINE ( 'NONE', #2240, #4652 ) ;
#1381 = LINE ( 'NONE', #1826, #2844 ) ;
#1382 =( REPRESENTATION_RELATIONSHIP ('NONE','NONE', #2111, #4172 ) REPRESENTATION_RELATIONSHIP_WITH_TRANSFORMATION ( #2853 )SHAPE_REPRESENTATION_RELATIONSHIP( ) );
#1383 = DIRECTION ( 'NONE',  ( -1.541976423090495387E-16, 1.000000000000000000, 0.000000000000000000 ) ) ;
#1384 = CARTESIAN_POINT ( 'NONE',  ( -58.35613382467781918, 33.49999999999999289, 0.7662898114863467836 ) ) ;
#1385 = DIRECTION ( 'NONE',  ( 1.000000000000000000, 3.200000000000000229E-16, 0.000000000000000000 ) ) ;
#1386 = CARTESIAN_POINT ( 'NONE',  ( -2.729999999999999982, -3.343285761672274002E-16, 0.000000000000000000 ) ) ;
#1387 = ORIENTED_EDGE ( 'NONE', *, *, #692, .F. ) ;
#1388 = CARTESIAN_POINT ( 'NONE',  ( -38.85613382467781207, 6.000000000000000000, -1.733710188513654105 ) ) ;
#1389 = ORIENTED_EDGE ( 'NONE', *, *, #3360, .T. ) ;
#1390 = EDGE_CURVE ( 'NONE', #2254, #456, #1851, .T. ) ;
#1391 = FACE_OUTER_BOUND ( 'NONE', #622, .T. ) ;
#1392 = ORIENTED_EDGE ( 'NONE', *, *, #4719, .F. ) ;
#1393 = VECTOR ( 'NONE', #1606, 1000.000000000000000 ) ;
#1394 = VERTEX_POINT ( 'NONE', #5228 ) ;
#1395 = CARTESIAN_POINT ( 'NONE',  ( -49.35613382467781207, 33.49999999999999289, 0.7662898114863467836 ) ) ;
#1396 =( NAMED_UNIT ( * ) SI_UNIT ( $, .STERADIAN. ) SOLID_ANGLE_UNIT ( ) );
#1397 = CONICAL_SURFACE ( 'NONE', #2018, 2.500000000000000000, 0.5235987755979999436 ) ;
#1398 = SHAPE_REPRESENTATION ( 'ServoSG90_Predeterminado', ( #3630 ), #2760 ) ;
#1399 = EDGE_CURVE ( 'NONE', #2278, #5357, #4376, .T. ) ;
#1400 = CARTESIAN_POINT ( 'NONE',  ( -30.00000000000128253, -104.4041602925917260, 23.00000000000000000 ) ) ;
#1401 = LINE ( 'NONE', #3073, #656 ) ;
#1402 = ORIENTED_EDGE ( 'NONE', *, *, #3907, .T. ) ;
#1403 = AXIS2_PLACEMENT_3D ( 'NONE', #2825, #4079, #1537 ) ;
#1404 = ORIENTED_EDGE ( 'NONE', *, *, #4588, .F. ) ;
#1405 = DIRECTION ( 'NONE',  ( 1.000000000000000000, 0.000000000000000000, 0.000000000000000000 ) ) ;
#1406 = CARTESIAN_POINT ( 'NONE',  ( -38.85613382467781207, 19.99999999999999645, -22.73371018851365122 ) ) ;
#1407 = ADVANCED_FACE ( 'NONE', ( #1881 ), #3208, .F. ) ;
#1408 = CARTESIAN_POINT ( 'NONE',  ( 0.000000000000000000, 0.000000000000000000, 0.3983716857409999590 ) ) ;
#1409 = ADVANCED_FACE ( 'NONE', ( #2427 ), #816, .F. ) ;
#1410 = CARTESIAN_POINT ( 'NONE',  ( 5.050000000000006040, 16.10000000000000142, -2.425000000000000711 ) ) ;
#1411 = CARTESIAN_POINT ( 'NONE',  ( 17.48999999999872657, -93.40416029259172603, 28.00000000000000000 ) ) ;
#1412 = CARTESIAN_POINT ( 'NONE',  ( 9.999999999998724576, -104.4041602925917260, 23.00000000000000000 ) ) ;
#1413 = AXIS2_PLACEMENT_3D ( 'NONE', #3432, #2512, #3841 ) ;
#1414 = EDGE_LOOP ( 'NONE', ( #705, #5348 ) ) ;
#1415 = VECTOR ( 'NONE', #5355, 1000.000000000000000 ) ;
#1416 = VECTOR ( 'NONE', #4188, 1000.000000000000000 ) ;
#1417 = LINE ( 'NONE', #4698, #1685 ) ;
#1418 = MANIFOLD_SOLID_BREP ( 'Cut-Extrude17', #877 ) ;
#1419 = ORIENTED_EDGE ( 'NONE', *, *, #903, .T. ) ;
#1420 = CIRCLE ( 'NONE', #826, 6.200000000000001066 ) ;
#1421 = FACE_OUTER_BOUND ( 'NONE', #1672, .T. ) ;
#1422 = AXIS2_PLACEMENT_3D ( 'NONE', #245, #3959, #1492 ) ;
#1423 = ORIENTED_EDGE ( 'NONE', *, *, #2558, .F. ) ;
#1424 = UNCERTAINTY_MEASURE_WITH_UNIT (LENGTH_MEASURE( 1.000000000000000082E-05 ), #3478, 'distance_accuracy_value', 'NONE');
#1425 = AXIS2_PLACEMENT_3D ( 'NONE', #1713, #786, #3813 ) ;
#1426 = AXIS2_PLACEMENT_3D ( 'NONE', #430, #4204, #2207 ) ;
#1427 = ORIENTED_EDGE ( 'NONE', *, *, #1744, .T. ) ;
#1428 = FILL_AREA_STYLE_COLOUR ( '', #3168 ) ;
#1429 = CARTESIAN_POINT ( 'NONE',  ( 16.05000000000000071, 0.000000000000000000, 6.200000000000000178 ) ) ;
#1430 = DIRECTION ( 'NONE',  ( 0.000000000000000000, 0.000000000000000000, 1.000000000000000000 ) ) ;
#1431 = AXIS2_PLACEMENT_3D ( 'NONE', #2118, #4954, #3263 ) ;
#1432 = DIRECTION ( 'NONE',  ( 0.000000000000000000, 0.000000000000000000, 1.000000000000000000 ) ) ;
#1433 = VERTEX_POINT ( 'NONE', #3235 ) ;
#1434 = EDGE_LOOP ( 'NONE', ( #989, #1120, #2865, #4255 ) ) ;
#1435 = EDGE_CURVE ( 'NONE', #4915, #4676, #1666, .T. ) ;
#1436 = CARTESIAN_POINT ( 'NONE',  ( 0.000000000000000000, 0.000000000000000000, -2.500000000000000000 ) ) ;
#1437 = CARTESIAN_POINT ( 'NONE',  ( -4.620000000000000107, -7.799999999999999581E-14, 0.3579571668980000010 ) ) ;
#1438 = CARTESIAN_POINT ( 'NONE',  ( -63.85613382467780497, 36.00000000000000000, -5.233710188513652994 ) ) ;
#1439 = VECTOR ( 'NONE', #999, 1000.000000000000000 ) ;
#1440 = CARTESIAN_POINT ( 'NONE',  ( 4.000000000000000000, 8.799999999999999027E-16, 4.000000000000000000 ) ) ;
#1441 = ADVANCED_FACE ( 'NONE', ( #2011 ), #1635, .F. ) ;
#1442 = EDGE_CURVE ( 'NONE', #684, #561, #4717, .T. ) ;
#1443 = CARTESIAN_POINT ( 'NONE',  ( -38.85613382467781207, 28.99999999999999645, -25.23371018851364767 ) ) ;
#1444 = AXIS2_PLACEMENT_3D ( 'NONE', #4558, #2054, #2523 ) ;
#1445 = ORIENTED_EDGE ( 'NONE', *, *, #887, .F. ) ;
#1446 = CARTESIAN_POINT ( 'NONE',  ( 4.999999999998722799, -77.40416029259172603, 23.00000000000000000 ) ) ;
#1447 = EDGE_CURVE ( 'NONE', #2095, #366, #766, .T. ) ;
#1448 =( GEOMETRIC_REPRESENTATION_CONTEXT ( 3 ) GLOBAL_UNCERTAINTY_ASSIGNED_CONTEXT ( ( #4703 ) ) GLOBAL_UNIT_ASSIGNED_CONTEXT ( ( #2886, #812, #4200 ) ) REPRESENTATION_CONTEXT ( 'NONE', 'WORKASPACE' ) );
#1449 = ORIENTED_EDGE ( 'NONE', *, *, #3205, .T. ) ;
#1450 = EDGE_CURVE ( 'NONE', #3163, #3126, #5341, .T. ) ;
#1451 = DIRECTION ( 'NONE',  ( -0.000000000000000000, 1.000000000000000000, -0.000000000000000000 ) ) ;
#1452 = ORIENTED_EDGE ( 'NONE', *, *, #3800, .F. ) ;
#1453 = DIRECTION ( 'NONE',  ( -1.000000000000000000, 4.336808689942018229E-16, -0.000000000000000000 ) ) ;
#1454 = EDGE_LOOP ( 'NONE', ( #3074, #3060, #2542, #507 ) ) ;
#1455 = DIRECTION ( 'NONE',  ( 1.000000000000000000, -0.000000000000000000, -0.000000000000000000 ) ) ;
#1456 = CARTESIAN_POINT ( 'NONE',  ( -56.32231909642731438, 27.45440838856216814, -16.07464526101167834 ) ) ;
#1457 = EDGE_CURVE ( 'NONE', #3200, #2463, #1546, .T. ) ;
#1458 = CARTESIAN_POINT ( 'NONE',  ( 14.86167644321048620, -21.90792339692145063, 8.138282989864958239 ) ) ;
#1459 = DIRECTION ( 'NONE',  ( -0.000000000000000000, 1.000000000000000000, -0.000000000000000000 ) ) ;
#1460 = ORIENTED_EDGE ( 'NONE', *, *, #1980, .F. ) ;
#1461 = VERTEX_POINT ( 'NONE', #24 ) ;
#1462 = LINE ( 'NONE', #979, #2736 ) ;
#1463 = DIRECTION ( 'NONE',  ( -0.000000000000000000, -0.000000000000000000, -1.000000000000000000 ) ) ;
#1464 = CARTESIAN_POINT ( 'NONE',  ( -16.05000000000000071, 7.599999999999998757, 6.200000000000000178 ) ) ;
#1465 = DIRECTION ( 'NONE',  ( -1.000000000000000000, -0.000000000000000000, -0.000000000000000000 ) ) ;
#1466 = DIRECTION ( 'NONE',  ( -0.000000000000000000, -1.000000000000000000, -0.000000000000000000 ) ) ;
#1467 = FACE_OUTER_BOUND ( 'NONE', #956, .T. ) ;
#1468 = ORIENTED_EDGE ( 'NONE', *, *, #374, .T. ) ;
#1469 = EDGE_CURVE ( 'NONE', #4850, #1394, #2889, .T. ) ;
#1470 = LINE ( 'NONE', #5235, #4393 ) ;
#1471 = ORIENTED_EDGE ( 'NONE', *, *, #1457, .T. ) ;
#1472 = DIRECTION ( 'NONE',  ( 1.000000000000000000, 0.000000000000000000, 0.000000000000000000 ) ) ;
#1473 = PRODUCT ( 'PenHolderPlateFixed', 'PenHolderPlateFixed', '', ( #1509 ) ) ;
#1474 = VERTEX_POINT ( 'NONE', #3704 ) ;
#1475 = EDGE_CURVE ( 'NONE', #3909, #5008, #3604, .T. ) ;
#1476 = ADVANCED_FACE ( 'NONE', ( #348, #4898 ), #1161, .F. ) ;
#1477 = DIRECTION ( 'NONE',  ( 1.000000000000000000, 0.000000000000000000, 0.000000000000000000 ) ) ;
#1478 = ORIENTED_EDGE ( 'NONE', *, *, #2947, .T. ) ;
#1479 = VECTOR ( 'NONE', #2949, 1000.000000000000000 ) ;
#1480 = LINE ( 'NONE', #3144, #2327 ) ;
#1481 = APPLICATION_PROTOCOL_DEFINITION ( 'draft international standard', 'automotive_design', 1998, #545 ) ;
#1482 = EDGE_CURVE ( 'NONE', #3806, #2779, #2863, .T. ) ;
#1483 = FACE_OUTER_BOUND ( 'NONE', #4592, .T. ) ;
#1484 = AXIS2_PLACEMENT_3D ( 'NONE', #4240, #960, #5132 ) ;
#1485 = VERTEX_POINT ( 'NONE', #1321 ) ;
#1486 = VERTEX_POINT ( 'NONE', #2944 ) ;
#1487 = DIRECTION ( 'NONE',  ( 0.000000000000000000, 1.000000000000000000, 0.000000000000000000 ) ) ;
#1488 = LINE ( 'NONE', #4843, #939 ) ;
#1489 = CARTESIAN_POINT ( 'NONE',  ( 2.310000000000000053, 4.001037365484000574, 3.642042833101999832 ) ) ;
#1490 = DIRECTION ( 'NONE',  ( 0.000000000000000000, 1.000000000000000000, 0.000000000000000000 ) ) ;
#1491 = AXIS2_PLACEMENT_3D ( 'NONE', #1978, #3803, #2420 ) ;
#1492 = DIRECTION ( 'NONE',  ( 1.000000000000000000, 0.000000000000000000, -0.000000000000000000 ) ) ;
#1493 = EDGE_CURVE ( 'NONE', #4825, #1495, #3137, .T. ) ;
#1494 = FACE_BOUND ( 'NONE', #3885, .T. ) ;
#1495 = VERTEX_POINT ( 'NONE', #3758 ) ;
#1496 = CARTESIAN_POINT ( 'NONE',  ( 4.999999999998723688, -109.4041602925917260, 23.00000000000000000 ) ) ;
#1497 = ORIENTED_EDGE ( 'NONE', *, *, #2489, .F. ) ;
#1498 = ADVANCED_FACE ( 'NONE', ( #2093 ), #3405, .F. ) ;
#1499 = LINE ( 'NONE', #4405, #4248 ) ;
#1500 = ORIENTED_EDGE ( 'NONE', *, *, #4120, .T. ) ;
#1501 = AXIS2_PLACEMENT_3D ( 'NONE', #4234, #4575, #559 ) ;
#1502 = CARTESIAN_POINT ( 'NONE',  ( 0.000000000000000000, 0.000000000000000000, 0.000000000000000000 ) ) ;
#1503 = ORIENTED_EDGE ( 'NONE', *, *, #1276, .F. ) ;
#1504 = AXIS2_PLACEMENT_3D ( 'NONE', #3112, #596, #2300 ) ;
#1505 = VECTOR ( 'NONE', #772, 1000.000000000000000 ) ;
#1506 = EDGE_CURVE ( 'NONE', #5161, #3863, #3686, .T. ) ;
#1507 = ADVANCED_FACE ( 'NONE', ( #513 ), #4283, .F. ) ;
#1508 = CARTESIAN_POINT ( 'NONE',  ( -54.69845567069400971, 27.08345871530740823, -17.69934656368816661 ) ) ;
#1509 = PRODUCT_CONTEXT ( 'NONE', #909, 'mechanical' ) ;
#1510 = CYLINDRICAL_SURFACE ( 'NONE', #4636, 2.354999999999995985 ) ;
#1511 = LINE ( 'NONE', #2795, #4457 ) ;
#1512 = VECTOR ( 'NONE', #4287, 1000.000000000000000 ) ;
#1513 = VECTOR ( 'NONE', #4631, 1000.000000000000000 ) ;
#1514 = ORIENTED_EDGE ( 'NONE', *, *, #2552, .F. ) ;
#1515 = EDGE_CURVE ( 'NONE', #2553, #3394, #5165, .T. ) ;
#1516 = ORIENTED_EDGE ( 'NONE', *, *, #1849, .F. ) ;
#1517 = LINE ( 'NONE', #3178, #3260 ) ;
#1518 = VECTOR ( 'NONE', #3535, 1000.000000000000000 ) ;
#1519 = CARTESIAN_POINT ( 'NONE',  ( -63.85613382467780497, 0.000000000000000000, -25.23371018851364767 ) ) ;
#1520 = DIRECTION ( 'NONE',  ( -0.000000000000000000, -1.000000000000000000, -0.000000000000000000 ) ) ;
#1521 = DIRECTION ( 'NONE',  ( 0.000000000000000000, 0.000000000000000000, -1.000000000000000000 ) ) ;
#1522 = CARTESIAN_POINT ( 'NONE',  ( -16.05000000000001137, 7.599999999999995204, -0.5749999999999965139 ) ) ;
#1523 = ORIENTED_EDGE ( 'NONE', *, *, #1651, .T. ) ;
#1524 = LINE ( 'NONE', #2780, #3430 ) ;
#1525 = VERTEX_POINT ( 'NONE', #1686 ) ;
#1526 = VECTOR ( 'NONE', #1313, 1000.000000000000000 ) ;
#1527 = LINE ( 'NONE', #1937, #2124 ) ;
#1528 = ORIENTED_EDGE ( 'NONE', *, *, #1482, .T. ) ;
#1529 = VECTOR ( 'NONE', #4566, 1000.000000000000000 ) ;
#1530 = LINE ( 'NONE', #5297, #2932 ) ;
#1531 = ORIENTED_EDGE ( 'NONE', *, *, #3276, .T. ) ;
#1532 = CIRCLE ( 'NONE', #4934, 2.499999999999995115 ) ;
#1533 = CARTESIAN_POINT ( 'NONE',  ( 0.000000000000000000, -9.900000000000002132, 1.875000000000000888 ) ) ;
#1534 = ORIENTED_EDGE ( 'NONE', *, *, #160, .T. ) ;
#1535 = DIRECTION ( 'NONE',  ( 0.000000000000000000, 1.000000000000000000, 0.000000000000000000 ) ) ;
#1536 = CONTEXT_DEPENDENT_SHAPE_REPRESENTATION ( #264, #667 ) ;
#1537 = DIRECTION ( 'NONE',  ( -1.000000000000000000, 6.672013369141562259E-16, 0.000000000000000000 ) ) ;
#1538 = FACE_OUTER_BOUND ( 'NONE', #4225, .T. ) ;
#1539 = EDGE_CURVE ( 'NONE', #4026, #4223, #1327, .T. ) ;
#1540 = ORIENTED_EDGE ( 'NONE', *, *, #2775, .T. ) ;
#1541 = ORIENTED_EDGE ( 'NONE', *, *, #3086, .F. ) ;
#1542 = DIRECTION ( 'NONE',  ( -1.000000000000000000, 0.000000000000000000, -0.000000000000000000 ) ) ;
#1543 = CYLINDRICAL_SURFACE ( 'NONE', #3280, 0.9000000000000014655 ) ;
#1544 = CARTESIAN_POINT ( 'NONE',  ( -47.00000000000127898, -77.40416029259172603, 25.00000000000000000 ) ) ;
#1545 = ADVANCED_FACE ( 'NONE', ( #5014 ), #3817, .F. ) ;
#1546 = LINE ( 'NONE', #4958, #1393 ) ;
#1547 = EDGE_CURVE ( 'NONE', #3888, #3802, #4661, .T. ) ;
#1548 = CARTESIAN_POINT ( 'NONE',  ( 26.99999999999872458, -109.4041602925917260, 28.00000000000000000 ) ) ;
#1549 = ORIENTED_EDGE ( 'NONE', *, *, #1482, .F. ) ;
#1550 = DIRECTION ( 'NONE',  ( 0.000000000000000000, -1.000000000000000000, 0.000000000000000000 ) ) ;
#1551 = ORIENTED_EDGE ( 'NONE', *, *, #1469, .T. ) ;
#1552 = CARTESIAN_POINT ( 'NONE',  ( 5.050000000000006040, 16.10000000000000142, -4.336808689942017736E-16 ) ) ;
#1553 = CARTESIAN_POINT ( 'NONE',  ( -52.26852006279901985, 27.21052050655532639, -17.29963449556851174 ) ) ;
#1554 = ORIENTED_EDGE ( 'NONE', *, *, #4608, .F. ) ;
#1555 = CARTESIAN_POINT ( 'NONE',  ( -49.35613382467781207, 28.99999999999999645, -25.23371018851364767 ) ) ;
#1556 = LINE ( 'NONE', #3117, #3023 ) ;
#1557 = VERTEX_POINT ( 'NONE', #127 ) ;
#1558 = PLANE ( 'NONE',  #1240 ) ;
#1559 = ORIENTED_EDGE ( 'NONE', *, *, #1085, .F. ) ;
#1560 = EDGE_CURVE ( 'NONE', #773, #3534, #2683, .T. ) ;
#1561 = DIRECTION ( 'NONE',  ( 0.000000000000000000, 0.000000000000000000, 1.000000000000000000 ) ) ;
#1562 = SHAPE_DEFINITION_REPRESENTATION ( #1698, #3253 ) ;
#1563 = LINE ( 'NONE', #281, #5331 ) ;
#1564 = LINE ( 'NONE', #3367, #2459 ) ;
#1565 = ORIENTED_EDGE ( 'NONE', *, *, #2979, .T. ) ;
#1566 = ORIENTED_EDGE ( 'NONE', *, *, #1886, .T. ) ;
#1567 = DIRECTION ( 'NONE',  ( 0.000000000000000000, 0.000000000000000000, 1.000000000000000000 ) ) ;
#1568 = DIRECTION ( 'NONE',  ( -1.000000000000000000, 0.000000000000000000, 0.000000000000000000 ) ) ;
#1569 = EDGE_CURVE ( 'NONE', #5030, #4972, #3533, .T. ) ;
#1570 = VECTOR ( 'NONE', #1278, 1000.000000000000000 ) ;
#1571 = DIRECTION ( 'NONE',  ( 0.000000000000000000, 1.000000000000000000, 0.000000000000000000 ) ) ;
#1572 = SURFACE_SIDE_STYLE ('',( #1985 ) ) ;
#1573 = CARTESIAN_POINT ( 'NONE',  ( -16.05000000000001137, 5.200000000000000178, 0.5750000000000035083 ) ) ;
#1574 = AXIS2_PLACEMENT_3D ( 'NONE', #2916, #481, #2511 ) ;
#1575 = DIRECTION ( 'NONE',  ( -0.000000000000000000, -1.000000000000000000, -0.000000000000000000 ) ) ;
#1576 = ADVANCED_FACE ( 'NONE', ( #1350 ), #4260, .F. ) ;
#1577 = AXIS2_PLACEMENT_3D ( 'NONE', #3429, #3507, #3588 ) ;
#1578 = VERTEX_POINT ( 'NONE', #870 ) ;
#1579 =( BOUNDED_CURVE ( )  B_SPLINE_CURVE ( 2, ( #560, #2999, #3870 ),
 .UNSPECIFIED., .F., .F. ) 
 B_SPLINE_CURVE_WITH_KNOTS ( ( 3, 3 ),
 ( 0.000000000000000000, 1.000000000000000000 ),
 .UNSPECIFIED. ) 
 CURVE ( )  GEOMETRIC_REPRESENTATION_ITEM ( )  RATIONAL_B_SPLINE_CURVE ( ( 1.000000000000000000, 1.154700538379126007, 1.000000000000000000 ) ) 
 REPRESENTATION_ITEM ( '' )  );
#1580 = DIRECTION ( 'NONE',  ( 0.000000000000000000, 1.000000000000000000, 0.000000000000000000 ) ) ;
#1581 = CARTESIAN_POINT ( 'NONE',  ( -43.85613382467781207, 28.99999999999999645, -25.23371018851364767 ) ) ;
#1582 = ORIENTED_EDGE ( 'NONE', *, *, #3446, .T. ) ;
#1583 = VECTOR ( 'NONE', #2360, 1000.000000000000000 ) ;
#1584 = EDGE_CURVE ( 'NONE', #3374, #4362, #5068, .T. ) ;
#1585 = DIRECTION ( 'NONE',  ( 0.000000000000000000, 0.000000000000000000, -1.000000000000000000 ) ) ;
#1586 = FILL_AREA_STYLE ('',( #4184 ) ) ;
#1587 = ORIENTED_EDGE ( 'NONE', *, *, #4987, .T. ) ;
#1588 = ADVANCED_BREP_SHAPE_REPRESENTATION ( '', ( #3202, #3630 ), #2760 ) ;
#1589 = FACE_OUTER_BOUND ( 'NONE', #386, .T. ) ;
#1590 = ORIENTED_EDGE ( 'NONE', *, *, #2987, .F. ) ;
#1591 = FACE_OUTER_BOUND ( 'NONE', #3457, .T. ) ;
#1592 = AXIS2_PLACEMENT_3D ( 'NONE', #3039, #169, #3830 ) ;
#1593 = AXIS2_PLACEMENT_3D ( 'NONE', #2540, #2598, #77 ) ;
#1594 = CONTEXT_DEPENDENT_SHAPE_REPRESENTATION ( #2781, #504 ) ;
#1595 = CARTESIAN_POINT ( 'NONE',  ( -16.05000000000001137, -11.90100000000000513, -0.5749999999999965139 ) ) ;
#1596 = DIRECTION ( 'NONE',  ( 0.000000000000000000, 0.000000000000000000, 1.000000000000000000 ) ) ;
#1597 = CIRCLE ( 'NONE', #2130, 2.500000000000002220 ) ;
#1598 = ORIENTED_EDGE ( 'NONE', *, *, #3385, .F. ) ;
#1599 = ORIENTED_EDGE ( 'NONE', *, *, #2204, .T. ) ;
#1600 = DIRECTION ( 'NONE',  ( -0.000000000000000000, -0.000000000000000000, -1.000000000000000000 ) ) ;
#1601 = DIRECTION ( 'NONE',  ( -0.000000000000000000, -1.000000000000000000, -0.000000000000000000 ) ) ;
#1602 = LINE ( 'NONE', #1519, #2247 ) ;
#1603 = AXIS2_PLACEMENT_3D ( 'NONE', #3384, #904, #2571 ) ;
#1604 = AXIS2_PLACEMENT_3D ( 'NONE', #4712, #2945, #1351 ) ;
#1605 = DIRECTION ( 'NONE',  ( -1.000000000000000000, -0.000000000000000000, -0.000000000000000000 ) ) ;
#1606 = DIRECTION ( 'NONE',  ( -0.000000000000000000, -0.000000000000000000, -1.000000000000000000 ) ) ;
#1607 = CARTESIAN_POINT ( 'NONE',  ( -18.00000000000127187, -82.40416029259172603, 23.00000000000000000 ) ) ;
#1608 = VECTOR ( 'NONE', #4199, 1000.000000000000000 ) ;
#1609 = VECTOR ( 'NONE', #1631, 1000.000000000000000 ) ;
#1610 = DIRECTION ( 'NONE',  ( 0.000000000000000000, 0.000000000000000000, -1.000000000000000000 ) ) ;
#1611 = ORIENTED_EDGE ( 'NONE', *, *, #1806, .T. ) ;
#1612 = AXIS2_PLACEMENT_3D ( 'NONE', #2164, #3827, #4242 ) ;
#1613 = DIRECTION ( 'NONE',  ( 1.000000000000000000, -0.000000000000000000, -0.000000000000000000 ) ) ;
#1614 = CARTESIAN_POINT ( 'NONE',  ( 19.98999999999872657, -93.40416029259172603, 25.00000000000000000 ) ) ;
#1615 = EDGE_CURVE ( 'NONE', #2758, #4179, #4280, .T. ) ;
#1616 = ORIENTED_EDGE ( 'NONE', *, *, #4244, .F. ) ;
#1617 = FACE_OUTER_BOUND ( 'NONE', #3617, .T. ) ;
#1618 = DIRECTION ( 'NONE',  ( -1.000000000000000000, -0.000000000000000000, -0.000000000000000000 ) ) ;
#1619 = ORIENTED_EDGE ( 'NONE', *, *, #883, .F. ) ;
#1620 = DIRECTION ( 'NONE',  ( -1.000000000000000000, 0.000000000000000000, 0.000000000000000000 ) ) ;
#1621 = VECTOR ( 'NONE', #2178, 1000.000000000000114 ) ;
#1622 = ADVANCED_FACE ( 'NONE', ( #2125 ), #2622, .F. ) ;
#1623 = VECTOR ( 'NONE', #1998, 1000.000000000000000 ) ;
#1624 = ORIENTED_EDGE ( 'NONE', *, *, #3153, .F. ) ;
#1625 = CARTESIAN_POINT ( 'NONE',  ( -38.85613382467781207, 36.00000000000000000, -31.23371018851364767 ) ) ;
#1626 = DIRECTION ( 'NONE',  ( 0.000000000000000000, -1.000000000000000000, 0.000000000000000000 ) ) ;
#1627 = PRODUCT_DEFINITION ( 'UNKNOWN', '', #343, #2532 ) ;
#1628 = ORIENTED_EDGE ( 'NONE', *, *, #3213, .T. ) ;
#1629 = VERTEX_POINT ( 'NONE', #2968 ) ;
#1630 = VECTOR ( 'NONE', #3378, 1000.000000000000000 ) ;
#1631 = DIRECTION ( 'NONE',  ( -1.000000000000000000, 0.000000000000000000, 0.000000000000000000 ) ) ;
#1632 = CARTESIAN_POINT ( 'NONE',  ( -30.00000000000128253, -77.40416029259172603, 11.00000000000000000 ) ) ;
#1633 = DIRECTION ( 'NONE',  ( -0.000000000000000000, 1.000000000000000000, -0.000000000000000000 ) ) ;
#1634 = DIRECTION ( 'NONE',  ( 5.421010862427525128E-16, -1.000000000000000000, 0.000000000000000000 ) ) ;
#1635 = CYLINDRICAL_SURFACE ( 'NONE', #1751, 1.300000000000000488 ) ;
#1636 = CARTESIAN_POINT ( 'NONE',  ( -2.729999999999999982, -3.343285761672274002E-16, 0.000000000000000000 ) ) ;
#1637 = VERTEX_POINT ( 'NONE', #4629 ) ;
#1638 = EDGE_CURVE ( 'NONE', #2962, #4884, #900, .T. ) ;
#1639 = DIRECTION ( 'NONE',  ( -0.000000000000000000, 1.000000000000000000, -0.000000000000000000 ) ) ;
#1640 = FACE_OUTER_BOUND ( 'NONE', #393, .T. ) ;
#1641 = FACE_OUTER_BOUND ( 'NONE', #4236, .T. ) ;
#1642 = FACE_BOUND ( 'NONE', #1688, .T. ) ;
#1643 = ORIENTED_EDGE ( 'NONE', *, *, #148, .T. ) ;
#1644 = DIRECTION ( 'NONE',  ( 0.000000000000000000, 0.000000000000000000, 1.000000000000000000 ) ) ;
#1645 = DIRECTION ( 'NONE',  ( -0.000000000000000000, -0.000000000000000000, -1.000000000000000000 ) ) ;
#1646 = ADVANCED_FACE ( 'NONE', ( #2715, #2764 ), #2740, .F. ) ;
#1647 = ORIENTED_EDGE ( 'NONE', *, *, #1506, .F. ) ;
#1648 = CARTESIAN_POINT ( 'NONE',  ( 11.25000000000000178, 11.90000000000000568, -6.200000000000000178 ) ) ;
#1649 = ORIENTED_EDGE ( 'NONE', *, *, #854, .T. ) ;
#1650 = CARTESIAN_POINT ( 'NONE',  ( 5.050000000000006040, 16.10000000000000142, -6.200000000000001066 ) ) ;
#1651 = EDGE_CURVE ( 'NONE', #1433, #4138, #4379, .T. ) ;
#1652 = ORIENTED_EDGE ( 'NONE', *, *, #3912, .F. ) ;
#1653 = ORIENTED_EDGE ( 'NONE', *, *, #3987, .F. ) ;
#1654 = VERTEX_POINT ( 'NONE', #4831 ) ;
#1655 = DIRECTION ( 'NONE',  ( 0.000000000000000000, -1.000000000000000000, 0.000000000000000000 ) ) ;
#1656 = EDGE_CURVE ( 'NONE', #625, #376, #721, .T. ) ;
#1657 = DIRECTION ( 'NONE',  ( 0.000000000000000000, 1.000000000000000000, 0.000000000000000000 ) ) ;
#1658 = DIRECTION ( 'NONE',  ( -1.000000000000000000, 0.000000000000000000, -0.000000000000000000 ) ) ;
#1659 = CARTESIAN_POINT ( 'NONE',  ( 26.99999999999872458, -109.4041602925917260, 28.00000000000000000 ) ) ;
#1660 = LINE ( 'NONE', #1636, #3255 ) ;
#1661 = VERTEX_POINT ( 'NONE', #3221 ) ;
#1662 = DIRECTION ( 'NONE',  ( 0.000000000000000000, 1.000000000000000000, 0.000000000000000000 ) ) ;
#1663 = ORIENTED_EDGE ( 'NONE', *, *, #5266, .T. ) ;
#1664 = CYLINDRICAL_SURFACE ( 'NONE', #3794, 0.9000000000000014655 ) ;
#1665 = AXIS2_PLACEMENT_3D ( 'NONE', #4441, #76, #3703 ) ;
#1666 = CIRCLE ( 'NONE', #3756, 2.500000000000002220 ) ;
#1667 = CARTESIAN_POINT ( 'NONE',  ( -18.00000000000127187, -109.4041602925917260, 23.00000000000000000 ) ) ;
#1668 = EDGE_LOOP ( 'NONE', ( #1306, #588, #3293, #2408 ) ) ;
#1669 = LINE ( 'NONE', #4557, #3600 ) ;
#1670 = CIRCLE ( 'NONE', #4722, 2.799999999999999378 ) ;
#1671 = LINE ( 'NONE', #4589, #758 ) ;
#1672 = EDGE_LOOP ( 'NONE', ( #2580, #2761, #5264, #5166, #278, #1628 ) ) ;
#1673 = CARTESIAN_POINT ( 'NONE',  ( 0.000000000000000000, 0.000000000000000000, 11.00000000000000000 ) ) ;
#1674 = CIRCLE ( 'NONE', #2799, 2.500000000000001332 ) ;
#1675 = EDGE_LOOP ( 'NONE', ( #515, #1029, #3772, #906 ) ) ;
#1676 = EDGE_CURVE ( 'NONE', #4273, #4185, #677, .T. ) ;
#1677 = LINE ( 'NONE', #2113, #4152 ) ;
#1678 = ORIENTED_EDGE ( 'NONE', *, *, #1515, .F. ) ;
#1679 = EDGE_LOOP ( 'NONE', ( #4892, #1981, #5251, #5 ) ) ;
#1680 = ADVANCED_FACE ( 'NONE', ( #4885 ), #2337, .T. ) ;
#1681 = VERTEX_POINT ( 'NONE', #277 ) ;
#1682 = CARTESIAN_POINT ( 'NONE',  ( 4.620000000000000107, 0.000000000000000000, 0.3579571668980000010 ) ) ;
#1683 = DIRECTION ( 'NONE',  ( 0.000000000000000000, 0.000000000000000000, 1.000000000000000000 ) ) ;
#1684 = DIRECTION ( 'NONE',  ( 0.000000000000000000, 0.000000000000000000, -1.000000000000000000 ) ) ;
#1685 = VECTOR ( 'NONE', #4272, 1000.000000000000000 ) ;
#1686 = CARTESIAN_POINT ( 'NONE',  ( -20.50000000000127187, -82.40416029259172603, 16.10000000000000142 ) ) ;
#1687 = DIRECTION ( 'NONE',  ( -0.000000000000000000, 1.000000000000000000, -0.000000000000000000 ) ) ;
#1688 = EDGE_LOOP ( 'NONE', ( #5058, #2004, #573, #335 ) ) ;
#1689 = EDGE_CURVE ( 'NONE', #1485, #3631, #2030, .T. ) ;
#1690 = VECTOR ( 'NONE', #1567, 1000.000000000000000 ) ;
#1691 = DIRECTION ( 'NONE',  ( -0.000000000000000000, 1.000000000000000000, -0.000000000000000000 ) ) ;
#1692 = VECTOR ( 'NONE', #4506, 1000.000000000000000 ) ;
#1693 = ORIENTED_EDGE ( 'NONE', *, *, #4449, .F. ) ;
#1694 = LINE ( 'NONE', #1384, #1923 ) ;
#1695 = VECTOR ( 'NONE', #2970, 1000.000000000000000 ) ;
#1696 = AXIS2_PLACEMENT_3D ( 'NONE', #380, #1613, #4476 ) ;
#1697 = CARTESIAN_POINT ( 'NONE',  ( 2.310000000000000053, -4.001037365484000574, 0.3579571668980000010 ) ) ;
#1698 = PRODUCT_DEFINITION_SHAPE ( 'NONE', 'NONE',  #1287 ) ;
#1699 = DIRECTION ( 'NONE',  ( 1.000000000000000000, 0.000000000000000000, -0.000000000000000000 ) ) ;
#1700 = EDGE_CURVE ( 'NONE', #113, #683, #3993, .T. ) ;
#1701 = PRESENTATION_STYLE_ASSIGNMENT (( #58 ) ) ;
#1702 = AXIS2_PLACEMENT_3D ( 'NONE', #4170, #5010, #2150 ) ;
#1703 = ORIENTED_EDGE ( 'NONE', *, *, #3418, .T. ) ;
#1704 = DIRECTION ( 'NONE',  ( -0.000000000000000000, 1.000000000000000000, -0.000000000000000000 ) ) ;
#1705 = DIRECTION ( 'NONE',  ( 0.000000000000000000, 0.000000000000000000, 1.000000000000000000 ) ) ;
#1706 = VERTEX_POINT ( 'NONE', #4781 ) ;
#1707 = DIRECTION ( 'NONE',  ( 0.000000000000000000, 0.000000000000000000, 1.000000000000000000 ) ) ;
#1708 = EDGE_LOOP ( 'NONE', ( #2923, #1478, #5027, #2181 ) ) ;
#1709 = AXIS2_PLACEMENT_3D ( 'NONE', #862, #4619, #2530 ) ;
#1710 = VERTEX_POINT ( 'NONE', #5241 ) ;
#1711 = VERTEX_POINT ( 'NONE', #1144 ) ;
#1712 = CARTESIAN_POINT ( 'NONE',  ( 9.750000000000000000, -10.93448275862069430, 1.875000000000000888 ) ) ;
#1713 = CARTESIAN_POINT ( 'NONE',  ( -20.50000000000127187, -82.40416029259172603, 17.00000000000000000 ) ) ;
#1714 = VECTOR ( 'NONE', #4997, 1000.000000000000000 ) ;
#1715 = DIRECTION ( 'NONE',  ( -1.757105317124067718E-16, 0.000000000000000000, -1.000000000000000000 ) ) ;
#1716 = EDGE_CURVE ( 'NONE', #1654, #120, #3167, .T. ) ;
#1717 = CARTESIAN_POINT ( 'NONE',  ( 16.05000000000000071, 7.600000000000003197, -6.200000000000000178 ) ) ;
#1718 = DIRECTION ( 'NONE',  ( 0.000000000000000000, 0.000000000000000000, 1.000000000000000000 ) ) ;
#1719 = AXIS2_PLACEMENT_3D ( 'NONE', #5038, #3785, #897 ) ;
#1720 = LINE ( 'NONE', #871, #1513 ) ;
#1721 = VERTEX_POINT ( 'NONE', #2356 ) ;
#1722 = FACE_OUTER_BOUND ( 'NONE', #669, .T. ) ;
#1723 = EDGE_CURVE ( 'NONE', #113, #3089, #5299, .T. ) ;
#1724 = EDGE_CURVE ( 'NONE', #1433, #2661, #4017, .T. ) ;
#1725 = ORIENTED_EDGE ( 'NONE', *, *, #5114, .T. ) ;
#1726 = FILL_AREA_STYLE_COLOUR ( '', #3224 ) ;
#1727 = CARTESIAN_POINT ( 'NONE',  ( -68.85613382467781207, 10.99999999999999645, -5.233710188513652994 ) ) ;
#1728 = DIRECTION ( 'NONE',  ( 0.000000000000000000, 1.000000000000000000, -0.000000000000000000 ) ) ;
#1729 = ORIENTED_EDGE ( 'NONE', *, *, #3917, .T. ) ;
#1730 = DIRECTION ( 'NONE',  ( 0.000000000000000000, 1.000000000000000000, -0.000000000000000000 ) ) ;
#1731 = DIRECTION ( 'NONE',  ( 0.000000000000000000, -1.000000000000000000, 0.000000000000000000 ) ) ;
#1732 = ORIENTED_EDGE ( 'NONE', *, *, #4813, .F. ) ;
#1733 = CYLINDRICAL_SURFACE ( 'NONE', #3099, 2.799999999999999378 ) ;
#1734 = ORIENTED_EDGE ( 'NONE', *, *, #330, .T. ) ;
#1735 = EDGE_CURVE ( 'NONE', #2591, #3776, #3194, .T. ) ;
#1736 = ORIENTED_EDGE ( 'NONE', *, *, #2147, .T. ) ;
#1737 = EDGE_LOOP ( 'NONE', ( #2395, #1178 ) ) ;
#1738 = FACE_OUTER_BOUND ( 'NONE', #3651, .T. ) ;
#1739 = DIRECTION ( 'NONE',  ( 0.000000000000000000, 0.000000000000000000, -1.000000000000000000 ) ) ;
#1740 = CARTESIAN_POINT ( 'NONE',  ( -37.49000000000128097, -93.40416029259172603, 28.00000000000000000 ) ) ;
#1741 = DIRECTION ( 'NONE',  ( 1.000000000000000000, -1.807003620809174632E-16, 0.000000000000000000 ) ) ;
#1742 = LINE ( 'NONE', #3433, #4565 ) ;
#1743 = EDGE_LOOP ( 'NONE', ( #1365, #1565, #4276, #5343, #3249, #1153, #2723, #5353 ) ) ;
#1744 = EDGE_CURVE ( 'NONE', #5325, #3374, #2790, .T. ) ;
#1745 = CYLINDRICAL_SURFACE ( 'NONE', #234, 2.899999999999999911 ) ;
#1746 = CARTESIAN_POINT ( 'NONE',  ( 0.000000000000000000, 36.00000000000000000, 0.000000000000000000 ) ) ;
#1747 = CARTESIAN_POINT ( 'NONE',  ( -68.85613382467781207, 6.000000000000000000, -26.23371018851364767 ) ) ;
#1748 = ADVANCED_FACE ( 'NONE', ( #333, #1973, #3637 ), #1558, .F. ) ;
#1749 = PLANE ( 'NONE',  #2996 ) ;
#1750 = EDGE_LOOP ( 'NONE', ( #306, #3135, #3750, #1245, #1541, #2876 ) ) ;
#1751 = AXIS2_PLACEMENT_3D ( 'NONE', #2043, #4062, #3298 ) ;
#1752 = LINE ( 'NONE', #4516, #1135 ) ;
#1753 = PLANE ( 'NONE',  #1769 ) ;
#1754 = VERTEX_POINT ( 'NONE', #1043 ) ;
#1755 = CARTESIAN_POINT ( 'NONE',  ( 11.25000000000000178, 0.000000000000000000, 6.200000000000000178 ) ) ;
#1756 = ORIENTED_EDGE ( 'NONE', *, *, #2384, .F. ) ;
#1757 = AXIS2_PLACEMENT_3D ( 'NONE', #703, #4837, #1432 ) ;
#1758 = PRODUCT_DEFINITION_CONTEXT ( 'detailed design', #2232, 'design' ) ;
#1759 = ORIENTED_EDGE ( 'NONE', *, *, #5054, .F. ) ;
#1760 = EDGE_LOOP ( 'NONE', ( #1844, #4189 ) ) ;
#1761 = DIRECTION ( 'NONE',  ( 0.000000000000000000, 0.000000000000000000, 1.000000000000000000 ) ) ;
#1762 = DIRECTION ( 'NONE',  ( -3.491481338843133355E-15, 0.000000000000000000, -1.000000000000000000 ) ) ;
#1763 = PLANE ( 'NONE',  #1577 ) ;
#1764 = CARTESIAN_POINT ( 'NONE',  ( 0.000000000000000000, 0.000000000000000000, 0.000000000000000000 ) ) ;
#1765 = DIRECTION ( 'NONE',  ( -0.000000000000000000, -0.000000000000000000, -1.000000000000000000 ) ) ;
#1766 = ORIENTED_EDGE ( 'NONE', *, *, #2253, .T. ) ;
#1767 = ORIENTED_EDGE ( 'NONE', *, *, #3243, .T. ) ;
#1768 = CARTESIAN_POINT ( 'NONE',  ( -58.35613382467781918, 28.99999999999999645, 0.7662898114863467836 ) ) ;
#1769 = AXIS2_PLACEMENT_3D ( 'NONE', #621, #2980, #2612 ) ;
#1770 = CARTESIAN_POINT ( 'NONE',  ( -30.00000000000128253, -104.4041602925917260, 23.00000000000000000 ) ) ;
#1771 = CARTESIAN_POINT ( 'NONE',  ( 9.999999999998722799, -109.4041602925917260, 11.00000000000000000 ) ) ;
#1772 = PLANE ( 'NONE',  #1159 ) ;
#1773 = AXIS2_PLACEMENT_3D ( 'NONE', #3986, #2632, #1360 ) ;
#1774 = AXIS2_PLACEMENT_3D ( 'NONE', #1035, #709, #1012 ) ;
#1775 = CARTESIAN_POINT ( 'NONE',  ( 13.65000000000000568, 5.200000000000002842, -3.851859888774471706E-31 ) ) ;
#1776 = ORIENTED_EDGE ( 'NONE', *, *, #3741, .F. ) ;
#1777 = AXIS2_PLACEMENT_3D ( 'NONE', #2807, #1550, #4092 ) ;
#1778 = VECTOR ( 'NONE', #2021, 1000.000000000000000 ) ;
#1779 = CARTESIAN_POINT ( 'NONE',  ( -53.85613382467781207, 25.99999999999999645, -12.63371018851364624 ) ) ;
#1780 = EDGE_CURVE ( 'NONE', #2814, #4223, #2414, .T. ) ;
#1781 = CYLINDRICAL_SURFACE ( 'NONE', #2905, 2.354999999999995985 ) ;
#1782 = AXIS2_PLACEMENT_3D ( 'NONE', #3381, #5040, #1297 ) ;
#1783 = ORIENTED_EDGE ( 'NONE', *, *, #1450, .T. ) ;
#1784 = VECTOR ( 'NONE', #810, 1000.000000000000000 ) ;
#1785 = EDGE_CURVE ( 'NONE', #4014, #3102, #3120, .T. ) ;
#1786 = DIRECTION ( 'NONE',  ( -1.000000000000000000, 4.336808689942018229E-16, -0.000000000000000000 ) ) ;
#1787 = ORIENTED_EDGE ( 'NONE', *, *, #4388, .T. ) ;
#1788 = EDGE_CURVE ( 'NONE', #3667, #5314, #3140, .T. ) ;
#1789 = VERTEX_POINT ( 'NONE', #5001 ) ;
#1790 = ORIENTED_EDGE ( 'NONE', *, *, #2262, .F. ) ;
#1791 = CARTESIAN_POINT ( 'NONE',  ( 0.000000000000000000, 0.000000000000000000, 25.00000000000000000 ) ) ;
#1792 = CARTESIAN_POINT ( 'NONE',  ( 11.25000000000000178, -9.900000000000002132, 3.300000000000001599 ) ) ;
#1793 =( NAMED_UNIT ( * ) PLANE_ANGLE_UNIT ( ) SI_UNIT ( $, .RADIAN. ) );
#1794 = DIRECTION ( 'NONE',  ( 1.000000000000000000, 6.672013369141562259E-16, 0.000000000000000000 ) ) ;
#1795 = CARTESIAN_POINT ( 'NONE',  ( -38.85613382467781207, 6.000000000000000000, -4.233710188513654771 ) ) ;
#1796 = ORIENTED_EDGE ( 'NONE', *, *, #985, .T. ) ;
#1797 = EDGE_CURVE ( 'NONE', #313, #41, #1933, .T. ) ;
#1798 = ORIENTED_EDGE ( 'NONE', *, *, #4681, .T. ) ;
#1799 = AXIS2_PLACEMENT_3D ( 'NONE', #1625, #2060, #1707 ) ;
#1800 = DIRECTION ( 'NONE',  ( 0.000000000000000000, -0.000000000000000000, -1.000000000000000000 ) ) ;
#1801 = FACE_OUTER_BOUND ( 'NONE', #2926, .T. ) ;
#1802 = CYLINDRICAL_SURFACE ( 'NONE', #4099, 2.500000000000000000 ) ;
#1803 = AXIS2_PLACEMENT_3D ( 'NONE', #2079, #4098, #2465 ) ;
#1804 = CARTESIAN_POINT ( 'NONE',  ( -20.50000000000127187, -109.4041602925917260, 16.10000000000000142 ) ) ;
#1805 = CARTESIAN_POINT ( 'NONE',  ( 14.99999999999872280, -79.90416029259175446, 5.000000000000000000 ) ) ;
#1806 = EDGE_CURVE ( 'NONE', #2357, #4766, #4304, .T. ) ;
#1807 = DIRECTION ( 'NONE',  ( 0.000000000000000000, 0.000000000000000000, -1.000000000000000000 ) ) ;
#1808 = AXIS2_PLACEMENT_3D ( 'NONE', #2261, #1897, #5246 ) ;
#1809 = VERTEX_POINT ( 'NONE', #5358 ) ;
#1810 = CARTESIAN_POINT ( 'NONE',  ( -43.85613382467781207, 0.000000000000000000, 0.7662898114863467836 ) ) ;
#1811 = ORIENTED_EDGE ( 'NONE', *, *, #4486, .T. ) ;
#1812 = EDGE_CURVE ( 'NONE', #2895, #116, #2499, .T. ) ;
#1813 = LINE ( 'NONE', #94, #2234 ) ;
#1814 = ORIENTED_EDGE ( 'NONE', *, *, #2495, .F. ) ;
#1815 = PRODUCT_DEFINITION_CONTEXT ( 'detailed design', #2017, 'design' ) ;
#1816 = EDGE_LOOP ( 'NONE', ( #626, #1080 ) ) ;
#1817 = CARTESIAN_POINT ( 'NONE',  ( -38.85613382467781207, 6.000000000000000000, -26.23371018851364767 ) ) ;
#1818 = EDGE_CURVE ( 'NONE', #1995, #2935, #815, .T. ) ;
#1819 = DIRECTION ( 'NONE',  ( 1.000000000000000000, -0.000000000000000000, 0.000000000000000000 ) ) ;
#1820 = DIRECTION ( 'NONE',  ( -1.000000000000000000, -6.982962677686266711E-15, 3.491481338843108901E-15 ) ) ;
#1821 = DIRECTION ( 'NONE',  ( 0.000000000000000000, 0.000000000000000000, -1.000000000000000000 ) ) ;
#1822 = DIRECTION ( 'NONE',  ( 0.000000000000000000, 0.000000000000000000, 1.000000000000000000 ) ) ;
#1823 = EDGE_LOOP ( 'NONE', ( #2402, #2805 ) ) ;
#1824 = ORIENTED_EDGE ( 'NONE', *, *, #3834, .T. ) ;
#1825 = LINE ( 'NONE', #4690, #1512 ) ;
#1826 = CARTESIAN_POINT ( 'NONE',  ( 26.99999999999872458, -109.4041602925917260, 25.00000000000000000 ) ) ;
#1827 = FACE_OUTER_BOUND ( 'NONE', #3937, .T. ) ;
#1828 = CARTESIAN_POINT ( 'NONE',  ( -53.85613382467781207, 25.99999999999999645, -15.23371018851364944 ) ) ;
#1829 = PLANE ( 'NONE',  #4999 ) ;
#1830 = VERTEX_POINT ( 'NONE', #4218 ) ;
#1831 = AXIS2_PLACEMENT_3D ( 'NONE', #3955, #2776, #3648 ) ;
#1832 = DIRECTION ( 'NONE',  ( 1.000000000000000000, 1.541976423090495140E-16, 0.000000000000000000 ) ) ;
#1833 = EDGE_LOOP ( 'NONE', ( #3690, #3528, #2569, #4205 ) ) ;
#1834 = PLANE ( 'NONE',  #2674 ) ;
#1835 = AXIS2_PLACEMENT_3D ( 'NONE', #2326, #1521, #3984 ) ;
#1836 = ORIENTED_EDGE ( 'NONE', *, *, #5181, .T. ) ;
#1837 = ORIENTED_EDGE ( 'NONE', *, *, #1975, .T. ) ;
#1838 = FILL_AREA_STYLE_COLOUR ( '', #2313 ) ;
#1839 = LINE ( 'NONE', #3865, #1439 ) ;
#1840 = CARTESIAN_POINT ( 'NONE',  ( 0.000000000000000000, 0.000000000000000000, 0.000000000000000000 ) ) ;
#1841 = AXIS2_PLACEMENT_3D ( 'NONE', #258, #3124, #682 ) ;
#1842 = CYLINDRICAL_SURFACE ( 'NONE', #130, 1.300000000000000488 ) ;
#1843 = EDGE_CURVE ( 'NONE', #5314, #3383, #2849, .T. ) ;
#1844 = ORIENTED_EDGE ( 'NONE', *, *, #5258, .T. ) ;
#1845 = VECTOR ( 'NONE', #2793, 1000.000000000000000 ) ;
#1846 = ORIENTED_EDGE ( 'NONE', *, *, #3452, .F. ) ;
#1847 = DIRECTION ( 'NONE',  ( 0.000000000000000000, -1.000000000000000000, 0.000000000000000000 ) ) ;
#1848 = DIRECTION ( 'NONE',  ( -7.228014483236699514E-16, 1.000000000000000000, -0.000000000000000000 ) ) ;
#1849 = EDGE_CURVE ( 'NONE', #5082, #2591, #3743, .T. ) ;
#1850 = DIRECTION ( 'NONE',  ( -1.000000000000000000, 0.000000000000000000, 0.000000000000000000 ) ) ;
#1851 = LINE ( 'NONE', #189, #294 ) ;
#1852 = EDGE_CURVE ( 'NONE', #4699, #4766, #498, .T. ) ;
#1853 = FACE_OUTER_BOUND ( 'NONE', #4019, .T. ) ;
#1854 = FACE_OUTER_BOUND ( 'NONE', #1344, .T. ) ;
#1855 = VECTOR ( 'NONE', #4805, 1000.000000000000000 ) ;
#1856 = AXIS2_PLACEMENT_3D ( 'NONE', #4601, #48, #2154 ) ;
#1857 = ORIENTED_EDGE ( 'NONE', *, *, #923, .F. ) ;
#1858 = PRODUCT_DEFINITION ( 'UNKNOWN', '', #522, #1815 ) ;
#1859 = AXIS2_PLACEMENT_3D ( 'NONE', #5324, #1455, #1173 ) ;
#1860 = CARTESIAN_POINT ( 'NONE',  ( -18.00000000000127187, -77.40416029259172603, 23.00000000000000000 ) ) ;
#1861 = EDGE_LOOP ( 'NONE', ( #4400, #4427, #3042, #4493, #1261, #4920, #1734, #28, #1263, #838, #978, #2930, #4270, #4664, #4168, #5335 ) ) ;
#1862 = EDGE_CURVE ( 'NONE', #5099, #43, #3368, .T. ) ;
#1863 = DIRECTION ( 'NONE',  ( -0.000000000000000000, 1.000000000000000000, -0.000000000000000000 ) ) ;
#1864 = CIRCLE ( 'NONE', #4822, 2.799999999999999378 ) ;
#1865 = EDGE_LOOP ( 'NONE', ( #976, #3044, #3871, #1846 ) ) ;
#1866 = CARTESIAN_POINT ( 'NONE',  ( 0.000000000000000000, 0.000000000000000000, 0.000000000000000000 ) ) ;
#1867 = VECTOR ( 'NONE', #2860, 1000.000000000000000 ) ;
#1868 = VECTOR ( 'NONE', #2804, 1000.000000000000000 ) ;
#1869 = ORIENTED_EDGE ( 'NONE', *, *, #954, .F. ) ;
#1870 = CARTESIAN_POINT ( 'NONE',  ( 16.05000000000000426, -11.90100000000000513, 0.5749999999999999556 ) ) ;
#1871 = CARTESIAN_POINT ( 'NONE',  ( -37.49000000000128097, -93.40416029259172603, 28.00000000000000000 ) ) ;
#1872 = DIRECTION ( 'NONE',  ( -1.000000000000000000, 0.000000000000000000, 1.047444401652940007E-14 ) ) ;
#1873 = VECTOR ( 'NONE', #785, 1000.000000000000000 ) ;
#1874 = CARTESIAN_POINT ( 'NONE',  ( -18.00000000000127187, -77.40416029259172603, 23.00000000000000000 ) ) ;
#1875 = ORIENTED_EDGE ( 'NONE', *, *, #3343, .F. ) ;
#1876 = ORIENTED_EDGE ( 'NONE', *, *, #1203, .F. ) ;
#1877 = CARTESIAN_POINT ( 'NONE',  ( 26.99999999999872813, -77.40416029259172603, 28.00000000000000000 ) ) ;
#1878 = DIRECTION ( 'NONE',  ( 1.000000000000000000, 2.000000000000000143E-17, 0.000000000000000000 ) ) ;
#1879 = EDGE_CURVE ( 'NONE', #4380, #2302, #5029, .T. ) ;
#1880 = CARTESIAN_POINT ( 'NONE',  ( -38.85613382467781207, 10.99999999999999645, -25.23371018851364767 ) ) ;
#1881 = FACE_OUTER_BOUND ( 'NONE', #4109, .T. ) ;
#1882 = AXIS2_PLACEMENT_3D ( 'NONE', #1372, #2992, #2593 ) ;
#1883 = DIRECTION ( 'NONE',  ( -1.000000000000000000, 5.421010862427522786E-17, -0.000000000000000000 ) ) ;
#1884 = EDGE_CURVE ( 'NONE', #4067, #2352, #311, .T. ) ;
#1885 = CARTESIAN_POINT ( 'NONE',  ( 0.000000000000000000, -9.900000000000002132, 0.000000000000000000 ) ) ;
#1886 = EDGE_CURVE ( 'NONE', #2692, #4865, #2141, .T. ) ;
#1887 = ADVANCED_FACE ( 'NONE', ( #1589 ), #4917, .F. ) ;
#1888 = ORIENTED_EDGE ( 'NONE', *, *, #3343, .T. ) ;
#1889 = CARTESIAN_POINT ( 'NONE',  ( -51.79054412268482821, 27.33134310193317873, -16.82173152012924433 ) ) ;
#1890 = ORIENTED_EDGE ( 'NONE', *, *, #853, .T. ) ;
#1891 = EDGE_CURVE ( 'NONE', #2357, #1938, #467, .T. ) ;
#1892 = FACE_BOUND ( 'NONE', #1286, .T. ) ;
#1893 = EDGE_LOOP ( 'NONE', ( #4349, #4251 ) ) ;
#1894 = CARTESIAN_POINT ( 'NONE',  ( -68.85613382467781207, 10.99999999999999645, -31.23371018851364767 ) ) ;
#1895 = VERTEX_POINT ( 'NONE', #777 ) ;
#1896 = CARTESIAN_POINT ( 'NONE',  ( -55.92036263195695511, 27.33095011971959210, -13.64377347736224522 ) ) ;
#1897 = DIRECTION ( 'NONE',  ( 0.000000000000000000, 0.000000000000000000, 1.000000000000000000 ) ) ;
#1898 = EDGE_CURVE ( 'NONE', #872, #4594, #2439, .T. ) ;
#1899 = CARTESIAN_POINT ( 'NONE',  ( -42.49000000000126676, -93.40416029259172603, 25.00000000000000000 ) ) ;
#1900 = EDGE_LOOP ( 'NONE', ( #50, #5295, #1346 ) ) ;
#1901 = VERTEX_POINT ( 'NONE', #387 ) ;
#1902 = CARTESIAN_POINT ( 'NONE',  ( -38.85613382467781207, 10.99999999999999645, -5.233710188513652994 ) ) ;
#1903 = CARTESIAN_POINT ( 'NONE',  ( -39.99000000000127386, -93.40416029259172603, 25.00000000000000000 ) ) ;
#1904 = PLANE ( 'NONE',  #3931 ) ;
#1905 = DIRECTION ( 'NONE',  ( 0.000000000000000000, 1.000000000000000000, 0.000000000000000000 ) ) ;
#1906 = CARTESIAN_POINT ( 'NONE',  ( 0.000000000000000000, 50.00000000000000000, 0.000000000000000000 ) ) ;
#1907 = EDGE_CURVE ( 'NONE', #1789, #1113, #905, .T. ) ;
#1908 = CARTESIAN_POINT ( 'NONE',  ( -68.85613382467781207, 6.000000000000000000, -23.73371018851364411 ) ) ;
#1909 = VERTEX_POINT ( 'NONE', #2027 ) ;
#1910 = LINE ( 'NONE', #219, #2990 ) ;
#1911 = ADVANCED_FACE ( 'NONE', ( #1201 ), #2875, .F. ) ;
#1912 = VERTEX_POINT ( 'NONE', #14 ) ;
#1913 = DIRECTION ( 'NONE',  ( 0.000000000000000000, 0.000000000000000000, 1.000000000000000000 ) ) ;
#1914 = ORIENTED_EDGE ( 'NONE', *, *, #4302, .T. ) ;
#1915 = DIRECTION ( 'NONE',  ( 1.000000000000000000, 0.000000000000000000, 0.000000000000000000 ) ) ;
#1916 = ORIENTED_EDGE ( 'NONE', *, *, #4381, .T. ) ;
#1917 = AXIS2_PLACEMENT_3D ( 'NONE', #3789, #3025, #4685 ) ;
#1918 = VECTOR ( 'NONE', #4745, 1000.000000000000000 ) ;
#1919 = CARTESIAN_POINT ( 'NONE',  ( 0.000000000000000000, 50.00000000000000000, 0.000000000000000000 ) ) ;
#1920 = CONTEXT_DEPENDENT_SHAPE_REPRESENTATION ( #1382, #1004 ) ;
#1921 = FACE_OUTER_BOUND ( 'NONE', #2374, .T. ) ;
#1922 = CARTESIAN_POINT ( 'NONE',  ( -30.00000000000128253, -79.90416029259172603, 5.000000000000000000 ) ) ;
#1923 = VECTOR ( 'NONE', #2132, 1000.000000000000000 ) ;
#1924 = ORIENTED_EDGE ( 'NONE', *, *, #2766, .T. ) ;
#1925 = ORIENTED_EDGE ( 'NONE', *, *, #3222, .F. ) ;
#1926 = AXIS2_PLACEMENT_3D ( 'NONE', #2703, #4030, #2324 ) ;
#1927 = DIRECTION ( 'NONE',  ( 1.457750820148577388E-16, 1.000000000000000000, 0.000000000000000000 ) ) ;
#1928 = PLANE ( 'NONE',  #601 ) ;
#1929 = LINE ( 'NONE', #3152, #3755 ) ;
#1930 = CARTESIAN_POINT ( 'NONE',  ( -20.50000000000127187, -109.4041602925917260, 16.10000000000000142 ) ) ;
#1931 = AXIS2_PLACEMENT_3D ( 'NONE', #4684, #1821, #4660 ) ;
#1932 = CARTESIAN_POINT ( 'NONE',  ( -0.6499999999999931388, 16.10000000000000142, 2.917592839829852490E-16 ) ) ;
#1933 =( BOUNDED_CURVE ( )  B_SPLINE_CURVE ( 2, ( #3251, #1229, #4562 ),
 .UNSPECIFIED., .F., .F. ) 
 B_SPLINE_CURVE_WITH_KNOTS ( ( 3, 3 ),
 ( 0.000000000000000000, 1.000000000000000000 ),
 .UNSPECIFIED. ) 
 CURVE ( )  GEOMETRIC_REPRESENTATION_ITEM ( )  RATIONAL_B_SPLINE_CURVE ( ( 1.000000000000000000, 1.154700538379269892, 1.000000000000000000 ) ) 
 REPRESENTATION_ITEM ( '' )  );
#1934 = ORIENTED_EDGE ( 'NONE', *, *, #2263, .T. ) ;
#1935 = CARTESIAN_POINT ( 'NONE',  ( 26.99999999999872813, -77.40416029259172603, 28.00000000000000000 ) ) ;
#1936 = EDGE_LOOP ( 'NONE', ( #247, #5203 ) ) ;
#1937 = CARTESIAN_POINT ( 'NONE',  ( -47.00000000000128608, -109.4041602925917260, 25.00000000000000000 ) ) ;
#1938 = VERTEX_POINT ( 'NONE', #1648 ) ;
#1939 = CARTESIAN_POINT ( 'NONE',  ( -68.85613382467781207, 10.99999999999999645, -25.23371018851364767 ) ) ;
#1940 = EDGE_CURVE ( 'NONE', #1394, #4766, #4971, .T. ) ;
#1941 = EDGE_LOOP ( 'NONE', ( #448, #2435 ) ) ;
#1942 = VECTOR ( 'NONE', #4047, 1000.000000000000000 ) ;
#1943 = APPLICATION_CONTEXT ( 'automotive_design' ) ;
#1944 = DIRECTION ( 'NONE',  ( -0.000000000000000000, -1.000000000000000000, -0.000000000000000000 ) ) ;
#1945 = ORIENTED_EDGE ( 'NONE', *, *, #3912, .T. ) ;
#1946 = CIRCLE ( 'NONE', #5083, 2.425000000000000266 ) ;
#1947 = AXIS2_PLACEMENT_3D ( 'NONE', #5133, #2186, #1385 ) ;
#1948 = CARTESIAN_POINT ( 'NONE',  ( -54.53588843667424158, 27.06567684211432123, -17.74916301394857854 ) ) ;
#1949 = EDGE_CURVE ( 'NONE', #4273, #1485, #1417, .T. ) ;
#1950 = CARTESIAN_POINT ( 'NONE',  ( 13.65000000000000568, 5.200000000000002842, -1.300000000000000488 ) ) ;
#1951 = DIRECTION ( 'NONE',  ( 0.000000000000000000, 1.000000000000000000, -0.000000000000000000 ) ) ;
#1952 = AXIS2_PLACEMENT_3D ( 'NONE', #4604, #4635, #873 ) ;
#1953 = ORIENTED_EDGE ( 'NONE', *, *, #926, .F. ) ;
#1954 = EDGE_LOOP ( 'NONE', ( #2694, #3476, #3901, #1387 ) ) ;
#1955 = DIRECTION ( 'NONE',  ( 0.000000000000000000, 0.000000000000000000, -1.000000000000000000 ) ) ;
#1956 = AXIS2_PLACEMENT_3D ( 'NONE', #2464, #3688, #4452 ) ;
#1957 = LINE ( 'NONE', #4086, #3373 ) ;
#1958 = CARTESIAN_POINT ( 'NONE',  ( -20.50000000000127187, -77.40416029259172603, 17.00000000000000000 ) ) ;
#1959 =( LENGTH_UNIT ( ) NAMED_UNIT ( * ) SI_UNIT ( .MILLI., .METRE. ) );
#1960 = FACE_OUTER_BOUND ( 'NONE', #3314, .T. ) ;
#1961 = VERTEX_POINT ( 'NONE', #2192 ) ;
#1962 = DIRECTION ( 'NONE',  ( 1.000000000000000000, 0.000000000000000000, 0.000000000000000000 ) ) ;
#1963 = ORIENTED_EDGE ( 'NONE', *, *, #2806, .T. ) ;
#1964 = AXIS2_PLACEMENT_3D ( 'NONE', #991, #603, #2252 ) ;
#1965 = ADVANCED_FACE ( 'NONE', ( #966 ), #2689, .F. ) ;
#1966 = LINE ( 'NONE', #3602, #491 ) ;
#1967 = ORIENTED_EDGE ( 'NONE', *, *, #696, .T. ) ;
#1968 = LINE ( 'NONE', #1993, #1415 ) ;
#1969 = AXIS2_PLACEMENT_3D ( 'NONE', #624, #5193, #3635 ) ;
#1970 = FACE_OUTER_BOUND ( 'NONE', #2857, .T. ) ;
#1971 = ORIENTED_EDGE ( 'NONE', *, *, #5201, .T. ) ;
#1972 =( GEOMETRIC_REPRESENTATION_CONTEXT ( 3 ) GLOBAL_UNCERTAINTY_ASSIGNED_CONTEXT ( ( #4107 ) ) GLOBAL_UNIT_ASSIGNED_CONTEXT ( ( #755, #2418, #5302 ) ) REPRESENTATION_CONTEXT ( 'NONE', 'WORKASPACE' ) );
#1973 = FACE_OUTER_BOUND ( 'NONE', #199, .T. ) ;
#1974 = VERTEX_POINT ( 'NONE', #3857 ) ;
#1975 = EDGE_CURVE ( 'NONE', #3699, #1228, #2816, .T. ) ;
#1976 = CARTESIAN_POINT ( 'NONE',  ( -42.49000000000126676, -93.40416029259172603, 28.00000000000000000 ) ) ;
#1977 = CARTESIAN_POINT ( 'NONE',  ( 14.99999999999872280, -104.4041602925917545, 5.000000000000000000 ) ) ;
#1978 = CARTESIAN_POINT ( 'NONE',  ( 0.000000000000000000, 0.000000000000000000, 4.000000000000000000 ) ) ;
#1979 = ORIENTED_EDGE ( 'NONE', *, *, #4477, .F. ) ;
#1980 = EDGE_CURVE ( 'NONE', #4637, #366, #92, .T. ) ;
#1981 = ORIENTED_EDGE ( 'NONE', *, *, #3747, .T. ) ;
#1982 = DIRECTION ( 'NONE',  ( 1.000000000000000000, -1.807003620809174632E-16, 0.000000000000000000 ) ) ;
#1983 = CARTESIAN_POINT ( 'NONE',  ( -68.85613382467781207, 0.000000000000000000, 0.7662898114863467836 ) ) ;
#1984 = CARTESIAN_POINT ( 'NONE',  ( 14.99999999999872280, -82.40416029259175446, 5.000000000000000000 ) ) ;
#1985 = SURFACE_STYLE_FILL_AREA ( #3625 ) ;
#1986 = FACE_OUTER_BOUND ( 'NONE', #1103, .T. ) ;
#1987 = ORIENTED_EDGE ( 'NONE', *, *, #3212, .F. ) ;
#1988 = CARTESIAN_POINT ( 'NONE',  ( -30.00000000000128253, -104.4041602925917260, 23.00000000000000000 ) ) ;
#1989 = ORIENTED_EDGE ( 'NONE', *, *, #5079, .F. ) ;
#1990 = CARTESIAN_POINT ( 'NONE',  ( -38.85613382467781207, 6.000000000000000000, -6.733710188513656547 ) ) ;
#1991 = CARTESIAN_POINT ( 'NONE',  ( 7.499999999998722799, -77.40416029259172603, 17.00000000000000000 ) ) ;
#1992 = ORIENTED_EDGE ( 'NONE', *, *, #553, .T. ) ;
#1993 = CARTESIAN_POINT ( 'NONE',  ( 9.999999999998724576, -104.4041602925917260, 23.00000000000000000 ) ) ;
#1994 = CARTESIAN_POINT ( 'NONE',  ( 2.310000000000000053, 4.001037365484000574, 3.642042833101999832 ) ) ;
#1995 = VERTEX_POINT ( 'NONE', #1388 ) ;
#1996 = CARTESIAN_POINT ( 'NONE',  ( 5.050000000000006928, 16.10000000000000142, 6.200000000000001066 ) ) ;
#1997 = ORIENTED_EDGE ( 'NONE', *, *, #4586, .T. ) ;
#1998 = DIRECTION ( 'NONE',  ( 1.000000000000000000, 0.000000000000000000, 0.000000000000000000 ) ) ;
#1999 = APPLICATION_PROTOCOL_DEFINITION ( 'draft international standard', 'automotive_design', 1998, #3515 ) ;
#2000 = DIRECTION ( 'NONE',  ( 1.000000000000000000, -0.000000000000000000, -0.000000000000000000 ) ) ;
#2001 = ADVANCED_FACE ( 'NONE', ( #3449 ), #141, .F. ) ;
#2002 = CARTESIAN_POINT ( 'NONE',  ( -20.50000000000127187, -109.4041602925917260, 17.00000000000000000 ) ) ;
#2003 = ORIENTED_EDGE ( 'NONE', *, *, #1584, .F. ) ;
#2004 = ORIENTED_EDGE ( 'NONE', *, *, #2096, .F. ) ;
#2005 = DIRECTION ( 'NONE',  ( -1.000000000000000000, -0.000000000000000000, -0.000000000000000000 ) ) ;
#2006 = CARTESIAN_POINT ( 'NONE',  ( 0.000000000000000000, 0.000000000000000000, 3.601628314258999985 ) ) ;
#2007 = PLANE ( 'NONE',  #257 ) ;
#2008 = AXIS2_PLACEMENT_3D ( 'NONE', #5312, #4088, #319 ) ;
#2009 = ADVANCED_FACE ( 'NONE', ( #4348 ), #4753, .T. ) ;
#2010 = CARTESIAN_POINT ( 'NONE',  ( -68.85613382467781207, 0.000000000000000000, -31.23371018851364767 ) ) ;
#2011 = FACE_OUTER_BOUND ( 'NONE', #1289, .T. ) ;
#2012 = CARTESIAN_POINT ( 'NONE',  ( -13.65000000000001279, 5.199999999999996625, 3.469446951953613794E-15 ) ) ;
#2013 = VERTEX_POINT ( 'NONE', #4325 ) ;
#2014 = AXIS2_PLACEMENT_3D ( 'NONE', #2426, #1605, #1684 ) ;
#2015 = EDGE_CURVE ( 'NONE', #5086, #2319, #140, .T. ) ;
#2016 = DIRECTION ( 'NONE',  ( 0.000000000000000000, 0.000000000000000000, 1.000000000000000000 ) ) ;
#2017 = APPLICATION_CONTEXT ( 'automotive_design' ) ;
#2018 = AXIS2_PLACEMENT_3D ( 'NONE', #3945, #1101, #3564 ) ;
#2019 = ADVANCED_FACE ( 'NONE', ( #4674 ), #1753, .T. ) ;
#2020 = ORIENTED_EDGE ( 'NONE', *, *, #3311, .T. ) ;
#2021 = DIRECTION ( 'NONE',  ( -0.000000000000000000, 1.000000000000000000, -0.000000000000000000 ) ) ;
#2022 = CARTESIAN_POINT ( 'NONE',  ( 16.05000000000000071, 5.200000000000002842, -6.200000000000000178 ) ) ;
#2023 = ORIENTED_EDGE ( 'NONE', *, *, #2590, .T. ) ;
#2024 = DIRECTION ( 'NONE',  ( -1.000000000000000000, 0.000000000000000000, 1.757105317124067718E-16 ) ) ;
#2025 = FACE_OUTER_BOUND ( 'NONE', #4830, .T. ) ;
#2026 = EDGE_LOOP ( 'NONE', ( #328, #5323, #3220, #2020 ) ) ;
#2027 = CARTESIAN_POINT ( 'NONE',  ( -53.85613382467781207, 33.49999999999999289, -12.63371018851364624 ) ) ;
#2028 = VERTEX_POINT ( 'NONE', #115 ) ;
#2029 = DIRECTION ( 'NONE',  ( 1.000000000000000000, -0.000000000000000000, 0.000000000000000000 ) ) ;
#2030 = CIRCLE ( 'NONE', #3080, 2.899999999999999911 ) ;
#2031 = CARTESIAN_POINT ( 'NONE',  ( -49.35613382467781207, 28.99999999999999645, -25.23371018851364767 ) ) ;
#2032 = UNCERTAINTY_MEASURE_WITH_UNIT (LENGTH_MEASURE( 1.000000000000000082E-05 ), #3480, 'distance_accuracy_value', 'NONE');
#2033 = VECTOR ( 'NONE', #3445, 1000.000000000000000 ) ;
#2034 = AXIS2_PLACEMENT_3D ( 'NONE', #5260, #4345, #2373 ) ;
#2035 = ORIENTED_EDGE ( 'NONE', *, *, #1656, .F. ) ;
#2036 = EDGE_LOOP ( 'NONE', ( #4016, #473 ) ) ;
#2037 = LINE ( 'NONE', #3726, #3879 ) ;
#2038 = DIRECTION ( 'NONE',  ( 1.000000000000000000, 0.000000000000000000, 0.000000000000000000 ) ) ;
#2039 = FACE_OUTER_BOUND ( 'NONE', #4788, .T. ) ;
#2040 = AXIS2_PLACEMENT_3D ( 'NONE', #731, #1955, #3232 ) ;
#2041 = AXIS2_PLACEMENT_3D ( 'NONE', #5125, #79, #128 ) ;
#2042 = FACE_OUTER_BOUND ( 'NONE', #3858, .T. ) ;
#2043 = CARTESIAN_POINT ( 'NONE',  ( -13.65000000000001279, -11.90100000000000513, 3.469446951953613794E-15 ) ) ;
#2044 = CARTESIAN_POINT ( 'NONE',  ( -63.85613382467780497, 6.000000000000000000, -4.233710188513654771 ) ) ;
#2045 = ORIENTED_EDGE ( 'NONE', *, *, #3649, .F. ) ;
#2046 = EDGE_CURVE ( 'NONE', #620, #1637, #3393, .T. ) ;
#2047 = FACE_OUTER_BOUND ( 'NONE', #1434, .T. ) ;
#2048 = ORIENTED_EDGE ( 'NONE', *, *, #3452, .T. ) ;
#2049 = DIRECTION ( 'NONE',  ( -0.000000000000000000, -1.000000000000000000, -0.000000000000000000 ) ) ;
#2050 = CARTESIAN_POINT ( 'NONE',  ( -38.85613382467781207, 6.000000000000000000, -26.23371018851364767 ) ) ;
#2051 = ORIENTED_EDGE ( 'NONE', *, *, #4756, .F. ) ;
#2052 = ADVANCED_FACE ( 'NONE', ( #549 ), #1781, .F. ) ;
#2053 = PLANE ( 'NONE',  #651 ) ;
#2054 = DIRECTION ( 'NONE',  ( -1.000000000000000000, 0.000000000000000000, 0.000000000000000000 ) ) ;
#2055 = VERTEX_POINT ( 'NONE', #1810 ) ;
#2056 = DIRECTION ( 'NONE',  ( -0.000000000000000000, -1.000000000000000000, -0.000000000000000000 ) ) ;
#2057 = EDGE_CURVE ( 'NONE', #874, #3193, #3038, .T. ) ;
#2058 = VECTOR ( 'NONE', #608, 1000.000000000000000 ) ;
#2059 = ORIENTED_EDGE ( 'NONE', *, *, #59, .F. ) ;
#2060 = DIRECTION ( 'NONE',  ( -1.000000000000000000, 0.000000000000000000, 0.000000000000000000 ) ) ;
#2061 = EDGE_LOOP ( 'NONE', ( #449, #1427, #121, #1888 ) ) ;
#2062 = PRESENTATION_LAYER_ASSIGNMENT (  '', '', ( #3626 ) ) ;
#2063 = ORIENTED_EDGE ( 'NONE', *, *, #1852, .F. ) ;
#2064 = EDGE_LOOP ( 'NONE', ( #2808, #612, #1369, #3125, #3121, #1725, #4169, #2961 ) ) ;
#2065 = VECTOR ( 'NONE', #4003, 1000.000000000000000 ) ;
#2066 = CARTESIAN_POINT ( 'NONE',  ( 11.25000000000000178, 11.90000000000000568, 6.200000000000000178 ) ) ;
#2067 = LINE ( 'NONE', #2964, #2575 ) ;
#2068 = EDGE_CURVE ( 'NONE', #1340, #1353, #1527, .T. ) ;
#2069 = DIRECTION ( 'NONE',  ( -1.000000000000000000, 0.000000000000000000, 0.000000000000000000 ) ) ;
#2070 = DIRECTION ( 'NONE',  ( -0.000000000000000000, -0.000000000000000000, -1.000000000000000000 ) ) ;
#2071 = CARTESIAN_POINT ( 'NONE',  ( 5.050000000000006040, 18.95000000000000284, -4.336808689942017736E-16 ) ) ;
#2072 = ORIENTED_EDGE ( 'NONE', *, *, #1068, .F. ) ;
#2073 = DIRECTION ( 'NONE',  ( -0.000000000000000000, -1.000000000000000000, -0.000000000000000000 ) ) ;
#2074 = CARTESIAN_POINT ( 'NONE',  ( -30.00000000000128253, -82.40416029259172603, 5.000000000000000000 ) ) ;
#2075 = DIRECTION ( 'NONE',  ( 0.000000000000000000, 0.000000000000000000, 1.000000000000000000 ) ) ;
#2076 = CARTESIAN_POINT ( 'NONE',  ( 7.499999999998722799, -109.4041602925917260, 17.90000000000000213 ) ) ;
#2077 = EDGE_LOOP ( 'NONE', ( #4076, #2498, #5002, #3252 ) ) ;
#2078 = LINE ( 'NONE', #3009, #577 ) ;
#2079 = CARTESIAN_POINT ( 'NONE',  ( 11.25000000000000178, -9.900000000000002132, -6.200000000000000178 ) ) ;
#2080 = ORIENTED_EDGE ( 'NONE', *, *, #3890, .F. ) ;
#2081 = EDGE_CURVE ( 'NONE', #3802, #4854, #4881, .T. ) ;
#2082 = DIRECTION ( 'NONE',  ( -1.000000000000000000, 0.000000000000000000, 0.000000000000000000 ) ) ;
#2083 = ORIENTED_EDGE ( 'NONE', *, *, #3687, .F. ) ;
#2084 = CARTESIAN_POINT ( 'NONE',  ( -63.85613382467780497, 0.000000000000000000, 0.000000000000000000 ) ) ;
#2085 = ORIENTED_EDGE ( 'NONE', *, *, #3159, .T. ) ;
#2086 = PRODUCT_DEFINITION_CONTEXT ( 'detailed design', #4355, 'design' ) ;
#2087 = ORIENTED_EDGE ( 'NONE', *, *, #4763, .T. ) ;
#2088 = ORIENTED_EDGE ( 'NONE', *, *, #4901, .F. ) ;
#2089 = LINE ( 'NONE', #5036, #917 ) ;
#2090 = CARTESIAN_POINT ( 'NONE',  ( -68.85613382467781207, 36.00000000000000000, -31.23371018851364767 ) ) ;
#2091 = SHAPE_REPRESENTATION_RELATIONSHIP ( 'NONE' , 'NONE' ,  #4548, #3283 ) ;
#2092 = CIRCLE ( 'NONE', #1831, 4.000000000000000000 ) ;
#2093 = FACE_OUTER_BOUND ( 'NONE', #171, .T. ) ;
#2094 = CARTESIAN_POINT ( 'NONE',  ( 9.999999999998724576, -82.40416029259172603, 23.00000000000000000 ) ) ;
#2095 = VERTEX_POINT ( 'NONE', #4879 ) ;
#2096 = EDGE_CURVE ( 'NONE', #3366, #3273, #1966, .T. ) ;
#2097 = DIRECTION ( 'NONE',  ( 0.000000000000000000, 0.000000000000000000, -1.000000000000000000 ) ) ;
#2098 = EDGE_LOOP ( 'NONE', ( #4347, #693, #1078, #675 ) ) ;
#2099 = CARTESIAN_POINT ( 'NONE',  ( -0.6499999999999931388, 16.10000000000000142, 2.917592839829852490E-16 ) ) ;
#2100 = CIRCLE ( 'NONE', #3326, 0.9000000000000014655 ) ;
#2101 = AXIS2_PLACEMENT_3D ( 'NONE', #3269, #4933, #1191 ) ;
#2102 = FACE_OUTER_BOUND ( 'NONE', #2413, .T. ) ;
#2103 = CARTESIAN_POINT ( 'NONE',  ( -0.4842105263157831518, 11.90000000000000391, 2.795087449511288291 ) ) ;
#2104 = VECTOR ( 'NONE', #3147, 1000.000000000000000 ) ;
#2105 = PLANE ( 'NONE',  #3187 ) ;
#2106 = ORIENTED_EDGE ( 'NONE', *, *, #4466, .F. ) ;
#2107 = CARTESIAN_POINT ( 'NONE',  ( -16.05000000000001137, 7.599999999999995204, -0.5749999999999965139 ) ) ;
#2108 = DIRECTION ( 'NONE',  ( 0.000000000000000000, 1.000000000000000000, 0.000000000000000000 ) ) ;
#2109 = CIRCLE ( 'NONE', #5158, 7.499999999999999112 ) ;
#2110 = ORIENTED_EDGE ( 'NONE', *, *, #3138, .F. ) ;
#2111 = SHAPE_REPRESENTATION ( 'PenAssembley', ( #1808, #4336, #3108, #2333, #3285, #4503, #5200 ), #1972 ) ;
#2112 = EDGE_CURVE ( 'NONE', #5030, #223, #4448, .T. ) ;
#2113 = CARTESIAN_POINT ( 'NONE',  ( -53.85613382467781207, 25.99999999999999645, -17.83371018851365264 ) ) ;
#2114 = ORIENTED_EDGE ( 'NONE', *, *, #4244, .T. ) ;
#2115 = ORIENTED_EDGE ( 'NONE', *, *, #3815, .F. ) ;
#2116 = EDGE_CURVE ( 'NONE', #4687, #2463, #1114, .T. ) ;
#2117 = EDGE_LOOP ( 'NONE', ( #3240, #3970, #4789, #3589 ) ) ;
#2118 = CARTESIAN_POINT ( 'NONE',  ( 7.499999999998722799, -104.4041602925917260, 17.00000000000000000 ) ) ;
#2119 = EDGE_CURVE ( 'NONE', #1125, #5273, #3508, .T. ) ;
#2120 = CARTESIAN_POINT ( 'NONE',  ( -68.85613382467781207, 36.00000000000000000, 0.7662898114863467836 ) ) ;
#2121 = CARTESIAN_POINT ( 'NONE',  ( -53.85613382467781207, 25.99999999999999645, -15.23371018851364944 ) ) ;
#2122 = DIRECTION ( 'NONE',  ( 1.000000000000000000, 5.421010862427525128E-16, 0.000000000000000000 ) ) ;
#2123 = VECTOR ( 'NONE', #1962, 1000.000000000000000 ) ;
#2124 = VECTOR ( 'NONE', #3527, 1000.000000000000000 ) ;
#2125 = FACE_OUTER_BOUND ( 'NONE', #4900, .T. ) ;
#2126 = APPLICATION_CONTEXT ( 'automotive_design' ) ;
#2127 = CARTESIAN_POINT ( 'NONE',  ( 16.05000000000000071, 5.200000000000002842, 6.200000000000000178 ) ) ;
#2128 = ORIENTED_EDGE ( 'NONE', *, *, #2015, .F. ) ;
#2129 = DIRECTION ( 'NONE',  ( 0.000000000000000000, 0.000000000000000000, -1.000000000000000000 ) ) ;
#2130 = AXIS2_PLACEMENT_3D ( 'NONE', #1747, #1330, #937 ) ;
#2131 = ORIENTED_EDGE ( 'NONE', *, *, #4388, .F. ) ;
#2132 = DIRECTION ( 'NONE',  ( -0.000000000000000000, -0.000000000000000000, -1.000000000000000000 ) ) ;
#2133 = VECTOR ( 'NONE', #2038, 1000.000000000000000 ) ;
#2134 = VECTOR ( 'NONE', #4064, 1000.000000000000000 ) ;
#2135 = DIRECTION ( 'NONE',  ( 0.000000000000000000, 0.000000000000000000, 1.000000000000000000 ) ) ;
#2136 = CARTESIAN_POINT ( 'NONE',  ( 0.000000000000000000, 50.00000000000000000, 0.000000000000000000 ) ) ;
#2137 = AXIS2_PLACEMENT_3D ( 'NONE', #1817, #4305, #2991 ) ;
#2138 = ADVANCED_FACE ( 'NONE', ( #4775 ), #2784, .F. ) ;
#2139 = ORIENTED_EDGE ( 'NONE', *, *, #854, .F. ) ;
#2140 = CARTESIAN_POINT ( 'NONE',  ( -68.85613382467781207, 10.99999999999999645, -5.233710188513652994 ) ) ;
#2141 = LINE ( 'NONE', #35, #3514 ) ;
#2142 = ORIENTED_EDGE ( 'NONE', *, *, #3360, .F. ) ;
#2143 = DIRECTION ( 'NONE',  ( 0.4999999999997411515, 1.599999999999171564E-16, 0.8660254037845881436 ) ) ;
#2144 = VERTEX_POINT ( 'NONE', #1446 ) ;
#2145 = VECTOR ( 'NONE', #1786, 1000.000000000000000 ) ;
#2146 =( BOUNDED_CURVE ( )  B_SPLINE_CURVE ( 3, ( #697, #3607, #1063, #222 ),
 .UNSPECIFIED., .F., .F. ) 
 B_SPLINE_CURVE_WITH_KNOTS ( ( 4, 4 ),
 ( 0.000000000000000000, 1.570796326794896558 ),
 .UNSPECIFIED. ) 
 CURVE ( )  GEOMETRIC_REPRESENTATION_ITEM ( )  RATIONAL_B_SPLINE_CURVE ( ( 1.000000000000000000, 0.8047378541243649375, 0.8047378541243649375, 1.000000000000000000 ) ) 
 REPRESENTATION_ITEM ( '' )  );
#2147 = EDGE_CURVE ( 'NONE', #5008, #1578, #5213, .T. ) ;
#2148 = ORIENTED_EDGE ( 'NONE', *, *, #1390, .F. ) ;
#2149 = EDGE_LOOP ( 'NONE', ( #3628, #1776 ) ) ;
#2150 = DIRECTION ( 'NONE',  ( 0.000000000000000000, -1.000000000000000000, 0.000000000000000000 ) ) ;
#2151 = CARTESIAN_POINT ( 'NONE',  ( -49.35613382467781207, 33.49999999999999289, -25.23371018851364767 ) ) ;
#2152 = COLOUR_RGB ( '',0.7921568627450980005, 0.8196078431372548767, 0.9333333333333333481 ) ;
#2153 = PLANE ( 'NONE',  #2642 ) ;
#2154 = DIRECTION ( 'NONE',  ( 0.000000000000000000, 0.000000000000000000, 1.000000000000000000 ) ) ;
#2155 = EDGE_CURVE ( 'NONE', #4680, #4026, #1910, .T. ) ;
#2156 = AXIS2_PLACEMENT_3D ( 'NONE', #75, #2942, #4230 ) ;
#2157 = CARTESIAN_POINT ( 'NONE',  ( 9.999999999998722799, -109.4041602925917260, 11.00000000000000000 ) ) ;
#2158 = ORIENTED_EDGE ( 'NONE', *, *, #3385, .T. ) ;
#2159 = LINE ( 'NONE', #2893, #4314 ) ;
#2160 = CARTESIAN_POINT ( 'NONE',  ( -11.25000000000000533, -11.10000000000000142, 0.000000000000000000 ) ) ;
#2161 = EDGE_CURVE ( 'NONE', #2466, #1209, #2305, .T. ) ;
#2162 = SURFACE_SIDE_STYLE ('',( #3878 ) ) ;
#2163 = CARTESIAN_POINT ( 'NONE',  ( 7.499999999998722799, -104.4041602925917260, 17.90000000000000213 ) ) ;
#2164 = CARTESIAN_POINT ( 'NONE',  ( -20.50000000000127187, -109.4041602925917260, 17.00000000000000000 ) ) ;
#2165 = VERTEX_POINT ( 'NONE', #3965 ) ;
#2166 = DIRECTION ( 'NONE',  ( -0.000000000000000000, -1.000000000000000000, -0.000000000000000000 ) ) ;
#2167 = CARTESIAN_POINT ( 'NONE',  ( -53.68288039931250211, 27.03491293478461799, -12.63371018851364802 ) ) ;
#2168 = ORIENTED_EDGE ( 'NONE', *, *, #1780, .F. ) ;
#2169 = DIRECTION ( 'NONE',  ( 1.000000000000000000, -3.083952846180989787E-16, 0.000000000000000000 ) ) ;
#2170 = ORIENTED_EDGE ( 'NONE', *, *, #4948, .T. ) ;
#2171 = EDGE_LOOP ( 'NONE', ( #284, #3576, #4504, #83, #3645, #4245, #4970, #475, #1273, #4559 ) ) ;
#2172 = ORIENTED_EDGE ( 'NONE', *, *, #4114, .T. ) ;
#2173 = DIRECTION ( 'NONE',  ( 0.8232127859153058891, 0.5677329558036602331, 0.000000000000000000 ) ) ;
#2174 = CARTESIAN_POINT ( 'NONE',  ( 8.350000000000006750, -11.90000000000000213, 6.200000000000001954 ) ) ;
#2175 = CARTESIAN_POINT ( 'NONE',  ( 38.36167644320985204, -1.907923396921612058, -2.861717010134939176 ) ) ;
#2176 = EDGE_CURVE ( 'NONE', #2515, #41, #3162, .T. ) ;
#2177 = LINE ( 'NONE', #2967, #296 ) ;
#2178 = DIRECTION ( 'NONE',  ( -0.8660254037846397690, -2.965831127051360909E-16, -0.4999999999996517785 ) ) ;
#2179 = PRODUCT_DEFINITION_SHAPE ( 'NONE', 'NONE',  #3862 ) ;
#2180 = DIRECTION ( 'NONE',  ( 0.000000000000000000, -0.000000000000000000, 1.000000000000000000 ) ) ;
#2181 = ORIENTED_EDGE ( 'NONE', *, *, #443, .T. ) ;
#2182 = EDGE_LOOP ( 'NONE', ( #2506, #1022, #1352, #3700 ) ) ;
#2183 = DIRECTION ( 'NONE',  ( 0.000000000000000000, 1.000000000000000000, 0.000000000000000000 ) ) ;
#2184 = EDGE_CURVE ( 'NONE', #4569, #5043, #4800, .T. ) ;
#2185 = LINE ( 'NONE', #1770, #3315 ) ;
#2186 = DIRECTION ( 'NONE',  ( 0.000000000000000000, 0.000000000000000000, 1.000000000000000000 ) ) ;
#2187 = CARTESIAN_POINT ( 'NONE',  ( 26.99999999999872813, -104.4041602925917545, 5.000000000000000000 ) ) ;
#2188 = EDGE_CURVE ( 'NONE', #4567, #1912, #1470, .T. ) ;
#2189 = VECTOR ( 'NONE', #1520, 1000.000000000000000 ) ;
#2190 = ORIENTED_EDGE ( 'NONE', *, *, #1311, .F. ) ;
#2191 = PLANE ( 'NONE',  #2976 ) ;
#2192 = CARTESIAN_POINT ( 'NONE',  ( -63.85613382467780497, 6.000000000000000000, -23.73371018851364411 ) ) ;
#2193 = ORIENTED_EDGE ( 'NONE', *, *, #2745, .F. ) ;
#2194 = AXIS2_PLACEMENT_3D ( 'NONE', #4202, #4087, #3268 ) ;
#2195 = DIRECTION ( 'NONE',  ( 0.000000000000000000, 0.000000000000000000, -1.000000000000000000 ) ) ;
#2196 = VERTEX_POINT ( 'NONE', #1496 ) ;
#2197 = EDGE_CURVE ( 'NONE', #4408, #3273, #4827, .T. ) ;
#2198 = AXIS2_PLACEMENT_3D ( 'NONE', #2581, #5052, #3642 ) ;
#2199 = EDGE_LOOP ( 'NONE', ( #5191, #1314, #4714, #494 ) ) ;
#2200 = VERTEX_POINT ( 'NONE', #4532 ) ;
#2201 = PLANE ( 'NONE',  #4048 ) ;
#2202 = CARTESIAN_POINT ( 'NONE',  ( -18.00000000000127187, -109.4041602925917260, 23.00000000000000000 ) ) ;
#2203 =( NAMED_UNIT ( * ) SI_UNIT ( $, .STERADIAN. ) SOLID_ANGLE_UNIT ( ) );
#2204 = EDGE_CURVE ( 'NONE', #4517, #4049, #8, .T. ) ;
#2205 = CARTESIAN_POINT ( 'NONE',  ( -18.00000000000127187, -109.4041602925917260, 11.00000000000000000 ) ) ;
#2206 = CARTESIAN_POINT ( 'NONE',  ( -53.85613382467781207, 36.00000000000000000, -15.23371018851364944 ) ) ;
#2207 = DIRECTION ( 'NONE',  ( 1.000000000000000000, 0.000000000000000000, 0.000000000000000000 ) ) ;
#2208 = ORIENTED_EDGE ( 'NONE', *, *, #2673, .T. ) ;
#2209 = ORIENTED_EDGE ( 'NONE', *, *, #2711, .T. ) ;
#2210 = DIRECTION ( 'NONE',  ( 2.168404344971008868E-16, 1.000000000000000000, -0.000000000000000000 ) ) ;
#2211 = CARTESIAN_POINT ( 'NONE',  ( 11.25000000000000178, -9.900000000000002132, 6.200000000000000178 ) ) ;
#2212 = AXIS2_PLACEMENT_3D ( 'NONE', #327, #3134, #694 ) ;
#2213 = DIRECTION ( 'NONE',  ( -1.000000000000000000, 5.421010862427522786E-17, -0.000000000000000000 ) ) ;
#2214 = CARTESIAN_POINT ( 'NONE',  ( -18.00000000000127187, -77.40416029259172603, 11.00000000000000000 ) ) ;
#2215 = CARTESIAN_POINT ( 'NONE',  ( 0.000000000000000000, 0.000000000000000000, 0.3983716857409999590 ) ) ;
#2216 = EDGE_CURVE ( 'NONE', #1721, #3149, #4993, .T. ) ;
#2217 = AXIS2_PLACEMENT_3D ( 'NONE', #4066, #4851, #2458 ) ;
#2218 = CIRCLE ( 'NONE', #652, 0.9000000000000014655 ) ;
#2219 = CARTESIAN_POINT ( 'NONE',  ( 7.499999999998722799, -77.40416029259172603, 17.90000000000000213 ) ) ;
#2220 = ORIENTED_EDGE ( 'NONE', *, *, #2877, .T. ) ;
#2221 = VECTOR ( 'NONE', #1927, 1000.000000000000000 ) ;
#2222 = AXIS2_PLACEMENT_3D ( 'NONE', #4262, #4284, #2236 ) ;
#2223 = DIRECTION ( 'NONE',  ( 0.000000000000000000, -1.000000000000000000, 0.000000000000000000 ) ) ;
#2224 = EDGE_CURVE ( 'NONE', #116, #3653, #382, .T. ) ;
#2225 = ORIENTED_EDGE ( 'NONE', *, *, #747, .T. ) ;
#2226 = PRESENTATION_LAYER_ASSIGNMENT (  '', '', ( #4747 ) ) ;
#2227 = FACE_BOUND ( 'NONE', #4905, .T. ) ;
#2228 = ORIENTED_EDGE ( 'NONE', *, *, #3580, .F. ) ;
#2229 = EDGE_CURVE ( 'NONE', #3828, #2666, #734, .T. ) ;
#2230 = ORIENTED_EDGE ( 'NONE', *, *, #3940, .T. ) ;
#2231 =( NAMED_UNIT ( * ) PLANE_ANGLE_UNIT ( ) SI_UNIT ( $, .RADIAN. ) );
#2232 = APPLICATION_CONTEXT ( 'automotive_design' ) ;
#2233 = CARTESIAN_POINT ( 'NONE',  ( 7.499999999998722799, -82.40416029259172603, 17.90000000000000213 ) ) ;
#2234 = VECTOR ( 'NONE', #2143, 999.9999999999998863 ) ;
#2235 = LINE ( 'NONE', #1400, #4977 ) ;
#2236 = DIRECTION ( 'NONE',  ( 0.000000000000000000, 0.000000000000000000, 1.000000000000000000 ) ) ;
#2237 = ORIENTED_EDGE ( 'NONE', *, *, #5244, .T. ) ;
#2238 = ORIENTED_EDGE ( 'NONE', *, *, #4550, .F. ) ;
#2239 = CIRCLE ( 'NONE', #1015, 2.499999999999995115 ) ;
#2240 = CARTESIAN_POINT ( 'NONE',  ( 4.999999999998722799, -82.40416029259172603, 23.00000000000000000 ) ) ;
#2241 = CARTESIAN_POINT ( 'NONE',  ( 0.000000000000000000, 0.000000000000000000, 0.000000000000000000 ) ) ;
#2242 = DIRECTION ( 'NONE',  ( -1.000000000000000000, -1.541976423090495387E-16, 0.000000000000000000 ) ) ;
#2243 = VECTOR ( 'NONE', #1463, 1000.000000000000000 ) ;
#2244 = LINE ( 'NONE', #3570, #205 ) ;
#2245 = PLANE ( 'NONE',  #5174 ) ;
#2246 = DIRECTION ( 'NONE',  ( 0.000000000000000000, 1.000000000000000000, 0.000000000000000000 ) ) ;
#2247 = VECTOR ( 'NONE', #5309, 1000.000000000000000 ) ;
#2248 = EDGE_CURVE ( 'NONE', #1661, #3560, #4130, .T. ) ;
#2249 = ORIENTED_EDGE ( 'NONE', *, *, #2979, .F. ) ;
#2250 = CARTESIAN_POINT ( 'NONE',  ( -53.51281602142818627, 27.04131421047658179, -12.65085154972961945 ) ) ;
#2251 = VERTEX_POINT ( 'NONE', #4182 ) ;
#2252 = DIRECTION ( 'NONE',  ( 0.000000000000000000, -0.000000000000000000, 1.000000000000000000 ) ) ;
#2253 = EDGE_CURVE ( 'NONE', #4458, #3560, #2925, .T. ) ;
#2254 = VERTEX_POINT ( 'NONE', #4154 ) ;
#2255 = ADVANCED_FACE ( 'NONE', ( #2897 ), #3277, .F. ) ;
#2256 = VERTEX_POINT ( 'NONE', #2022 ) ;
#2257 = ADVANCED_FACE ( 'NONE', ( #1642, #3304 ), #5322, .F. ) ;
#2258 = SURFACE_STYLE_USAGE ( .BOTH. , #971 ) ;
#2259 = ADVANCED_FACE ( 'NONE', ( #2102 ), #3711, .F. ) ;
#2260 = DIRECTION ( 'NONE',  ( -1.000000000000000000, 0.000000000000000000, 0.000000000000000000 ) ) ;
#2261 = CARTESIAN_POINT ( 'NONE',  ( 0.000000000000000000, 0.000000000000000000, 0.000000000000000000 ) ) ;
#2262 = EDGE_CURVE ( 'NONE', #509, #1661, #4909, .T. ) ;
#2263 = EDGE_CURVE ( 'NONE', #4210, #358, #5023, .T. ) ;
#2264 = DIRECTION ( 'NONE',  ( 0.000000000000000000, 1.000000000000000000, 0.000000000000000000 ) ) ;
#2265 = FACE_OUTER_BOUND ( 'NONE', #4538, .T. ) ;
#2266 = ORIENTED_EDGE ( 'NONE', *, *, #2627, .F. ) ;
#2267 = VERTEX_POINT ( 'NONE', #4965 ) ;
#2268 = CARTESIAN_POINT ( 'NONE',  ( 16.05000000000000071, 5.200000000000002842, 6.200000000000000178 ) ) ;
#2269 = PLANE ( 'NONE',  #3460 ) ;
#2270 = LINE ( 'NONE', #3107, #3055 ) ;
#2271 = EDGE_CURVE ( 'NONE', #2319, #5086, #2218, .T. ) ;
#2272 = FACE_OUTER_BOUND ( 'NONE', #1865, .T. ) ;
#2273 = CARTESIAN_POINT ( 'NONE',  ( -11.25000000000000533, -11.90000000000000213, -3.299999999999996714 ) ) ;
#2274 = PRODUCT ( 'ServoSG90_Predeterminado', 'ServoSG90_Predeterminado', '', ( #4834 ) ) ;
#2275 = CARTESIAN_POINT ( 'NONE',  ( 16.05000000000000426, -11.90100000000000513, 0.5749999999999999556 ) ) ;
#2276 = VERTEX_POINT ( 'NONE', #828 ) ;
#2277 = CARTESIAN_POINT ( 'NONE',  ( -53.85613382467781207, 27.03491293478461799, -12.63371018851364624 ) ) ;
#2278 = VERTEX_POINT ( 'NONE', #1697 ) ;
#2279 = LINE ( 'NONE', #2788, #1095 ) ;
#2280 = PRESENTATION_LAYER_ASSIGNMENT (  '', '', ( #4621 ) ) ;
#2281 = ORIENTED_EDGE ( 'NONE', *, *, #4616, .T. ) ;
#2282 = AXIS2_PLACEMENT_3D ( 'NONE', #3788, #4957, #869 ) ;
#2283 = EDGE_LOOP ( 'NONE', ( #2881, #540 ) ) ;
#2284 = EDGE_CURVE ( 'NONE', #3583, #4083, #2951, .T. ) ;
#2285 = DIRECTION ( 'NONE',  ( -0.8660254037843290176, -0.5000000000001900702, 0.000000000000000000 ) ) ;
#2286 = CARTESIAN_POINT ( 'NONE',  ( 5.050000000000006040, 18.95000000000000284, -4.336808689942017736E-16 ) ) ;
#2287 = AXIS2_PLACEMENT_3D ( 'NONE', #5333, #3259, #4216 ) ;
#2288 = DIRECTION ( 'NONE',  ( -0.000000000000000000, 1.000000000000000000, -0.000000000000000000 ) ) ;
#2289 = EDGE_CURVE ( 'NONE', #4007, #761, #436, .T. ) ;
#2290 = ORIENTED_EDGE ( 'NONE', *, *, #4132, .T. ) ;
#2291 = VECTOR ( 'NONE', #5277, 1000.000000000000000 ) ;
#2292 = EDGE_CURVE ( 'NONE', #5043, #3677, #2841, .T. ) ;
#2293 = ORIENTED_EDGE ( 'NONE', *, *, #1656, .T. ) ;
#2294 = CARTESIAN_POINT ( 'NONE',  ( -4.620000000000000107, -7.799999999999999581E-14, 0.3579571668980000010 ) ) ;
#2295 = FACE_OUTER_BOUND ( 'NONE', #4840, .T. ) ;
#2296 = DIRECTION ( 'NONE',  ( 1.000000000000000000, 1.541976423090495140E-16, 0.000000000000000000 ) ) ;
#2297 = CARTESIAN_POINT ( 'NONE',  ( 4.620000000000000107, 0.000000000000000000, 0.3579571668980000010 ) ) ;
#2298 = ADVANCED_FACE ( 'NONE', ( #4940 ), #1197, .F. ) ;
#2299 = FACE_OUTER_BOUND ( 'NONE', #818, .T. ) ;
#2300 = DIRECTION ( 'NONE',  ( 0.000000000000000000, 0.000000000000000000, 1.000000000000000000 ) ) ;
#2301 = VECTOR ( 'NONE', #1089, 1000.000000000000000 ) ;
#2302 = VERTEX_POINT ( 'NONE', #87 ) ;
#2303 = AXIS2_PLACEMENT_3D ( 'NONE', #4119, #1575, #740 ) ;
#2304 = AXIS2_PLACEMENT_3D ( 'NONE', #3985, #4748, #5229 ) ;
#2305 = LINE ( 'NONE', #1860, #647 ) ;
#2306 = ORIENTED_EDGE ( 'NONE', *, *, #813, .F. ) ;
#2307 = EDGE_CURVE ( 'NONE', #580, #456, #5256, .T. ) ;
#2308 = AXIS2_PLACEMENT_3D ( 'NONE', #5102, #958, #3438 ) ;
#2309 = DIRECTION ( 'NONE',  ( 0.000000000000000000, 0.000000000000000000, 1.000000000000000000 ) ) ;
#2310 = CIRCLE ( 'NONE', #5004, 2.799999999999999378 ) ;
#2311 = VERTEX_POINT ( 'NONE', #2577 ) ;
#2312 = DIRECTION ( 'NONE',  ( -1.000000000000000000, 0.000000000000000000, 0.000000000000000000 ) ) ;
#2313 = COLOUR_RGB ( '',0.7921568627450980005, 0.8196078431372548767, 0.9333333333333333481 ) ;
#2314 = VERTEX_POINT ( 'NONE', #1805 ) ;
#2315 = CARTESIAN_POINT ( 'NONE',  ( -53.85613382467781207, 27.03491293478461799, -17.83371018851365619 ) ) ;
#2316 = AXIS2_PLACEMENT_3D ( 'NONE', #5134, #3552, #5211 ) ;
#2317 = EDGE_CURVE ( 'NONE', #3316, #580, #2974, .T. ) ;
#2318 = CARTESIAN_POINT ( 'NONE',  ( 2.729999999999999982, 0.000000000000000000, 0.000000000000000000 ) ) ;
#2319 = VERTEX_POINT ( 'NONE', #4668 ) ;
#2320 = ORIENTED_EDGE ( 'NONE', *, *, #3516, .T. ) ;
#2321 = CARTESIAN_POINT ( 'NONE',  ( 11.25000000000000178, -9.900000000000002132, 0.000000000000000000 ) ) ;
#2322 = LINE ( 'NONE', #212, #2243 ) ;
#2323 = EDGE_CURVE ( 'NONE', #2365, #43, #3388, .T. ) ;
#2324 = DIRECTION ( 'NONE',  ( -1.000000000000000000, 3.614007241618349757E-16, 0.000000000000000000 ) ) ;
#2325 = B_SPLINE_CURVE_WITH_KNOTS ( 'NONE', 3,
 ( #2315, #3995, #2743, #1948, #1508, #279, #3584, #4784, #724, #4490, #1046, #1456, #2389, #4051, #1146, #3171, #2823, #361, #3973, #3536, #256, #1896, #3561, #4409, #680, #4833, #1098, #2767, #3614, #4432, #3722, #3256 ),
 .UNSPECIFIED., .F., .F.,
 ( 4, 2, 2, 2, 2, 2, 2, 2, 2, 2, 2, 2, 2, 2, 2, 4 ),
 ( 0.008192643801597518718, 0.008704554890580791168, 0.009216465979564063618, 0.009728377068547337803, 0.01024028815753061025, 0.01126411033549715689, 0.01177602142448043454, 0.01228793251346371046, 0.01279984360244698811, 0.01331175469143026577, 0.01382366578041354169, 0.01433557686939681934, 0.01484748795838009700, 0.01535939904736337465, 0.01587131013634665230, 0.01638322122532992822 ),
 .UNSPECIFIED. ) ;
#2326 = CARTESIAN_POINT ( 'NONE',  ( 0.000000000000000000, 0.000000000000000000, 0.000000000000000000 ) ) ;
#2327 = VECTOR ( 'NONE', #5301, 1000.000000000000000 ) ;
#2328 = CARTESIAN_POINT ( 'NONE',  ( -2.310000000000000053, -4.001037365484000574, 0.000000000000000000 ) ) ;
#2329 = CARTESIAN_POINT ( 'NONE',  ( 19.98999999999872657, -93.40416029259172603, 28.00000000000000000 ) ) ;
#2330 = AXIS2_PLACEMENT_3D ( 'NONE', #1116, #4043, #2309 ) ;
#2331 = EDGE_LOOP ( 'NONE', ( #5021, #550 ) ) ;
#2332 = CARTESIAN_POINT ( 'NONE',  ( -51.27330716220046014, 27.49399751121751123, -15.57742134642604626 ) ) ;
#2333 = AXIS2_PLACEMENT_3D ( 'NONE', #231, #1872, #3537 ) ;
#2334 = VERTEX_POINT ( 'NONE', #2163 ) ;
#2335 = FACE_OUTER_BOUND ( 'NONE', #2797, .T. ) ;
#2336 = ORIENTED_EDGE ( 'NONE', *, *, #2184, .F. ) ;
#2337 = PLANE ( 'NONE',  #574 ) ;
#2338 = ORIENTED_EDGE ( 'NONE', *, *, #5318, .F. ) ;
#2339 = PLANE ( 'NONE',  #3455 ) ;
#2340 = DIRECTION ( 'NONE',  ( 0.000000000000000000, 0.000000000000000000, -1.000000000000000000 ) ) ;
#2341 = EDGE_LOOP ( 'NONE', ( #1449, #4040, #3397, #5252, #285, #4081, #1992, #4378, #1703, #4938 ) ) ;
#2342 = ORIENTED_EDGE ( 'NONE', *, *, #4358, .T. ) ;
#2343 = CARTESIAN_POINT ( 'NONE',  ( -43.85613382467781207, 28.99999999999999645, -25.23371018851364767 ) ) ;
#2344 = LINE ( 'NONE', #1983, #2065 ) ;
#2345 = DIRECTION ( 'NONE',  ( 1.000000000000000000, 0.000000000000000000, 0.000000000000000000 ) ) ;
#2346 = CARTESIAN_POINT ( 'NONE',  ( -43.85613382467781207, 36.00000000000000000, -31.23371018851364767 ) ) ;
#2347 = EDGE_CURVE ( 'NONE', #1060, #2901, #579, .T. ) ;
#2348 = DIRECTION ( 'NONE',  ( 1.000000000000000000, 1.541976423090495140E-16, 0.000000000000000000 ) ) ;
#2349 = ORIENTED_EDGE ( 'NONE', *, *, #4421, .F. ) ;
#2350 = EDGE_CURVE ( 'NONE', #4530, #4884, #3798, .T. ) ;
#2351 = DIRECTION ( 'NONE',  ( 0.8660254037846397690, 1.905255888326207475E-16, -0.4999999999996517785 ) ) ;
#2352 = VERTEX_POINT ( 'NONE', #1411 ) ;
#2353 = ADVANCED_FACE ( 'NONE', ( #1303 ), #3851, .F. ) ;
#2354 = DIRECTION ( 'NONE',  ( 0.000000000000000000, -1.000000000000000000, 0.000000000000000000 ) ) ;
#2355 = ORIENTED_EDGE ( 'NONE', *, *, #3956, .T. ) ;
#2356 = CARTESIAN_POINT ( 'NONE',  ( 5.050000000000006040, 18.95000000000000284, -0.8750000000000003331 ) ) ;
#2357 = VERTEX_POINT ( 'NONE', #3880 ) ;
#2358 = CARTESIAN_POINT ( 'NONE',  ( 0.000000000000000000, 0.000000000000000000, 0.000000000000000000 ) ) ;
#2359 = EDGE_CURVE ( 'NONE', #1486, #2591, #1247, .T. ) ;
#2360 = DIRECTION ( 'NONE',  ( -1.000000000000000000, -0.000000000000000000, -0.000000000000000000 ) ) ;
#2361 = AXIS2_PLACEMENT_3D ( 'NONE', #4145, #2069, #586 ) ;
#2362 = LINE ( 'NONE', #3616, #3935 ) ;
#2363 = AXIS2_PLACEMENT_3D ( 'NONE', #401, #2803, #4871 ) ;
#2364 = ORIENTED_EDGE ( 'NONE', *, *, #2711, .F. ) ;
#2365 = VERTEX_POINT ( 'NONE', #4639 ) ;
#2366 = CIRCLE ( 'NONE', #2198, 2.500000000000002220 ) ;
#2367 = DIRECTION ( 'NONE',  ( 0.000000000000000000, 1.000000000000000000, 0.000000000000000000 ) ) ;
#2368 = EDGE_CURVE ( 'NONE', #2515, #3888, #3521, .T. ) ;
#2369 = CARTESIAN_POINT ( 'NONE',  ( -20.50000000000127187, -109.4041602925917260, 17.00000000000000000 ) ) ;
#2370 = DIRECTION ( 'NONE',  ( 0.000000000000000000, 0.000000000000000000, 1.000000000000000000 ) ) ;
#2371 = CARTESIAN_POINT ( 'NONE',  ( 0.000000000000000000, 0.000000000000000000, 0.000000000000000000 ) ) ;
#2372 = AXIS2_PLACEMENT_3D ( 'NONE', #558, #3072, #1794 ) ;
#2373 = DIRECTION ( 'NONE',  ( 1.000000000000000000, 2.000000000000000143E-17, 0.000000000000000000 ) ) ;
#2374 = EDGE_LOOP ( 'NONE', ( #3510, #1729, #4925, #2438 ) ) ;
#2375 = CARTESIAN_POINT ( 'NONE',  ( -0.4842105263157831518, 16.10000000000000142, 2.795087449511288291 ) ) ;
#2376 = ORIENTED_EDGE ( 'NONE', *, *, #3458, .F. ) ;
#2377 = ADVANCED_FACE ( 'NONE', ( #3058 ), #4241, .F. ) ;
#2378 = CARTESIAN_POINT ( 'NONE',  ( -58.35613382467781918, 28.99999999999999645, 0.7662898114863467836 ) ) ;
#2379 = ORIENTED_EDGE ( 'NONE', *, *, #4261, .T. ) ;
#2380 = LINE ( 'NONE', #414, #2657 ) ;
#2381 = DIRECTION ( 'NONE',  ( 0.000000000000000000, 1.000000000000000000, 0.000000000000000000 ) ) ;
#2382 = ORIENTED_EDGE ( 'NONE', *, *, #3781, .T. ) ;
#2383 = AXIS2_PLACEMENT_3D ( 'NONE', #2468, #833, #1705 ) ;
#2384 = EDGE_CURVE ( 'NONE', #20, #5030, #135, .T. ) ;
#2385 = CARTESIAN_POINT ( 'NONE',  ( -11.25000000000000533, -11.90000000000000213, 6.200000000000000178 ) ) ;
#2386 = ORIENTED_EDGE ( 'NONE', *, *, #4149, .T. ) ;
#2387 = AXIS2_PLACEMENT_3D ( 'NONE', #1988, #5317, #378 ) ;
#2388 = VECTOR ( 'NONE', #1359, 1000.000000000000000 ) ;
#2389 = CARTESIAN_POINT ( 'NONE',  ( -56.37182225304992045, 27.47112411122803621, -15.91219242728378624 ) ) ;
#2390 = DIRECTION ( 'NONE',  ( 0.000000000000000000, 1.000000000000000000, 0.000000000000000000 ) ) ;
#2391 = ADVANCED_FACE ( 'NONE', ( #3008, #4321, #595 ), #2245, .F. ) ;
#2392 = CYLINDRICAL_SURFACE ( 'NONE', #1757, 1.300000000000000488 ) ;
#2393 = CIRCLE ( 'NONE', #4741, 2.500000000000004885 ) ;
#2394 = AXIS2_PLACEMENT_3D ( 'NONE', #2514, #4117, #349 ) ;
#2395 = ORIENTED_EDGE ( 'NONE', *, *, #42, .T. ) ;
#2396 = ORIENTED_EDGE ( 'NONE', *, *, #2263, .F. ) ;
#2397 = CARTESIAN_POINT ( 'NONE',  ( 0.000000000000000000, 0.000000000000000000, 25.00000000000000000 ) ) ;
#2398 = CARTESIAN_POINT ( 'NONE',  ( -38.85613382467781207, 36.00000000000000000, 0.7662898114863467836 ) ) ;
#2399 = CARTESIAN_POINT ( 'NONE',  ( -63.85613382467780497, 0.000000000000000000, 0.7662898114863467836 ) ) ;
#2400 = CARTESIAN_POINT ( 'NONE',  ( -2.310000000000000053, -4.001037365484000574, 0.3579571668980000010 ) ) ;
#2401 = DIRECTION ( 'NONE',  ( -0.000000000000000000, -0.000000000000000000, -1.000000000000000000 ) ) ;
#2402 = ORIENTED_EDGE ( 'NONE', *, *, #4466, .T. ) ;
#2403 = PLANE ( 'NONE',  #2387 ) ;
#2404 = ORIENTED_EDGE ( 'NONE', *, *, #687, .F. ) ;
#2405 = AXIS2_PLACEMENT_3D ( 'NONE', #2084, #2959, #1260 ) ;
#2406 = DIRECTION ( 'NONE',  ( -0.000000000000000000, -0.000000000000000000, -1.000000000000000000 ) ) ;
#2407 = DIRECTION ( 'NONE',  ( -0.000000000000000000, -0.000000000000000000, -1.000000000000000000 ) ) ;
#2408 = ORIENTED_EDGE ( 'NONE', *, *, #940, .F. ) ;
#2409 = CARTESIAN_POINT ( 'NONE',  ( 13.65000000000000568, 5.200000000000002842, 1.300000000000000488 ) ) ;
#2410 = AXIS2_PLACEMENT_3D ( 'NONE', #591, #3128, #5180 ) ;
#2411 = ADVANCED_FACE ( 'NONE', ( #520 ), #5075, .F. ) ;
#2412 = CARTESIAN_POINT ( 'NONE',  ( -30.00000000000128253, -77.40416029259172603, 0.000000000000000000 ) ) ;
#2413 = EDGE_LOOP ( 'NONE', ( #2131, #3068, #4696, #3668 ) ) ;
#2414 = LINE ( 'NONE', #4075, #4994 ) ;
#2415 = EDGE_LOOP ( 'NONE', ( #563, #5090, #2699, #782, #1067, #4286 ) ) ;
#2416 = EDGE_CURVE ( 'NONE', #1228, #3699, #1597, .T. ) ;
#2417 = DIRECTION ( 'NONE',  ( 0.000000000000000000, 1.000000000000000000, 0.000000000000000000 ) ) ;
#2418 =( NAMED_UNIT ( * ) PLANE_ANGLE_UNIT ( ) SI_UNIT ( $, .RADIAN. ) );
#2419 = CARTESIAN_POINT ( 'NONE',  ( 13.65000000000000568, 7.599999999999995204, -1.300000000000000488 ) ) ;
#2420 = DIRECTION ( 'NONE',  ( 1.000000000000000000, 3.299999999999999882E-16, 0.000000000000000000 ) ) ;
#2421 = ORIENTED_EDGE ( 'NONE', *, *, #1170, .F. ) ;
#2422 = ORIENTED_EDGE ( 'NONE', *, *, #4486, .F. ) ;
#2423 = ADVANCED_FACE ( 'NONE', ( #544 ), #1772, .F. ) ;
#2424 = LINE ( 'NONE', #2321, #1690 ) ;
#2425 = DIRECTION ( 'NONE',  ( 0.000000000000000000, 0.000000000000000000, 1.000000000000000000 ) ) ;
#2426 = CARTESIAN_POINT ( 'NONE',  ( -35.00000000000127898, -82.40416029259172603, 5.000000000000000000 ) ) ;
#2427 = FACE_OUTER_BOUND ( 'NONE', #3066, .T. ) ;
#2428 = CARTESIAN_POINT ( 'NONE',  ( -68.85613382467781207, 19.99999999999999645, -7.733710188513651218 ) ) ;
#2429 = ORIENTED_EDGE ( 'NONE', *, *, #1975, .F. ) ;
#2430 = DIRECTION ( 'NONE',  ( -1.000000000000000000, -0.000000000000000000, -0.000000000000000000 ) ) ;
#2431 = EDGE_CURVE ( 'NONE', #456, #580, #3869, .T. ) ;
#2432 = EDGE_LOOP ( 'NONE', ( #2396, #1653, #1963, #4612 ) ) ;
#2433 = CARTESIAN_POINT ( 'NONE',  ( -4.119968255444915272E-15, 7.599999999999995204, 6.200000000000000178 ) ) ;
#2434 = CARTESIAN_POINT ( 'NONE',  ( -68.85613382467781207, 10.99999999999999645, -25.23371018851364767 ) ) ;
#2435 = ORIENTED_EDGE ( 'NONE', *, *, #940, .T. ) ;
#2436 = CARTESIAN_POINT ( 'NONE',  ( -58.35613382467781918, 28.99999999999999645, -25.23371018851364767 ) ) ;
#2437 = DIRECTION ( 'NONE',  ( 0.000000000000000000, 0.000000000000000000, 1.000000000000000000 ) ) ;
#2438 = ORIENTED_EDGE ( 'NONE', *, *, #2528, .F. ) ;
#2439 = LINE ( 'NONE', #4101, #5080 ) ;
#2440 = ORIENTED_EDGE ( 'NONE', *, *, #1797, .T. ) ;
#2441 = DIRECTION ( 'NONE',  ( 0.000000000000000000, 0.000000000000000000, -1.000000000000000000 ) ) ;
#2442 = CYLINDRICAL_SURFACE ( 'NONE', #895, 2.600000000000003197 ) ;
#2443 = ADVANCED_FACE ( 'NONE', ( #267 ), #2658, .T. ) ;
#2444 = CLOSED_SHELL ( 'NONE', ( #101, #1370, #679, #2443, #4050, #3238, #4331, #5144, #5210, #2497, #3643, #770, #5122, #570, #1646, #3967, #779, #2353 ) ) ;
#2445 = ORIENTED_EDGE ( 'NONE', *, *, #1723, .T. ) ;
#2446 = ORIENTED_EDGE ( 'NONE', *, *, #2350, .T. ) ;
#2447 = CARTESIAN_POINT ( 'NONE',  ( 5.050000000000006040, 16.10000000000000142, -0.8750000000000003331 ) ) ;
#2448 = FACE_OUTER_BOUND ( 'NONE', #4507, .T. ) ;
#2449 = CARTESIAN_POINT ( 'NONE',  ( 0.000000000000000000, 50.00000000000000000, 0.000000000000000000 ) ) ;
#2450 = STYLED_ITEM ( 'NONE', ( #2484 ), #1418 ) ;
#2451 = CARTESIAN_POINT ( 'NONE',  ( 16.05000000000000071, 0.000000000000000000, 6.200000000000000178 ) ) ;
#2452 = EDGE_CURVE ( 'NONE', #4832, #4353, #4849, .T. ) ;
#2453 = EDGE_CURVE ( 'NONE', #2251, #941, #3627, .T. ) ;
#2454 = ADVANCED_FACE ( 'NONE', ( #1960 ), #617, .T. ) ;
#2455 = DIRECTION ( 'NONE',  ( 1.000000000000000000, 0.000000000000000000, -0.000000000000000000 ) ) ;
#2456 = ORIENTED_EDGE ( 'NONE', *, *, #3320, .F. ) ;
#2457 = AXIS2_PLACEMENT_3D ( 'NONE', #2206, #930, #454 ) ;
#2458 = DIRECTION ( 'NONE',  ( 0.000000000000000000, 0.000000000000000000, -1.000000000000000000 ) ) ;
#2459 = VECTOR ( 'NONE', #2554, 1000.000000000000000 ) ;
#2460 = ORIENTED_EDGE ( 'NONE', *, *, #287, .F. ) ;
#2461 = DIRECTION ( 'NONE',  ( 0.000000000000000000, 0.000000000000000000, 1.000000000000000000 ) ) ;
#2462 = DIRECTION ( 'NONE',  ( 1.000000000000000000, 0.000000000000000000, 0.000000000000000000 ) ) ;
#2463 = VERTEX_POINT ( 'NONE', #5289 ) ;
#2464 = CARTESIAN_POINT ( 'NONE',  ( 5.050000000000006040, 18.95000000000000284, -4.336808689942017736E-16 ) ) ;
#2465 = DIRECTION ( 'NONE',  ( 5.981805089575191267E-16, 0.000000000000000000, -1.000000000000000000 ) ) ;
#2466 = VERTEX_POINT ( 'NONE', #5209 ) ;
#2467 = AXIS2_PLACEMENT_3D ( 'NONE', #5196, #1453, #952 ) ;
#2468 = CARTESIAN_POINT ( 'NONE',  ( 5.050000000000006040, 11.90000000000000391, -4.336808689942017736E-16 ) ) ;
#2469 = VERTEX_POINT ( 'NONE', #2273 ) ;
#2470 = EDGE_CURVE ( 'NONE', #2836, #4447, #1110, .T. ) ;
#2471 = DIRECTION ( 'NONE',  ( 0.000000000000000000, 0.000000000000000000, -1.000000000000000000 ) ) ;
#2472 = AXIS2_PLACEMENT_3D ( 'NONE', #4946, #3771, #3309 ) ;
#2473 = ORIENTED_EDGE ( 'NONE', *, *, #3499, .T. ) ;
#2474 = CIRCLE ( 'NONE', #1859, 2.355000000000002203 ) ;
#2475 = VECTOR ( 'NONE', #3242, 1000.000000000000000 ) ;
#2476 = VERTEX_POINT ( 'NONE', #1548 ) ;
#2477 = ORIENTED_EDGE ( 'NONE', *, *, #3574, .F. ) ;
#2478 = CARTESIAN_POINT ( 'NONE',  ( 14.81592238163610808, 7.599999999999995204, -0.5749999999999997335 ) ) ;
#2479 = PLANE ( 'NONE',  #3525 ) ;
#2480 = ADVANCED_FACE ( 'NONE', ( #4032, #3110 ), #4368, .F. ) ;
#2481 = CIRCLE ( 'NONE', #1603, 2.600000000000003197 ) ;
#2482 = AXIS2_PLACEMENT_3D ( 'NONE', #1795, #3462, #5015 ) ;
#2483 = FACE_OUTER_BOUND ( 'NONE', #4886, .T. ) ;
#2484 = PRESENTATION_STYLE_ASSIGNMENT (( #4986 ) ) ;
#2485 = DIRECTION ( 'NONE',  ( 0.000000000000000000, 1.000000000000000000, -0.000000000000000000 ) ) ;
#2486 = EDGE_LOOP ( 'NONE', ( #2003, #4340, #748, #2379, #4177, #4814, #303, #3425 ) ) ;
#2487 = CIRCLE ( 'NONE', #1001, 6.200000000000001066 ) ;
#2488 = CARTESIAN_POINT ( 'NONE',  ( -63.85613382467780497, 36.00000000000000000, 0.7662898114863467836 ) ) ;
#2489 = EDGE_CURVE ( 'NONE', #4128, #4865, #4443, .T. ) ;
#2490 = ADVANCED_FACE ( 'NONE', ( #640 ), #3928, .F. ) ;
#2491 = ORIENTED_EDGE ( 'NONE', *, *, #4779, .T. ) ;
#2492 = CARTESIAN_POINT ( 'NONE',  ( -30.00000000000128253, -82.40416029259172603, 23.00000000000000000 ) ) ;
#2493 = DIRECTION ( 'NONE',  ( -1.000000000000000000, 0.000000000000000000, 0.000000000000000000 ) ) ;
#2494 = ORIENTED_EDGE ( 'NONE', *, *, #1475, .T. ) ;
#2495 = EDGE_CURVE ( 'NONE', #184, #1062, #216, .T. ) ;
#2496 = DIRECTION ( 'NONE',  ( -7.228014483236699514E-16, 1.000000000000000000, -0.000000000000000000 ) ) ;
#2497 = ADVANCED_FACE ( 'NONE', ( #1853 ), #3519, .F. ) ;
#2498 = ORIENTED_EDGE ( 'NONE', *, *, #3940, .F. ) ;
#2499 = LINE ( 'NONE', #1257, #5250 ) ;
#2500 = ORIENTED_EDGE ( 'NONE', *, *, #2753, .F. ) ;
#2501 =( BOUNDED_CURVE ( )  B_SPLINE_CURVE ( 2, ( #593, #3765, #164 ),
 .UNSPECIFIED., .F., .F. ) 
 B_SPLINE_CURVE_WITH_KNOTS ( ( 3, 3 ),
 ( 0.000000000000000000, 1.000000000000000000 ),
 .UNSPECIFIED. ) 
 CURVE ( )  GEOMETRIC_REPRESENTATION_ITEM ( )  RATIONAL_B_SPLINE_CURVE ( ( 1.000000000000000000, 1.154700538379265895, 1.000000000000000000 ) ) 
 REPRESENTATION_ITEM ( '' )  );
#2502 = PRODUCT_RELATED_PRODUCT_CATEGORY ( 'part', '', ( #2274 ) ) ;
#2503 = CARTESIAN_POINT ( 'NONE',  ( -3.669903886955377951E-15, -11.90000000000000213, -6.200000000000000178 ) ) ;
#2504 = ORIENTED_EDGE ( 'NONE', *, *, #4681, .F. ) ;
#2505 = CONICAL_SURFACE ( 'NONE', #2594, 4.620000000000000107, 1.047197551196999754 ) ;
#2506 = ORIENTED_EDGE ( 'NONE', *, *, #4449, .T. ) ;
#2507 = EDGE_LOOP ( 'NONE', ( #1132, #5113, #4960, #3453 ) ) ;
#2508 = AXIS2_PLACEMENT_3D ( 'NONE', #1295, #1715, #928 ) ;
#2509 = DIRECTION ( 'NONE',  ( -1.900000000000000059E-16, -1.000000000000000000, 0.000000000000000000 ) ) ;
#2510 = PLANE ( 'NONE',  #2508 ) ;
#2511 = DIRECTION ( 'NONE',  ( -1.000000000000000000, 0.000000000000000000, -0.000000000000000000 ) ) ;
#2512 = DIRECTION ( 'NONE',  ( -1.000000000000000000, 0.000000000000000000, 0.000000000000000000 ) ) ;
#2513 = APPLICATION_CONTEXT ( 'automotive_design' ) ;
#2514 = CARTESIAN_POINT ( 'NONE',  ( -53.85613382467781207, 33.49999999999999289, -15.23371018851364944 ) ) ;
#2515 = VERTEX_POINT ( 'NONE', #1440 ) ;
#2516 = DIRECTION ( 'NONE',  ( 0.000000000000000000, -1.000000000000000000, 0.000000000000000000 ) ) ;
#2517 = ORIENTED_EDGE ( 'NONE', *, *, #1068, .T. ) ;
#2518 = DIRECTION ( 'NONE',  ( 0.000000000000000000, 0.000000000000000000, 1.000000000000000000 ) ) ;
#2519 = DIRECTION ( 'NONE',  ( -0.000000000000000000, 1.000000000000000000, -0.000000000000000000 ) ) ;
#2520 = ADVANCED_FACE ( 'NONE', ( #2299 ), #4771, .F. ) ;
#2521 = VERTEX_POINT ( 'NONE', #4795 ) ;
#2522 = LINE ( 'NONE', #4183, #4129 ) ;
#2523 = DIRECTION ( 'NONE',  ( 0.000000000000000000, 0.000000000000000000, 1.000000000000000000 ) ) ;
#2524 = ORIENTED_EDGE ( 'NONE', *, *, #2811, .F. ) ;
#2525 = DIRECTION ( 'NONE',  ( -0.000000000000000000, 1.000000000000000000, -0.000000000000000000 ) ) ;
#2526 = ADVANCED_FACE ( 'NONE', ( #1058 ), #2729, .T. ) ;
#2527 = DIRECTION ( 'NONE',  ( 1.000000000000000000, 0.000000000000000000, -0.000000000000000000 ) ) ;
#2528 = EDGE_CURVE ( 'NONE', #3148, #941, #2755, .T. ) ;
#2529 = ORIENTED_EDGE ( 'NONE', *, *, #2470, .F. ) ;
#2530 = DIRECTION ( 'NONE',  ( 0.000000000000000000, -0.000000000000000000, -1.000000000000000000 ) ) ;
#2531 = ORIENTED_EDGE ( 'NONE', *, *, #2717, .F. ) ;
#2532 = PRODUCT_DEFINITION_CONTEXT ( 'detailed design', #4630, 'design' ) ;
#2533 = ORIENTED_EDGE ( 'NONE', *, *, #2489, .T. ) ;
#2534 = ORIENTED_EDGE ( 'NONE', *, *, #5288, .T. ) ;
#2535 = CARTESIAN_POINT ( 'NONE',  ( -11.25000000000000533, -11.10000000000000142, -6.200000000000000178 ) ) ;
#2536 = LINE ( 'NONE', #2090, #4482 ) ;
#2537 = DIRECTION ( 'NONE',  ( 0.000000000000000000, 0.000000000000000000, -1.000000000000000000 ) ) ;
#2538 = AXIS2_PLACEMENT_3D ( 'NONE', #2074, #4991, #2545 ) ;
#2539 = PLANE ( 'NONE',  #4627 ) ;
#2540 = CARTESIAN_POINT ( 'NONE',  ( -38.85613382467781207, 6.000000000000000000, -26.23371018851364767 ) ) ;
#2541 = FACE_OUTER_BOUND ( 'NONE', #2283, .T. ) ;
#2542 = ORIENTED_EDGE ( 'NONE', *, *, #4916, .T. ) ;
#2543 = EDGE_CURVE ( 'NONE', #2276, #1711, #2310, .T. ) ;
#2544 = CARTESIAN_POINT ( 'NONE',  ( 9.999999999998722799, -104.4041602925917260, 11.00000000000000000 ) ) ;
#2545 = DIRECTION ( 'NONE',  ( 0.000000000000000000, 0.000000000000000000, 1.000000000000000000 ) ) ;
#2546 = FACE_OUTER_BOUND ( 'NONE', #4249, .T. ) ;
#2547 = VECTOR ( 'NONE', #765, 1000.000000000000000 ) ;
#2548 = DIRECTION ( 'NONE',  ( -1.000000000000000000, -0.000000000000000000, -0.000000000000000000 ) ) ;
#2549 = DIRECTION ( 'NONE',  ( 1.000000000000000000, -3.083952846180989787E-16, 0.000000000000000000 ) ) ;
#2550 = VECTOR ( 'NONE', #1459, 1000.000000000000000 ) ;
#2551 = CARTESIAN_POINT ( 'NONE',  ( -63.85613382467780497, 10.99999999999999645, -25.23371018851364767 ) ) ;
#2552 = EDGE_CURVE ( 'NONE', #2742, #5043, #3705, .T. ) ;
#2553 = VERTEX_POINT ( 'NONE', #4576 ) ;
#2554 = DIRECTION ( 'NONE',  ( -1.000000000000000000, 0.000000000000000000, 0.000000000000000000 ) ) ;
#2555 = VECTOR ( 'NONE', #5022, 1000.000000000000000 ) ;
#2556 = VERTEX_POINT ( 'NONE', #2094 ) ;
#2557 = FACE_OUTER_BOUND ( 'NONE', #36, .T. ) ;
#2558 = EDGE_CURVE ( 'NONE', #4458, #509, #912, .T. ) ;
#2559 = VERTEX_POINT ( 'NONE', #4872 ) ;
#2560 = ORIENTED_EDGE ( 'NONE', *, *, #5019, .F. ) ;
#2561 = ORIENTED_EDGE ( 'NONE', *, *, #715, .T. ) ;
#2562 = VECTOR ( 'NONE', #2312, 1000.000000000000000 ) ;
#2563 = CYLINDRICAL_SURFACE ( 'NONE', #5177, 2.500000000000002220 ) ;
#2564 = CARTESIAN_POINT ( 'NONE',  ( -63.85613382467780497, 0.000000000000000000, -31.23371018851364767 ) ) ;
#2565 = VECTOR ( 'NONE', #984, 1000.000000000000000 ) ;
#2566 = AXIS2_PLACEMENT_3D ( 'NONE', #4723, #3412, #165 ) ;
#2567 = CARTESIAN_POINT ( 'NONE',  ( -30.00000000000128253, -77.40416029259172603, 11.00000000000000000 ) ) ;
#2568 = CARTESIAN_POINT ( 'NONE',  ( 3.061616997868383141E-16, 50.00000000000000000, 2.500000000000000000 ) ) ;
#2569 = ORIENTED_EDGE ( 'NONE', *, *, #3523, .F. ) ;
#2570 = CIRCLE ( 'NONE', #4134, 1.300000000000000488 ) ;
#2571 = DIRECTION ( 'NONE',  ( 0.000000000000000000, 0.000000000000000000, 1.000000000000000000 ) ) ;
#2572 = VECTOR ( 'NONE', #3791, 1000.000000000000000 ) ;
#2573 = PLANE ( 'NONE',  #2631 ) ;
#2574 = FACE_OUTER_BOUND ( 'NONE', #2432, .T. ) ;
#2575 = VECTOR ( 'NONE', #2941, 1000.000000000000000 ) ;
#2576 =( GEOMETRIC_REPRESENTATION_CONTEXT ( 3 ) GLOBAL_UNCERTAINTY_ASSIGNED_CONTEXT ( ( #4759 ) ) GLOBAL_UNIT_ASSIGNED_CONTEXT ( ( #177, #3069, #556 ) ) REPRESENTATION_CONTEXT ( 'NONE', 'WORKASPACE' ) );
#2577 = CARTESIAN_POINT ( 'NONE',  ( -0.6499999999999928058, 11.90000000000000391, 2.799999999999999822 ) ) ;
#2578 = CYLINDRICAL_SURFACE ( 'NONE', #227, 2.354999999999995985 ) ;
#2579 = MECHANICAL_DESIGN_GEOMETRIC_PRESENTATION_REPRESENTATION (  '', ( #4747 ), #2832 ) ;
#2580 = ORIENTED_EDGE ( 'NONE', *, *, #2543, .T. ) ;
#2581 = CARTESIAN_POINT ( 'NONE',  ( -63.85613382467780497, 6.000000000000000000, -26.23371018851364767 ) ) ;
#2582 = CARTESIAN_POINT ( 'NONE',  ( -49.35613382467781207, 28.99999999999999645, -5.233710188513652994 ) ) ;
#2583 = VERTEX_POINT ( 'NONE', #375 ) ;
#2584 = ADVANCED_FACE ( 'NONE', ( #4176 ), #4526, .T. ) ;
#2585 = LINE ( 'NONE', #3065, #3975 ) ;
#2586 = VERTEX_POINT ( 'NONE', #3650 ) ;
#2587 = VECTOR ( 'NONE', #3807, 1000.000000000000000 ) ;
#2588 = ORIENTED_EDGE ( 'NONE', *, *, #2384, .T. ) ;
#2589 = EDGE_CURVE ( 'NONE', #2144, #3949, #3209, .T. ) ;
#2590 = EDGE_CURVE ( 'NONE', #3776, #4936, #3787, .T. ) ;
#2591 = VERTEX_POINT ( 'NONE', #2864 ) ;
#2592 = LINE ( 'NONE', #4256, #2741 ) ;
#2593 = DIRECTION ( 'NONE',  ( 0.000000000000000000, 0.000000000000000000, 1.000000000000000000 ) ) ;
#2594 = AXIS2_PLACEMENT_3D ( 'NONE', #4364, #614, #1878 ) ;
#2595 = DIRECTION ( 'NONE',  ( 0.000000000000000000, 0.000000000000000000, 1.000000000000000000 ) ) ;
#2597 = ADVANCED_FACE ( 'NONE', ( #1192 ), #5342, .T. ) ;
#2596 = DIRECTION ( 'NONE',  ( -0.000000000000000000, -1.000000000000000000, -0.000000000000000000 ) ) ;
#2598 = DIRECTION ( 'NONE',  ( -1.000000000000000000, -0.000000000000000000, -0.000000000000000000 ) ) ;
#2599 = AXIS2_PLACEMENT_3D ( 'NONE', #2449, #2833, #732 ) ;
#2600 = DIRECTION ( 'NONE',  ( 0.000000000000000000, 1.000000000000000000, 0.000000000000000000 ) ) ;
#2601 = ORIENTED_EDGE ( 'NONE', *, *, #4253, .T. ) ;
#2602 = EDGE_CURVE ( 'NONE', #1830, #2731, #4147, .T. ) ;
#2603 = LINE ( 'NONE', #517, #1158 ) ;
#2604 = CARTESIAN_POINT ( 'NONE',  ( -43.85613382467781207, 28.99999999999999645, 0.7662898114863467836 ) ) ;
#2605 =( NAMED_UNIT ( * ) PLANE_ANGLE_UNIT ( ) SI_UNIT ( $, .RADIAN. ) );
#2606 = DIRECTION ( 'NONE',  ( 0.000000000000000000, 1.000000000000000000, 0.000000000000000000 ) ) ;
#2607 = PRODUCT_RELATED_PRODUCT_CATEGORY ( 'part', '', ( #5097 ) ) ;
#2608 = LINE ( 'NONE', #4640, #990 ) ;
#2609 = EDGE_CURVE ( 'NONE', #261, #1433, #827, .T. ) ;
#2610 = ORIENTED_EDGE ( 'NONE', *, *, #1949, .T. ) ;
#2611 = CARTESIAN_POINT ( 'NONE',  ( 5.050000000000006040, 16.10000000000000142, -4.336808689942017736E-16 ) ) ;
#2612 = DIRECTION ( 'NONE',  ( 0.000000000000000000, -0.000000000000000000, -1.000000000000000000 ) ) ;
#2613 = ORIENTED_EDGE ( 'NONE', *, *, #807, .F. ) ;
#2614 = LINE ( 'NONE', #3474, #2587 ) ;
#2615 = ORIENTED_EDGE ( 'NONE', *, *, #2271, .T. ) ;
#2616 = ORIENTED_EDGE ( 'NONE', *, *, #3143, .T. ) ;
#2617 = ORIENTED_EDGE ( 'NONE', *, *, #1276, .T. ) ;
#2618 = SURFACE_STYLE_FILL_AREA ( #4334 ) ;
#2619 = DIRECTION ( 'NONE',  ( -0.000000000000000000, -0.000000000000000000, -1.000000000000000000 ) ) ;
#2620 = ADVANCED_FACE ( 'NONE', ( #1986 ), #4959, .T. ) ;
#2621 = CARTESIAN_POINT ( 'NONE',  ( -43.85613382467781207, 11.00000000000000000, -31.23371018851364767 ) ) ;
#2622 = PLANE ( 'NONE',  #1782 ) ;
#2623 = CARTESIAN_POINT ( 'NONE',  ( -35.00000000000127898, -104.4041602925917260, 5.000000000000000000 ) ) ;
#2624 = EDGE_LOOP ( 'NONE', ( #4263, #4596 ) ) ;
#2625 = ORIENTED_EDGE ( 'NONE', *, *, #1700, .F. ) ;
#2626 = LINE ( 'NONE', #3874, #5350 ) ;
#2627 = EDGE_CURVE ( 'NONE', #4857, #366, #1215, .T. ) ;
#2628 = FACE_BOUND ( 'NONE', #946, .T. ) ;
#2629 = CARTESIAN_POINT ( 'NONE',  ( 7.499999999998722799, -77.40416029259172603, 17.00000000000000000 ) ) ;
#2630 = CARTESIAN_POINT ( 'NONE',  ( 0.000000000000000000, 0.000000000000000000, 4.000000000000000000 ) ) ;
#2631 = AXIS2_PLACEMENT_3D ( 'NONE', #1746, #1328, #4667 ) ;
#2632 = DIRECTION ( 'NONE',  ( 0.000000000000000000, 0.000000000000000000, 1.000000000000000000 ) ) ;
#2633 = EDGE_CURVE ( 'NONE', #2935, #1995, #4914, .T. ) ;
#2634 = AXIS2_PLACEMENT_3D ( 'NONE', #1984, #4004, #2370 ) ;
#2635 = ORIENTED_EDGE ( 'NONE', *, *, #3484, .T. ) ;
#2636 = AXIS2_PLACEMENT_3D ( 'NONE', #5259, #3594, #4794 ) ;
#2637 = CARTESIAN_POINT ( 'NONE',  ( -20.50000000000127187, -104.4041602925917260, 17.00000000000000000 ) ) ;
#2638 = ORIENTED_EDGE ( 'NONE', *, *, #107, .F. ) ;
#2639 = CIRCLE ( 'NONE', #2014, 2.500000000000004885 ) ;
#2640 = CARTESIAN_POINT ( 'NONE',  ( 2.500000000000000000, 1.000000000000000102E-16, 0.3983716857409999590 ) ) ;
#2641 = ORIENTED_EDGE ( 'NONE', *, *, #4404, .F. ) ;
#2642 = AXIS2_PLACEMENT_3D ( 'NONE', #3461, #3816, #5067 ) ;
#2643 = PRODUCT_DEFINITION_CONTEXT ( 'detailed design', #2126, 'design' ) ;
#2644 = EDGE_LOOP ( 'NONE', ( #2531, #4533 ) ) ;
#2645 = FACE_OUTER_BOUND ( 'NONE', #207, .T. ) ;
#2646 = LINE ( 'NONE', #1318, #673 ) ;
#2647 = DIRECTION ( 'NONE',  ( 0.000000000000000000, 0.000000000000000000, 1.000000000000000000 ) ) ;
#2648 = DIRECTION ( 'NONE',  ( -0.000000000000000000, -0.000000000000000000, -1.000000000000000000 ) ) ;
#2649 = VERTEX_POINT ( 'NONE', #790 ) ;
#2650 = EDGE_LOOP ( 'NONE', ( #986, #1787, #4352, #922 ) ) ;
#2651 = DIRECTION ( 'NONE',  ( 0.000000000000000000, 0.000000000000000000, -1.000000000000000000 ) ) ;
#2652 = CARTESIAN_POINT ( 'NONE',  ( -2.310000000000000053, 4.001037365484000574, 0.3579571668980000010 ) ) ;
#2653 = VECTOR ( 'NONE', #2056, 1000.000000000000000 ) ;
#2654 = CARTESIAN_POINT ( 'NONE',  ( 14.81592238163610808, 5.200000000000003730, 0.5749999999999998446 ) ) ;
#2655 = LINE ( 'NONE', #5047, #4209 ) ;
#2656 = DIRECTION ( 'NONE',  ( 0.000000000000000000, 0.000000000000000000, 1.000000000000000000 ) ) ;
#2657 = VECTOR ( 'NONE', #3942, 1000.000000000000000 ) ;
#2658 = CONICAL_SURFACE ( 'NONE', #2034, 4.620000000000000107, 1.047197551196999754 ) ;
#2659 = EDGE_CURVE ( 'NONE', #1909, #3977, #2914, .T. ) ;
#2660 = CARTESIAN_POINT ( 'NONE',  ( 11.25000000000000178, 7.600000000000002309, -6.200000000000000178 ) ) ;
#2661 = VERTEX_POINT ( 'NONE', #1573 ) ;
#2662 = VECTOR ( 'NONE', #1982, 1000.000000000000000 ) ;
#2663 = VECTOR ( 'NONE', #2648, 1000.000000000000000 ) ;
#2664 = EDGE_CURVE ( 'NONE', #1710, #3036, #1162, .T. ) ;
#2665 = DIRECTION ( 'NONE',  ( -1.000000000000000000, 4.336808689942018229E-16, -0.000000000000000000 ) ) ;
#2666 = VERTEX_POINT ( 'NONE', #767 ) ;
#2667 = EDGE_CURVE ( 'NONE', #5082, #3534, #1660, .T. ) ;
#2668 = AXIS2_PLACEMENT_3D ( 'NONE', #4912, #4041, #1644 ) ;
#2669 = DIRECTION ( 'NONE',  ( -0.5677329558036602331, 0.8232127859153058891, 0.000000000000000000 ) ) ;
#2670 = ORIENTED_EDGE ( 'NONE', *, *, #2116, .F. ) ;
#2671 = VERTEX_POINT ( 'NONE', #2428 ) ;
#2672 = DIRECTION ( 'NONE',  ( 0.000000000000000000, 1.000000000000000000, 0.000000000000000000 ) ) ;
#2673 = EDGE_CURVE ( 'NONE', #872, #1754, #4044, .T. ) ;
#2674 = AXIS2_PLACEMENT_3D ( 'NONE', #3451, #2669, #3913 ) ;
#2675 = DIRECTION ( 'NONE',  ( 1.000000000000000000, 0.000000000000000000, 0.000000000000000000 ) ) ;
#2676 = CARTESIAN_POINT ( 'NONE',  ( -68.85613382467781207, 10.99999999999999645, -5.233710188513652994 ) ) ;
#2677 = EDGE_LOOP ( 'NONE', ( #1445, #1253, #776, #730 ) ) ;
#2678 = ORIENTED_EDGE ( 'NONE', *, *, #1812, .T. ) ;
#2679 =( BOUNDED_CURVE ( )  B_SPLINE_CURVE ( 2, ( #4174, #2862, #3757 ),
 .UNSPECIFIED., .F., .F. ) 
 B_SPLINE_CURVE_WITH_KNOTS ( ( 3, 3 ),
 ( 0.000000000000000000, 1.000000000000000000 ),
 .UNSPECIFIED. ) 
 CURVE ( )  GEOMETRIC_REPRESENTATION_ITEM ( )  RATIONAL_B_SPLINE_CURVE ( ( 1.000000000000000000, 1.154700538379265895, 1.000000000000000000 ) ) 
 REPRESENTATION_ITEM ( '' )  );
#2680 = CARTESIAN_POINT ( 'NONE',  ( -11.25000000000000178, 7.599999999999998757, 6.200000000000000178 ) ) ;
#2681 = CARTESIAN_POINT ( 'NONE',  ( -1.578737141016971995E-12, 4.001037365484004127, -0.3088823940167326199 ) ) ;
#2682 = CARTESIAN_POINT ( 'NONE',  ( -16.05000000000000071, 0.000000000000000000, -6.200000000000000178 ) ) ;
#2683 = CIRCLE ( 'NONE', #447, 2.729999999999999982 ) ;
#2684 = CARTESIAN_POINT ( 'NONE',  ( -35.00000000000127898, -109.4041602925917260, 25.00000000000000000 ) ) ;
#2685 = CARTESIAN_POINT ( 'NONE',  ( -68.85613382467781207, 10.99999999999999645, -31.23371018851364767 ) ) ;
#2686 = FACE_OUTER_BOUND ( 'NONE', #3524, .T. ) ;
#2687 = ORIENTED_EDGE ( 'NONE', *, *, #1723, .F. ) ;
#2688 = ADVANCED_FACE ( 'NONE', ( #4551 ), #817, .F. ) ;
#2689 = CYLINDRICAL_SURFACE ( 'NONE', #1065, 0.9000000000000014655 ) ;
#2690 = ORIENTED_EDGE ( 'NONE', *, *, #4550, .T. ) ;
#2691 = CARTESIAN_POINT ( 'NONE',  ( 26.99999999999872813, -102.0491602925917505, 5.000000000000000000 ) ) ;
#2692 = VERTEX_POINT ( 'NONE', #5098 ) ;
#2693 = EDGE_CURVE ( 'NONE', #4577, #2798, #3960, .T. ) ;
#2694 = ORIENTED_EDGE ( 'NONE', *, *, #1334, .F. ) ;
#2695 = DIRECTION ( 'NONE',  ( -1.000000000000000000, 0.000000000000000000, 0.000000000000000000 ) ) ;
#2696 = DIRECTION ( 'NONE',  ( -0.000000000000000000, -1.000000000000000000, -0.000000000000000000 ) ) ;
#2697 = CARTESIAN_POINT ( 'NONE',  ( 8.861676443210482645, -55.76405722159884704, 12.37199317837896295 ) ) ;
#2698 = LINE ( 'NONE', #4384, #2104 ) ;
#2699 = ORIENTED_EDGE ( 'NONE', *, *, #3484, .F. ) ;
#2700 = EDGE_LOOP ( 'NONE', ( #4057, #644, #4642, #4056 ) ) ;
#2701 = DIRECTION ( 'NONE',  ( -1.000000000000000000, 4.336808689942018229E-16, -0.000000000000000000 ) ) ;
#2702 = CARTESIAN_POINT ( 'NONE',  ( 13.65000000000000568, 5.200000000000002842, -3.851859888774471706E-31 ) ) ;
#2703 = CARTESIAN_POINT ( 'NONE',  ( 1.879283765641538915E-15, 5.199999999999993072, 6.200000000000000178 ) ) ;
#2704 = DIRECTION ( 'NONE',  ( 5.799999999999999583E-16, 1.000000000000000000, 0.000000000000000000 ) ) ;
#2705 = EDGE_CURVE ( 'NONE', #3040, #2842, #975, .T. ) ;
#2706 = DIRECTION ( 'NONE',  ( -0.000000000000000000, 1.000000000000000000, -0.000000000000000000 ) ) ;
#2707 = ADVANCED_BREP_SHAPE_REPRESENTATION ( '', ( #1258, #3630 ), #1448 ) ;
#2708 = ORIENTED_EDGE ( 'NONE', *, *, #1780, .T. ) ;
#2709 = DIRECTION ( 'NONE',  ( -1.000000000000000000, 0.000000000000000000, 0.000000000000000000 ) ) ;
#2710 = EDGE_LOOP ( 'NONE', ( #439, #3223, #1693, #5189 ) ) ;
#2711 = EDGE_CURVE ( 'NONE', #2267, #1961, #3351, .T. ) ;
#2712 = CYLINDRICAL_SURFACE ( 'NONE', #5278, 2.500000000000000888 ) ;
#2713 = CIRCLE ( 'NONE', #2796, 1.300000000000000488 ) ;
#2714 = ORIENTED_EDGE ( 'NONE', *, *, #1447, .F. ) ;
#2715 = FACE_BOUND ( 'NONE', #441, .T. ) ;
#2716 = ORIENTED_EDGE ( 'NONE', *, *, #3889, .F. ) ;
#2717 = EDGE_CURVE ( 'NONE', #1557, #704, #5179, .T. ) ;
#2718 = EDGE_CURVE ( 'NONE', #4731, #2311, #1076, .T. ) ;
#2719 = DIRECTION ( 'NONE',  ( -0.000000000000000000, -0.000000000000000000, -1.000000000000000000 ) ) ;
#2720 = DIRECTION ( 'NONE',  ( 1.000000000000000000, 0.000000000000000000, 0.000000000000000000 ) ) ;
#2721 = VECTOR ( 'NONE', #2264, 1000.000000000000000 ) ;
#2722 = LINE ( 'NONE', #4055, #1230 ) ;
#2723 = ORIENTED_EDGE ( 'NONE', *, *, #2817, .F. ) ;
#2724 = ORIENTED_EDGE ( 'NONE', *, *, #606, .F. ) ;
#2725 = LINE ( 'NONE', #1902, #4913 ) ;
#2726 = PLANE ( 'NONE',  #253 ) ;
#2727 = DIRECTION ( 'NONE',  ( -0.000000000000000000, 1.000000000000000000, -0.000000000000000000 ) ) ;
#2728 = LINE ( 'NONE', #1930, #1307 ) ;
#2729 = PLANE ( 'NONE',  #4478 ) ;
#2730 = FACE_OUTER_BOUND ( 'NONE', #2891, .T. ) ;
#2731 = VERTEX_POINT ( 'NONE', #3842 ) ;
#2732 = VECTOR ( 'NONE', #4783, 1000.000000000000000 ) ;
#2733 = AXIS2_PLACEMENT_3D ( 'NONE', #1252, #3682, #1279 ) ;
#2734 = CARTESIAN_POINT ( 'NONE',  ( -53.01409010487144258, 27.08343556655717066, -17.69940579532670455 ) ) ;
#2735 = EDGE_LOOP ( 'NONE', ( #3497, #4776, #2106, #2338 ) ) ;
#2736 = VECTOR ( 'NONE', #4315, 1000.000000000000000 ) ;
#2737 = DIRECTION ( 'NONE',  ( -1.000000000000000000, 0.000000000000000000, 0.000000000000000000 ) ) ;
#2738 = AXIS2_PLACEMENT_3D ( 'NONE', #2869, #4153, #1169 ) ;
#2739 = EDGE_LOOP ( 'NONE', ( #293, #3861, #4046 ) ) ;
#2740 = PLANE ( 'NONE',  #56 ) ;
#2741 = VECTOR ( 'NONE', #2173, 1000.000000000000000 ) ;
#2742 = VERTEX_POINT ( 'NONE', #4602 ) ;
#2743 = CARTESIAN_POINT ( 'NONE',  ( -54.19868593619960251, 27.04124029229001280, -17.81677567363223247 ) ) ;
#2744 = FACE_OUTER_BOUND ( 'NONE', #3693, .T. ) ;
#2745 = EDGE_CURVE ( 'NONE', #4447, #839, #538, .T. ) ;
#2746 = ORIENTED_EDGE ( 'NONE', *, *, #926, .T. ) ;
#2747 = EDGE_LOOP ( 'NONE', ( #3872, #423 ) ) ;
#2748 = DIRECTION ( 'NONE',  ( -1.000000000000000000, -0.000000000000000000, -0.000000000000000000 ) ) ;
#2749 = DIRECTION ( 'NONE',  ( 0.000000000000000000, 0.000000000000000000, 1.000000000000000000 ) ) ;
#2750 = DIRECTION ( 'NONE',  ( 1.000000000000000000, 0.000000000000000000, 0.000000000000000000 ) ) ;
#2751 = ADVANCED_FACE ( 'NONE', ( #1322 ), #3382, .F. ) ;
#2752 = FACE_OUTER_BOUND ( 'NONE', #659, .T. ) ;
#2753 = EDGE_CURVE ( 'NONE', #236, #1578, #1579, .T. ) ;
#2754 = VECTOR ( 'NONE', #3664, 1000.000000000000000 ) ;
#2755 = LINE ( 'NONE', #3155, #235 ) ;
#2756 = PLANE ( 'NONE',  #404 ) ;
#2757 = VECTOR ( 'NONE', #1451, 1000.000000000000000 ) ;
#2758 = VERTEX_POINT ( 'NONE', #3898 ) ;
#2759 = CARTESIAN_POINT ( 'NONE',  ( 4.000000000000000000, 8.799999999999999027E-16, 4.000000000000000000 ) ) ;
#2760 =( GEOMETRIC_REPRESENTATION_CONTEXT ( 3 ) GLOBAL_UNCERTAINTY_ASSIGNED_CONTEXT ( ( #2032 ) ) GLOBAL_UNIT_ASSIGNED_CONTEXT ( ( #3480, #1373, #2203 ) ) REPRESENTATION_CONTEXT ( 'NONE', 'WORKASPACE' ) );
#2761 = ORIENTED_EDGE ( 'NONE', *, *, #4140, .T. ) ;
#2762 = CARTESIAN_POINT ( 'NONE',  ( -16.05000000000000071, 5.199999999999999289, -6.200000000000000178 ) ) ;
#2763 = ORIENTED_EDGE ( 'NONE', *, *, #3146, .F. ) ;
#2764 = FACE_OUTER_BOUND ( 'NONE', #1094, .T. ) ;
#2765 = EDGE_LOOP ( 'NONE', ( #1207, #2533, #3287, #3764 ) ) ;
#2766 = EDGE_CURVE ( 'NONE', #1186, #2910, #157, .T. ) ;
#2767 = CARTESIAN_POINT ( 'NONE',  ( -54.69855432911523252, 27.08346184348538443, -12.76807680341079454 ) ) ;
#2768 = APPLICATION_PROTOCOL_DEFINITION ( 'draft international standard', 'automotive_design', 1998, #2513 ) ;
#2769 = LINE ( 'NONE', #781, #1845 ) ;
#2770 = CARTESIAN_POINT ( 'NONE',  ( -42.49000000000126676, -93.40416029259172603, 28.00000000000000000 ) ) ;
#2771 = ORIENTED_EDGE ( 'NONE', *, *, #516, .F. ) ;
#2772 = ORIENTED_EDGE ( 'NONE', *, *, #1208, .T. ) ;
#2773 = CARTESIAN_POINT ( 'NONE',  ( -11.25000000000000533, -11.10000000000000142, 6.200000000000000178 ) ) ;
#2774 = LINE ( 'NONE', #3623, #1361 ) ;
#2775 = EDGE_CURVE ( 'NONE', #273, #3583, #3355, .T. ) ;
#2776 = DIRECTION ( 'NONE',  ( 0.000000000000000000, 0.000000000000000000, 1.000000000000000000 ) ) ;
#2777 = DIRECTION ( 'NONE',  ( 0.000000000000000000, 0.000000000000000000, 1.000000000000000000 ) ) ;
#2778 = DIRECTION ( 'NONE',  ( 1.000000000000000000, 0.000000000000000000, 0.000000000000000000 ) ) ;
#2779 = VERTEX_POINT ( 'NONE', #1272 ) ;
#2780 = CARTESIAN_POINT ( 'NONE',  ( -1.834951943477689764E-15, 11.90000000000000391, 6.200000000000000178 ) ) ;
#2781 =( REPRESENTATION_RELATIONSHIP ('NONE','NONE', #2111, #3253 ) REPRESENTATION_RELATIONSHIP_WITH_TRANSFORMATION ( #280 )SHAPE_REPRESENTATION_RELATIONSHIP( ) );
#2782 = EDGE_CURVE ( 'NONE', #4049, #4530, #1720, .T. ) ;
#2783 = ORIENTED_EDGE ( 'NONE', *, *, #823, .F. ) ;
#2784 = PLANE ( 'NONE',  #1147 ) ;
#2785 = ORIENTED_EDGE ( 'NONE', *, *, #2602, .T. ) ;
#2786 = ADVANCED_FACE ( 'NONE', ( #2541 ), #931, .F. ) ;
#2787 = CARTESIAN_POINT ( 'NONE',  ( 4.999999999998723688, -109.4041602925917260, 23.00000000000000000 ) ) ;
#2788 = CARTESIAN_POINT ( 'NONE',  ( -11.25000000000000533, -11.89999999999999858, 6.200000000000000178 ) ) ;
#2789 = EDGE_LOOP ( 'NONE', ( #4945, #1468 ) ) ;
#2790 = LINE ( 'NONE', #3660, #4124 ) ;
#2791 = ORIENTED_EDGE ( 'NONE', *, *, #1211, .T. ) ;
#2792 = CARTESIAN_POINT ( 'NONE',  ( 14.99999999999872280, -77.40416029259172603, 25.00000000000000000 ) ) ;
#2793 = DIRECTION ( 'NONE',  ( -1.000000000000000000, -0.000000000000000000, -0.000000000000000000 ) ) ;
#2794 = AXIS2_PLACEMENT_3D ( 'NONE', #4259, #2647, #974 ) ;
#2795 = CARTESIAN_POINT ( 'NONE',  ( 11.25000000000000178, 0.000000000000000000, 6.200000000000000178 ) ) ;
#2796 = AXIS2_PLACEMENT_3D ( 'NONE', #5153, #1905, #4395 ) ;
#2797 = EDGE_LOOP ( 'NONE', ( #3308, #529, #2293, #3994 ) ) ;
#2798 = VERTEX_POINT ( 'NONE', #901 ) ;
#2799 = AXIS2_PLACEMENT_3D ( 'NONE', #4864, #5279, #310 ) ;
#2800 = DIRECTION ( 'NONE',  ( 7.228014483236699514E-16, -1.000000000000000000, 0.000000000000000000 ) ) ;
#2801 = FACE_OUTER_BOUND ( 'NONE', #4654, .T. ) ;
#2802 = CARTESIAN_POINT ( 'NONE',  ( -20.50000000000127187, -109.4041602925917260, 17.00000000000000000 ) ) ;
#2803 = DIRECTION ( 'NONE',  ( 0.000000000000000000, 0.000000000000000000, -1.000000000000000000 ) ) ;
#2804 = DIRECTION ( 'NONE',  ( -0.000000000000000000, -1.000000000000000000, -0.000000000000000000 ) ) ;
#2805 = ORIENTED_EDGE ( 'NONE', *, *, #692, .T. ) ;
#2806 = EDGE_CURVE ( 'NONE', #2649, #2256, #3027, .T. ) ;
#2807 = CARTESIAN_POINT ( 'NONE',  ( 26.99999999999872813, -77.40416029259172603, 28.00000000000000000 ) ) ;
#2808 = ORIENTED_EDGE ( 'NONE', *, *, #2224, .T. ) ;
#2809 = PLANE ( 'NONE',  #739 ) ;
#2810 = CARTESIAN_POINT ( 'NONE',  ( -51.89934083104080997, 27.30107117216336832, -16.95404295692311791 ) ) ;
#2811 = EDGE_CURVE ( 'NONE', #3149, #2871, #1165, .T. ) ;
#2812 = EDGE_LOOP ( 'NONE', ( #1790, #1423, #1766, #168 ) ) ;
#2813 = CARTESIAN_POINT ( 'NONE',  ( 4.620000000000000107, 0.000000000000000000, 0.000000000000000000 ) ) ;
#2814 = VERTEX_POINT ( 'NONE', #2568 ) ;
#2815 = CIRCLE ( 'NONE', #316, 2.500000000000004885 ) ;
#2816 = CIRCLE ( 'NONE', #1326, 2.500000000000002220 ) ;
#2817 = EDGE_CURVE ( 'NONE', #2521, #1233, #4235, .T. ) ;
#2818 = DIRECTION ( 'NONE',  ( 0.000000000000000000, 0.000000000000000000, 1.000000000000000000 ) ) ;
#2819 = EDGE_CURVE ( 'NONE', #1974, #2196, #1742, .T. ) ;
#2820 = ORIENTED_EDGE ( 'NONE', *, *, #2877, .F. ) ;
#2821 = VECTOR ( 'NONE', #2183, 1000.000000000000000 ) ;
#2822 = VECTOR ( 'NONE', #3575, 1000.000000000000000 ) ;
#2823 = CARTESIAN_POINT ( 'NONE',  ( -56.43928472922925010, 27.49410882121524580, -14.89197858473749747 ) ) ;
#2824 = ITEM_DEFINED_TRANSFORMATION ( 'NONE', 'NONE', #3108,  #3630 ) ;
#2825 = CARTESIAN_POINT ( 'NONE',  ( -13.65000000000001279, 5.199999999999996625, 3.469446951953613794E-15 ) ) ;
#2826 = CARTESIAN_POINT ( 'NONE',  ( 5.050000000000006040, 16.10000000000000142, -4.336808689942017736E-16 ) ) ;
#2827 = VECTOR ( 'NONE', #4547, 1000.000000000000000 ) ;
#2828 = AXIS2_PLACEMENT_3D ( 'NONE', #2623, #5042, #587 ) ;
#2829 = ORIENTED_EDGE ( 'NONE', *, *, #903, .F. ) ;
#2830 = ORIENTED_EDGE ( 'NONE', *, *, #823, .T. ) ;
#2831 = CARTESIAN_POINT ( 'NONE',  ( -35.00000000000127898, -109.4041602925917260, 0.000000000000000000 ) ) ;
#2832 =( GEOMETRIC_REPRESENTATION_CONTEXT ( 3 ) GLOBAL_UNCERTAINTY_ASSIGNED_CONTEXT ( ( #1424 ) ) GLOBAL_UNIT_ASSIGNED_CONTEXT ( ( #3478, #2231, #4656 ) ) REPRESENTATION_CONTEXT ( 'NONE', 'WORKASPACE' ) );
#2833 = DIRECTION ( 'NONE',  ( 0.000000000000000000, 1.000000000000000000, 0.000000000000000000 ) ) ;
#2834 = CARTESIAN_POINT ( 'NONE',  ( 14.81592238163610808, -11.90100000000000513, 0.5749999999999999556 ) ) ;
#2835 = DIRECTION ( 'NONE',  ( -0.4999999999997411515, -6.123233995733595801E-17, -0.8660254037845881436 ) ) ;
#2836 = VERTEX_POINT ( 'NONE', #3049 ) ;
#2837 = FACE_BOUND ( 'NONE', #1414, .T. ) ;
#2838 = ORIENTED_EDGE ( 'NONE', *, *, #4987, .F. ) ;
#2839 = AXIS2_PLACEMENT_3D ( 'NONE', #1266, #4733, #3894 ) ;
#2840 = CARTESIAN_POINT ( 'NONE',  ( -63.85613382467780497, 36.00000000000000000, -25.23371018851364767 ) ) ;
#2841 = LINE ( 'NONE', #355, #3778 ) ;
#2842 = VERTEX_POINT ( 'NONE', #955 ) ;
#2843 = CARTESIAN_POINT ( 'NONE',  ( -63.85613382467780497, 6.000000000000000000, -4.233710188513654771 ) ) ;
#2844 = VECTOR ( 'NONE', #3876, 1000.000000000000000 ) ;
#2845 = DIRECTION ( 'NONE',  ( 0.000000000000000000, 1.000000000000000000, 0.000000000000000000 ) ) ;
#2846 = EDGE_CURVE ( 'NONE', #43, #4567, #3482, .T. ) ;
#2847 = ORIENTED_EDGE ( 'NONE', *, *, #3001, .F. ) ;
#2848 = PRODUCT_DEFINITION_FORMATION_WITH_SPECIFIED_SOURCE ( 'ANY', '', #3444, .NOT_KNOWN. ) ;
#2849 = LINE ( 'NONE', #442, #728 ) ;
#2850 = ORIENTED_EDGE ( 'NONE', *, *, #3266, .T. ) ;
#2851 = ADVANCED_FACE ( 'NONE', ( #2265 ), #4338, .F. ) ;
#2852 = DIRECTION ( 'NONE',  ( -0.000000000000000000, 1.000000000000000000, -0.000000000000000000 ) ) ;
#2853 = ITEM_DEFINED_TRANSFORMATION ( 'NONE', 'NONE', #5200,  #3630 ) ;
#2854 = EDGE_CURVE ( 'NONE', #358, #3612, #1401, .T. ) ;
#2855 = CARTESIAN_POINT ( 'NONE',  ( 9.999999999998724576, -82.40416029259172603, 23.00000000000000000 ) ) ;
#2856 = CARTESIAN_POINT ( 'NONE',  ( 4.620000000000000107, 9.240000000000000753E-17, 0.3579571668980000010 ) ) ;
#2857 = EDGE_LOOP ( 'NONE', ( #4926, #312, #5146 ) ) ;
#2858 = ORIENTED_EDGE ( 'NONE', *, *, #5049, .T. ) ;
#2859 = FACE_OUTER_BOUND ( 'NONE', #3447, .T. ) ;
#2860 = DIRECTION ( 'NONE',  ( 1.000000000000000000, 0.000000000000000000, 0.000000000000000000 ) ) ;
#2861 = FACE_OUTER_BOUND ( 'NONE', #5280, .T. ) ;
#2862 = CARTESIAN_POINT ( 'NONE',  ( 3.464999999999418989, -2.000518682743007037, 4.308882394016973372 ) ) ;
#2863 = LINE ( 'NONE', #4203, #4797 ) ;
#2864 = CARTESIAN_POINT ( 'NONE',  ( -2.500000000000000000, -5.165548620229605208E-16, 3.601628314258999985 ) ) ;
#2865 = ORIENTED_EDGE ( 'NONE', *, *, #4237, .T. ) ;
#2866 = DIRECTION ( 'NONE',  ( 1.000000000000000000, 0.000000000000000000, -1.757105317124067718E-16 ) ) ;
#2867 = VERTEX_POINT ( 'NONE', #4737 ) ;
#2868 = EDGE_CURVE ( 'NONE', #4563, #2895, #4964, .T. ) ;
#2869 = CARTESIAN_POINT ( 'NONE',  ( 5.050000000000006040, 11.90000000000000391, -4.336808689942017736E-16 ) ) ;
#2870 = CARTESIAN_POINT ( 'NONE',  ( 4.999999999998722799, -82.40416029259172603, 23.00000000000000000 ) ) ;
#2871 = VERTEX_POINT ( 'NONE', #4877 ) ;
#2872 = CARTESIAN_POINT ( 'NONE',  ( 17.48999999999872657, -93.40416029259172603, 28.00000000000000000 ) ) ;
#2873 = CARTESIAN_POINT ( 'NONE',  ( -38.85613382467781207, 36.00000000000000000, -31.23371018851364767 ) ) ;
#2874 = ORIENTED_EDGE ( 'NONE', *, *, #4045, .T. ) ;
#2875 = CYLINDRICAL_SURFACE ( 'NONE', #3341, 7.499999999999999112 ) ;
#2876 = ORIENTED_EDGE ( 'NONE', *, *, #853, .F. ) ;
#2877 = EDGE_CURVE ( 'NONE', #3882, #3725, #1137, .T. ) ;
#2878 = CARTESIAN_POINT ( 'NONE',  ( 9.999999999998724576, -82.40416029259172603, 23.00000000000000000 ) ) ;
#2879 = DIRECTION ( 'NONE',  ( -1.000000000000000000, 4.336808689942018229E-16, -0.000000000000000000 ) ) ;
#2880 = AXIS2_PLACEMENT_3D ( 'NONE', #4239, #3410, #1850 ) ;
#2881 = ORIENTED_EDGE ( 'NONE', *, *, #1539, .F. ) ;
#2882 = EDGE_CURVE ( 'NONE', #4065, #5359, #1864, .T. ) ;
#2883 = ORIENTED_EDGE ( 'NONE', *, *, #5214, .T. ) ;
#2884 = CARTESIAN_POINT ( 'NONE',  ( -11.25000000000000355, 1.639969672667150123E-15, 6.200000000000000178 ) ) ;
#2885 = CARTESIAN_POINT ( 'NONE',  ( -38.85613382467781207, 10.99999999999999645, 0.7662898114863467836 ) ) ;
#2886 =( LENGTH_UNIT ( ) NAMED_UNIT ( * ) SI_UNIT ( .MILLI., .METRE. ) );
#2887 = COLOUR_RGB ( '',0.7921568627450980005, 0.8196078431372548767, 0.9333333333333333481 ) ;
#2888 = FACE_BOUND ( 'NONE', #1283, .T. ) ;
#2889 = LINE ( 'NONE', #2917, #4454 ) ;
#2890 = DIRECTION ( 'NONE',  ( 0.000000000000000000, 0.000000000000000000, 1.000000000000000000 ) ) ;
#2891 = EDGE_LOOP ( 'NONE', ( #1914, #4512, #1945, #5300 ) ) ;
#2892 = VECTOR ( 'NONE', #2596, 1000.000000000000000 ) ;
#2893 = CARTESIAN_POINT ( 'NONE',  ( 8.350000000000006750, -9.900000000000002132, -6.200000000000000178 ) ) ;
#2894 = CIRCLE ( 'NONE', #1931, 2.500000000000002220 ) ;
#2895 = VERTEX_POINT ( 'NONE', #3681 ) ;
#2896 = DIRECTION ( 'NONE',  ( 1.000000000000000000, 0.000000000000000000, 0.000000000000000000 ) ) ;
#2897 = FACE_OUTER_BOUND ( 'NONE', #3463, .T. ) ;
#2898 = ORIENTED_EDGE ( 'NONE', *, *, #4918, .F. ) ;
#2899 = DIRECTION ( 'NONE',  ( 1.000000000000000000, -0.000000000000000000, -0.000000000000000000 ) ) ;
#2900 = CARTESIAN_POINT ( 'NONE',  ( -35.00000000000127898, -84.90416029259174024, 5.000000000000000000 ) ) ;
#2901 = VERTEX_POINT ( 'NONE', #4180 ) ;
#2902 = CARTESIAN_POINT ( 'NONE',  ( -63.85613382467780497, 11.00000000000000000, -31.23371018851364767 ) ) ;
#2903 = EDGE_LOOP ( 'NONE', ( #889, #4556, #2529 ) ) ;
#2904 = LINE ( 'NONE', #2503, #3886 ) ;
#2905 = AXIS2_PLACEMENT_3D ( 'NONE', #5160, #2665, #2223 ) ;
#2906 = ORIENTED_EDGE ( 'NONE', *, *, #5244, .F. ) ;
#2907 = AXIS2_PLACEMENT_3D ( 'NONE', #1141, #5296, #1585 ) ;
#2908 = VECTOR ( 'NONE', #4268, 1000.000000000000000 ) ;
#2909 = ORIENTED_EDGE ( 'NONE', *, *, #5258, .F. ) ;
#2910 = VERTEX_POINT ( 'NONE', #4505 ) ;
#2911 = FACE_OUTER_BOUND ( 'NONE', #5270, .T. ) ;
#2912 = FACE_OUTER_BOUND ( 'NONE', #1299, .T. ) ;
#2913 = AXIS2_PLACEMENT_3D ( 'NONE', #2006, #763, #3621 ) ;
#2914 = CIRCLE ( 'NONE', #2394, 2.600000000000003197 ) ;
#2915 = EDGE_CURVE ( 'NONE', #3158, #2357, #1196, .T. ) ;
#2916 = CARTESIAN_POINT ( 'NONE',  ( 0.000000000000000000, -9.900000000000002132, 1.875000000000000888 ) ) ;
#2917 = CARTESIAN_POINT ( 'NONE',  ( -11.25000000000000178, 11.90000000000000213, 6.200000000000000178 ) ) ;
#2918 = CARTESIAN_POINT ( 'NONE',  ( -30.00000000000128253, -77.40416029259172603, 11.00000000000000000 ) ) ;
#2919 = EDGE_LOOP ( 'NONE', ( #769, #4873, #1044, #2059 ) ) ;
#2920 = CIRCLE ( 'NONE', #4401, 2.900000000000000799 ) ;
#2921 = DIRECTION ( 'NONE',  ( 0.000000000000000000, 0.000000000000000000, -1.000000000000000000 ) ) ;
#2922 = EDGE_CURVE ( 'NONE', #120, #2357, #67, .T. ) ;
#2923 = ORIENTED_EDGE ( 'NONE', *, *, #618, .F. ) ;
#2924 = CARTESIAN_POINT ( 'NONE',  ( 11.25000000000000178, 0.000000000000000000, -6.200000000000000178 ) ) ;
#2925 = LINE ( 'NONE', #2076, #1332 ) ;
#2926 = EDGE_LOOP ( 'NONE', ( #3779, #5242, #3217, #1824 ) ) ;
#2927 = LINE ( 'NONE', #878, #3868 ) ;
#2928 = CARTESIAN_POINT ( 'NONE',  ( -2.310000000000000053, 4.001037365484000574, 3.642042833101999832 ) ) ;
#2929 = VECTOR ( 'NONE', #2719, 1000.000000000000000 ) ;
#2930 = ORIENTED_EDGE ( 'NONE', *, *, #4963, .T. ) ;
#2931 = DIRECTION ( 'NONE',  ( -0.000000000000000000, -0.000000000000000000, -1.000000000000000000 ) ) ;
#2932 = VECTOR ( 'NONE', #2381, 1000.000000000000000 ) ;
#2933 = ORIENTED_EDGE ( 'NONE', *, *, #1615, .F. ) ;
#2934 = DIRECTION ( 'NONE',  ( -1.000000000000000000, 1.457750820148577635E-16, 0.000000000000000000 ) ) ;
#2935 = VERTEX_POINT ( 'NONE', #1990 ) ;
#2936 = ADVANCED_FACE ( 'NONE', ( #1641 ), #2809, .F. ) ;
#2937 = VERTEX_POINT ( 'NONE', #3654 ) ;
#2938 = VERTEX_POINT ( 'NONE', #4583 ) ;
#2939 = DIRECTION ( 'NONE',  ( 0.000000000000000000, 1.000000000000000000, 0.000000000000000000 ) ) ;
#2940 = CYLINDRICAL_SURFACE ( 'NONE', #3529, 2.500000000000002220 ) ;
#2941 = DIRECTION ( 'NONE',  ( 0.000000000000000000, -0.000000000000000000, 1.000000000000000000 ) ) ;
#2942 = DIRECTION ( 'NONE',  ( 0.000000000000000000, 1.000000000000000000, -0.000000000000000000 ) ) ;
#2943 = CARTESIAN_POINT ( 'NONE',  ( 9.999999999998724576, -106.7591602925917300, 5.000000000000000000 ) ) ;
#2944 = CARTESIAN_POINT ( 'NONE',  ( 2.500000000000000000, 8.000000000000000819E-16, 3.601628314258999985 ) ) ;
#2945 = DIRECTION ( 'NONE',  ( 1.000000000000000000, -0.000000000000000000, 0.000000000000000000 ) ) ;
#2946 = ORIENTED_EDGE ( 'NONE', *, *, #4293, .T. ) ;
#2947 = EDGE_CURVE ( 'NONE', #716, #4995, #5262, .T. ) ;
#2948 = DIRECTION ( 'NONE',  ( 0.000000000000000000, 0.000000000000000000, -1.000000000000000000 ) ) ;
#2949 = DIRECTION ( 'NONE',  ( -0.000000000000000000, -1.000000000000000000, -0.000000000000000000 ) ) ;
#2950 = DIRECTION ( 'NONE',  ( 0.000000000000000000, 0.000000000000000000, 1.000000000000000000 ) ) ;
#2951 = LINE ( 'NONE', #1581, #3431 ) ;
#2952 = EDGE_CURVE ( 'NONE', #2938, #138, #150, .T. ) ;
#2953 = LINE ( 'NONE', #4610, #3079 ) ;
#2954 = LINE ( 'NONE', #4611, #85 ) ;
#2955 = ORIENTED_EDGE ( 'NONE', *, *, #2693, .F. ) ;
#2956 = FACE_OUTER_BOUND ( 'NONE', #2061, .T. ) ;
#2957 = DIRECTION ( 'NONE',  ( -1.000000000000000000, 0.000000000000000000, 0.000000000000000000 ) ) ;
#2958 = ORIENTED_EDGE ( 'NONE', *, *, #1735, .T. ) ;
#2959 = DIRECTION ( 'NONE',  ( -1.000000000000000000, 0.000000000000000000, -0.000000000000000000 ) ) ;
#2960 = EDGE_LOOP ( 'NONE', ( #1528, #1323, #3043, #2320 ) ) ;
#2961 = ORIENTED_EDGE ( 'NONE', *, *, #1378, .T. ) ;
#2962 = VERTEX_POINT ( 'NONE', #4992 ) ;
#2963 = CARTESIAN_POINT ( 'NONE',  ( -13.65000000000001279, 5.199999999999996625, -1.299999999999997158 ) ) ;
#2964 = CARTESIAN_POINT ( 'NONE',  ( 9.750000000000000000, -10.93448275862069430, 0.000000000000000000 ) ) ;
#2965 =( NAMED_UNIT ( * ) SI_UNIT ( $, .STERADIAN. ) SOLID_ANGLE_UNIT ( ) );
#2966 = CIRCLE ( 'NONE', #2880, 2.500000000000002220 ) ;
#2967 = CARTESIAN_POINT ( 'NONE',  ( -68.85613382467781207, 36.00000000000000000, -25.23371018851364767 ) ) ;
#2968 = CARTESIAN_POINT ( 'NONE',  ( -53.85613382467781207, 28.99999999999999645, -17.83371018851365264 ) ) ;
#2969 = ORIENTED_EDGE ( 'NONE', *, *, #3889, .T. ) ;
#2970 = DIRECTION ( 'NONE',  ( -0.000000000000000000, -0.000000000000000000, -1.000000000000000000 ) ) ;
#2971 = AXIS2_PLACEMENT_3D ( 'NONE', #4422, #4005, #291 ) ;
#2972 = ORIENTED_EDGE ( 'NONE', *, *, #1849, .T. ) ;
#2973 = DIRECTION ( 'NONE',  ( 0.000000000000000000, 0.000000000000000000, 1.000000000000000000 ) ) ;
#2974 = LINE ( 'NONE', #3469, #2388 ) ;
#2975 = CARTESIAN_POINT ( 'NONE',  ( -11.25000000000000355, 1.639969672667150123E-15, 6.200000000000000178 ) ) ;
#2976 = AXIS2_PLACEMENT_3D ( 'NONE', #4697, #5110, #4271 ) ;
#2977 = ORIENTED_EDGE ( 'NONE', *, *, #4412, .T. ) ;
#2978 = CARTESIAN_POINT ( 'NONE',  ( -63.85613382467780497, 0.000000000000000000, -31.23371018851364767 ) ) ;
#2979 = EDGE_CURVE ( 'NONE', #2013, #683, #795, .T. ) ;
#2980 = DIRECTION ( 'NONE',  ( 0.000000000000000000, -1.000000000000000000, 0.000000000000000000 ) ) ;
#2981 = AXIS2_PLACEMENT_3D ( 'NONE', #3615, #2390, #3697 ) ;
#2982 = ORIENTED_EDGE ( 'NONE', *, *, #4477, .T. ) ;
#2983 = EDGE_CURVE ( 'NONE', #4972, #4850, #4939, .T. ) ;
#2984 = PLANE ( 'NONE',  #1964 ) ;
#2985 = VERTEX_POINT ( 'NONE', #4069 ) ;
#2986 = EDGE_CURVE ( 'NONE', #1912, #1185, #435, .T. ) ;
#2987 = EDGE_CURVE ( 'NONE', #1654, #4699, #2487, .T. ) ;
#2988 = EDGE_LOOP ( 'NONE', ( #4463, #1598 ) ) ;
#2989 = ORIENTED_EDGE ( 'NONE', *, *, #564, .T. ) ;
#2990 = VECTOR ( 'NONE', #744, 1000.000000000000000 ) ;
#2991 = DIRECTION ( 'NONE',  ( 0.000000000000000000, 0.000000000000000000, 1.000000000000000000 ) ) ;
#2992 = DIRECTION ( 'NONE',  ( 0.000000000000000000, 1.000000000000000000, 0.000000000000000000 ) ) ;
#2993 = CARTESIAN_POINT ( 'NONE',  ( -0.4842105263157831518, 16.10000000000000142, 2.795087449511288291 ) ) ;
#2994 = CARTESIAN_POINT ( 'NONE',  ( 14.99999999999872280, -109.4041602925917260, 25.00000000000000000 ) ) ;
#2995 = PRODUCT_DEFINITION ( 'UNKNOWN', '', #5287, #2643 ) ;
#2996 = AXIS2_PLACEMENT_3D ( 'NONE', #1305, #3414, #1699 ) ;
#2997 = AXIS2_PLACEMENT_3D ( 'NONE', #3083, #2606, #2135 ) ;
#2998 = CARTESIAN_POINT ( 'NONE',  ( -4.000000000000000000, -1.369858719658941284E-15, 4.000000000000000000 ) ) ;
#2999 = CARTESIAN_POINT ( 'NONE',  ( -1.578293051807123750E-12, -4.001037365484004127, 4.308882394016733564 ) ) ;
#3000 = ORIENTED_EDGE ( 'NONE', *, *, #1048, .F. ) ;
#3001 = EDGE_CURVE ( 'NONE', #3723, #1233, #3215, .T. ) ;
#3002 = AXIS2_PLACEMENT_3D ( 'NONE', #1768, #1847, #3076 ) ;
#3003 = CARTESIAN_POINT ( 'NONE',  ( 17.48999999999872657, -93.40416029259172603, 25.00000000000000000 ) ) ;
#3004 = VECTOR ( 'NONE', #1765, 1000.000000000000000 ) ;
#3005 = FACE_OUTER_BOUND ( 'NONE', #1900, .T. ) ;
#3006 = CARTESIAN_POINT ( 'NONE',  ( -18.00000000000127187, -77.40416029259172603, 11.00000000000000000 ) ) ;
#3007 = VECTOR ( 'NONE', #4732, 1000.000000000000000 ) ;
#3008 = FACE_BOUND ( 'NONE', #2624, .T. ) ;
#3009 = CARTESIAN_POINT ( 'NONE',  ( -0.6499999999999928058, 16.10000000000000142, 2.799999999999999822 ) ) ;
#3010 = VERTEX_POINT ( 'NONE', #2840 ) ;
#3011 = DIRECTION ( 'NONE',  ( -0.000000000000000000, 1.000000000000000000, -0.000000000000000000 ) ) ;
#3012 = CARTESIAN_POINT ( 'NONE',  ( -51.25621416938918173, 27.49997214716939453, -15.06134512950704263 ) ) ;
#3013 = EDGE_LOOP ( 'NONE', ( #2898, #5034, #4387, #2336 ) ) ;
#3014 = EDGE_CURVE ( 'NONE', #3200, #2867, #3710, .T. ) ;
#3015 = LINE ( 'NONE', #4678, #3801 ) ;
#3016 = ORIENTED_EDGE ( 'NONE', *, *, #3752, .F. ) ;
#3017 = CIRCLE ( 'NONE', #1354, 6.200000000000001066 ) ;
#3018 = ORIENTED_EDGE ( 'NONE', *, *, #1689, .F. ) ;
#3019 = EDGE_LOOP ( 'NONE', ( #321, #2085, #1216 ) ) ;
#3020 = CYLINDRICAL_SURFACE ( 'NONE', #3698, 2.900000000000002576 ) ;
#3021 = ADVANCED_FACE ( 'NONE', ( #3275 ), #4122, .F. ) ;
#3022 = CARTESIAN_POINT ( 'NONE',  ( -11.25000000000000533, -11.10000000000000142, -6.200000000000000178 ) ) ;
#3023 = VECTOR ( 'NONE', #331, 1000.000000000000000 ) ;
#3024 = CARTESIAN_POINT ( 'NONE',  ( 5.050000000000006040, 18.95000000000000284, -2.425000000000000711 ) ) ;
#3025 = DIRECTION ( 'NONE',  ( 1.000000000000000000, -0.000000000000000000, -0.000000000000000000 ) ) ;
#3026 = AXIS2_PLACEMENT_3D ( 'NONE', #3592, #2425, #315 ) ;
#3027 = LINE ( 'NONE', #2127, #2572 ) ;
#3028 = ORIENTED_EDGE ( 'NONE', *, *, #3946, .F. ) ;
#3029 = VERTEX_POINT ( 'NONE', #6 ) ;
#3030 = CARTESIAN_POINT ( 'NONE',  ( -38.85613382467781207, 6.000000000000000000, -23.73371018851364411 ) ) ;
#3031 = DIRECTION ( 'NONE',  ( 0.000000000000000000, 0.000000000000000000, 1.000000000000000000 ) ) ;
#3032 = DIRECTION ( 'NONE',  ( 0.000000000000000000, 1.000000000000000000, 0.000000000000000000 ) ) ;
#3033 = DIRECTION ( 'NONE',  ( 1.000000000000000000, 0.000000000000000000, 0.000000000000000000 ) ) ;
#3034 = LINE ( 'NONE', #1059, #727 ) ;
#3035 = ADVANCED_FACE ( 'NONE', ( #3736 ), #1664, .F. ) ;
#3036 = VERTEX_POINT ( 'NONE', #840 ) ;
#3037 = DIRECTION ( 'NONE',  ( -0.8660254037846397690, 8.873701579682250446E-17, 0.4999999999996517785 ) ) ;
#3038 = B_SPLINE_CURVE_WITH_KNOTS ( 'NONE', 3,
 ( #2277, #2167, #2250, #193, #3496, #4645, #5111, #1364, #3419, #5081, #3884, #3910, #3092, #1339, #3012, #5136, #2332, #3216, #1038, #3632, #5294, #1889, #2810, #643, #1553, #299, #5190, #2734, #670, #4853, #3933, #3114 ),
 .UNSPECIFIED., .F., .F.,
 ( 4, 2, 2, 2, 2, 2, 2, 2, 2, 2, 2, 2, 2, 2, 2, 4 ),
 ( 0.000000000000000000, 0.0005120402375998426431, 0.001024080475199685286, 0.001536120712799527929, 0.002048160950399370572, 0.003072241425599057593, 0.003584281663198903706, 0.004096321900798748951, 0.004608362138398594196, 0.005120402375998441176, 0.005632442613598286421, 0.006144482851198133401, 0.006656523088797979514, 0.007168563326397826493, 0.007680603563997671739, 0.008192643801597518718 ),
 .UNSPECIFIED. ) ;
#3039 = CARTESIAN_POINT ( 'NONE',  ( -1.834951943477689764E-15, 11.90000000000000391, 6.200000000000000178 ) ) ;
#3040 = VERTEX_POINT ( 'NONE', #395 ) ;
#3041 = CARTESIAN_POINT ( 'NONE',  ( -43.85613382467781207, 0.000000000000000000, -31.23371018851364767 ) ) ;
#3042 = ORIENTED_EDGE ( 'NONE', *, *, #3115, .F. ) ;
#3043 = ORIENTED_EDGE ( 'NONE', *, *, #542, .F. ) ;
#3044 = ORIENTED_EDGE ( 'NONE', *, *, #2667, .T. ) ;
#3045 = PLANE ( 'NONE',  #3622 ) ;
#3046 = DIRECTION ( 'NONE',  ( 0.000000000000000000, 0.000000000000000000, 1.000000000000000000 ) ) ;
#3047 = PRODUCT_DEFINITION_SHAPE ( 'NONE', 'NONE',  #1627 ) ;
#3048 = EDGE_CURVE ( 'NONE', #3148, #4857, #2037, .T. ) ;
#3049 = CARTESIAN_POINT ( 'NONE',  ( 9.750000000000000000, -9.900000000000002132, -1.874999999999999112 ) ) ;
#3050 = ORIENTED_EDGE ( 'NONE', *, *, #3198, .T. ) ;
#3051 = EDGE_LOOP ( 'NONE', ( #209, #3063, #5334, #778 ) ) ;
#3052 =( BOUNDED_CURVE ( )  B_SPLINE_CURVE ( 3, ( #154, #927, #5093, #1792 ),
 .UNSPECIFIED., .F., .F. ) 
 B_SPLINE_CURVE_WITH_KNOTS ( ( 4, 4 ),
 ( 0.000000000000000000, 1.570796326794896558 ),
 .UNSPECIFIED. ) 
 CURVE ( )  GEOMETRIC_REPRESENTATION_ITEM ( )  RATIONAL_B_SPLINE_CURVE ( ( 1.000000000000000000, 0.8047378541243649375, 0.8047378541243649375, 1.000000000000000000 ) ) 
 REPRESENTATION_ITEM ( '' )  );
#3053 = CARTESIAN_POINT ( 'NONE',  ( 4.999999999998722799, -82.40416029259172603, 23.00000000000000000 ) ) ;
#3054 = DIRECTION ( 'NONE',  ( 0.000000000000000000, 0.000000000000000000, -1.000000000000000000 ) ) ;
#3055 = VECTOR ( 'NONE', #5073, 1000.000000000000000 ) ;
#3056 = CARTESIAN_POINT ( 'NONE',  ( -0.4842105263157831518, 16.10000000000000142, -2.795087449511290956 ) ) ;
#3057 = EDGE_CURVE ( 'NONE', #2028, #313, #2089, .T. ) ;
#3058 = FACE_OUTER_BOUND ( 'NONE', #646, .T. ) ;
#3059 = FACE_BOUND ( 'NONE', #4108, .T. ) ;
#3060 = ORIENTED_EDGE ( 'NONE', *, *, #2952, .F. ) ;
#3061 = VECTOR ( 'NONE', #4031, 1000.000000000000000 ) ;
#3062 = DIRECTION ( 'NONE',  ( -1.000000000000000000, -0.000000000000000000, -0.000000000000000000 ) ) ;
#3063 = ORIENTED_EDGE ( 'NONE', *, *, #4860, .T. ) ;
#3064 = VECTOR ( 'NONE', #364, 1000.000000000000000 ) ;
#3065 = CARTESIAN_POINT ( 'NONE',  ( -18.00000000000127187, -109.4041602925917260, 11.00000000000000000 ) ) ;
#3066 = EDGE_LOOP ( 'NONE', ( #4801, #3028, #968, #4438 ) ) ;
#3067 = CIRCLE ( 'NONE', #1403, 1.300000000000000711 ) ;
#3068 = ORIENTED_EDGE ( 'NONE', *, *, #1442, .F. ) ;
#3069 =( NAMED_UNIT ( * ) PLANE_ANGLE_UNIT ( ) SI_UNIT ( $, .RADIAN. ) );
#3070 = LINE ( 'NONE', #4335, #2058 ) ;
#3071 =( LENGTH_UNIT ( ) NAMED_UNIT ( * ) SI_UNIT ( .MILLI., .METRE. ) );
#3072 = DIRECTION ( 'NONE',  ( -7.228014483236699514E-16, 1.000000000000000000, -0.000000000000000000 ) ) ;
#3073 = CARTESIAN_POINT ( 'NONE',  ( -4.119968255444915272E-15, 7.599999999999995204, -6.200000000000000178 ) ) ;
#3074 = ORIENTED_EDGE ( 'NONE', *, *, #696, .F. ) ;
#3075 = ORIENTED_EDGE ( 'NONE', *, *, #271, .F. ) ;
#3076 = DIRECTION ( 'NONE',  ( 0.000000000000000000, -0.000000000000000000, -1.000000000000000000 ) ) ;
#3077 = DIRECTION ( 'NONE',  ( 0.000000000000000000, 0.000000000000000000, -1.000000000000000000 ) ) ;
#3078 = ADVANCED_FACE ( 'NONE', ( #4143 ), #477, .F. ) ;
#3079 = VECTOR ( 'NONE', #2549, 1000.000000000000000 ) ;
#3080 = AXIS2_PLACEMENT_3D ( 'NONE', #2385, #4858, #3559 ) ;
#3081 = CARTESIAN_POINT ( 'NONE',  ( 9.999999999998724576, -77.40416029259172603, 0.000000000000000000 ) ) ;
#3082 = CARTESIAN_POINT ( 'NONE',  ( -38.85613382467781207, 19.99999999999999645, -22.73371018851365122 ) ) ;
#3083 = CARTESIAN_POINT ( 'NONE',  ( 13.65000000000000568, 7.599999999999995204, -3.851859888774471706E-31 ) ) ;
#3084 = VECTOR ( 'NONE', #3465, 1000.000000000000000 ) ;
#3085 = AXIS2_PLACEMENT_3D ( 'NONE', #3549, #1466, #292 ) ;
#3086 = EDGE_CURVE ( 'NONE', #5357, #2028, #282, .T. ) ;
#3087 = DIRECTION ( 'NONE',  ( -0.000000000000000000, -0.000000000000000000, -1.000000000000000000 ) ) ;
#3088 = EDGE_CURVE ( 'NONE', #2334, #5159, #3611, .T. ) ;
#3089 = VERTEX_POINT ( 'NONE', #1712 ) ;
#3090 = VECTOR ( 'NONE', #1294, 1000.000000000000000 ) ;
#3091 = AXIS2_PLACEMENT_3D ( 'NONE', #2, #737, #3676 ) ;
#3092 = CARTESIAN_POINT ( 'NONE',  ( -51.34033820359397993, 27.47115964541128719, -14.55533937945282119 ) ) ;
#3093 = ORIENTED_EDGE ( 'NONE', *, *, #4813, .T. ) ;
#3094 = VECTOR ( 'NONE', #850, 1000.000000000000000 ) ;
#3095 = PLANE ( 'NONE',  #250 ) ;
#3096 = ORIENTED_EDGE ( 'NONE', *, *, #4700, .T. ) ;
#3097 = VERTEX_POINT ( 'NONE', #2963 ) ;
#3098 = CARTESIAN_POINT ( 'NONE',  ( -20.50000000000127187, -109.4041602925917260, 17.90000000000000213 ) ) ;
#3099 = AXIS2_PLACEMENT_3D ( 'NONE', #503, #4250, #3395 ) ;
#3100 = ADVANCED_FACE ( 'NONE', ( #894 ), #3669, .T. ) ;
#3101 = CARTESIAN_POINT ( 'NONE',  ( -43.85613382467781207, 10.99999999999999645, -25.23371018851364767 ) ) ;
#3102 = VERTEX_POINT ( 'NONE', #1265 ) ;
#3103 = ORIENTED_EDGE ( 'NONE', *, *, #3243, .F. ) ;
#3104 = VECTOR ( 'NONE', #3647, 1000.000000000000000 ) ;
#3105 = CARTESIAN_POINT ( 'NONE',  ( -30.00000000000128253, -82.40416029259172603, 11.00000000000000000 ) ) ;
#3106 = DIRECTION ( 'NONE',  ( -1.000000000000000000, 0.000000000000000000, 0.000000000000000000 ) ) ;
#3107 = CARTESIAN_POINT ( 'NONE',  ( 9.999999999998722799, -109.4041602925917260, 11.00000000000000000 ) ) ;
#3108 = AXIS2_PLACEMENT_3D ( 'NONE', #2697, #1430, #3944 ) ;
#3109 = DIRECTION ( 'NONE',  ( -0.000000000000000000, 1.000000000000000000, -0.000000000000000000 ) ) ;
#3110 = FACE_BOUND ( 'NONE', #4133, .T. ) ;
#3111 = ADVANCED_FACE ( 'NONE', ( #2859 ), #2940, .F. ) ;
#3112 = CARTESIAN_POINT ( 'NONE',  ( -38.85613382467781207, 6.000000000000000000, -4.233710188513654771 ) ) ;
#3113 = ORIENTED_EDGE ( 'NONE', *, *, #1304, .F. ) ;
#3114 = CARTESIAN_POINT ( 'NONE',  ( -53.85613382467781207, 27.03491293478461799, -17.83371018851365619 ) ) ;
#3115 = EDGE_CURVE ( 'NONE', #2196, #4517, #21, .T. ) ;
#3116 = ORIENTED_EDGE ( 'NONE', *, *, #3605, .T. ) ;
#3117 = CARTESIAN_POINT ( 'NONE',  ( -30.00000000000128253, -109.4041602925917260, 11.00000000000000000 ) ) ;
#3118 = ORIENTED_EDGE ( 'NONE', *, *, #2350, .F. ) ;
#3119 = EDGE_CURVE ( 'NONE', #4185, #2095, #3294, .T. ) ;
#3120 = LINE ( 'NONE', #1894, #3684 ) ;
#3121 = ORIENTED_EDGE ( 'NONE', *, *, #3284, .F. ) ;
#3122 = DIRECTION ( 'NONE',  ( -1.000000000000000000, 0.000000000000000000, 0.000000000000000000 ) ) ;
#3123 = CARTESIAN_POINT ( 'NONE',  ( -68.85613382467781207, 10.99999999999999645, -5.233710188513652994 ) ) ;
#3124 = DIRECTION ( 'NONE',  ( 0.000000000000000000, -1.000000000000000000, 0.000000000000000000 ) ) ;
#3125 = ORIENTED_EDGE ( 'NONE', *, *, #3516, .F. ) ;
#3126 = VERTEX_POINT ( 'NONE', #2478 ) ;
#3127 = DIRECTION ( 'NONE',  ( 1.000000000000000000, 4.000000000000000286E-17, 0.000000000000000000 ) ) ;
#3128 = DIRECTION ( 'NONE',  ( -0.000000000000000000, 1.000000000000000000, -0.000000000000000000 ) ) ;
#3129 = DIRECTION ( 'NONE',  ( -0.000000000000000000, -0.000000000000000000, -1.000000000000000000 ) ) ;
#3130 = CARTESIAN_POINT ( 'NONE',  ( -38.85613382467781207, 6.000000000000000000, -6.733710188513656547 ) ) ;
#3131 = CARTESIAN_POINT ( 'NONE',  ( -35.00000000000127898, -77.40416029259172603, 25.00000000000000000 ) ) ;
#3132 = CYLINDRICAL_SURFACE ( 'NONE', #3953, 2.500000000000002220 ) ;
#3133 = ORIENTED_EDGE ( 'NONE', *, *, #1862, .T. ) ;
#3134 = DIRECTION ( 'NONE',  ( -1.000000000000000000, 0.000000000000000000, 0.000000000000000000 ) ) ;
#3135 = ORIENTED_EDGE ( 'NONE', *, *, #953, .T. ) ;
#3136 = CARTESIAN_POINT ( 'NONE',  ( 2.729999999999932481, 8.735999999999785389E-16, 4.000000000000000000 ) ) ;
#3137 = CIRCLE ( 'NONE', #2457, 2.600000000000003197 ) ;
#3138 = EDGE_CURVE ( 'NONE', #2779, #2910, #5336, .T. ) ;
#3139 = ORIENTED_EDGE ( 'NONE', *, *, #136, .F. ) ;
#3140 = LINE ( 'NONE', #4615, #486 ) ;
#3141 = VECTOR ( 'NONE', #1160, 1000.000000000000000 ) ;
#3142 = ORIENTED_EDGE ( 'NONE', *, *, #2983, .T. ) ;
#3143 = EDGE_CURVE ( 'NONE', #252, #4731, #4659, .T. ) ;
#3144 = CARTESIAN_POINT ( 'NONE',  ( -38.85613382467781207, 6.000000000000000000, -1.733710188513654105 ) ) ;
#3145 = APPLICATION_PROTOCOL_DEFINITION ( 'draft international standard', 'automotive_design', 1998, #1071 ) ;
#3146 = EDGE_CURVE ( 'NONE', #2867, #3612, #1293, .T. ) ;
#3147 = DIRECTION ( 'NONE',  ( 1.000000000000000000, 0.000000000000000000, 0.000000000000000000 ) ) ;
#3148 = VERTEX_POINT ( 'NONE', #4084 ) ;
#3149 = VERTEX_POINT ( 'NONE', #2447 ) ;
#3150 = LINE ( 'NONE', #262, #2662 ) ;
#3151 = CARTESIAN_POINT ( 'NONE',  ( -35.00000000000127898, -109.4041602925917260, 25.00000000000000000 ) ) ;
#3152 = CARTESIAN_POINT ( 'NONE',  ( -47.00000000000128608, -109.4041602925917260, 0.000000000000000000 ) ) ;
#3153 = EDGE_CURVE ( 'NONE', #2901, #4687, #1341, .T. ) ;
#3154 = DIRECTION ( 'NONE',  ( -1.000000000000000000, 4.336808689942018229E-16, -0.000000000000000000 ) ) ;
#3155 = CARTESIAN_POINT ( 'NONE',  ( -16.05000000000001137, -11.90100000000000513, -0.5749999999999965139 ) ) ;
#3156 = CARTESIAN_POINT ( 'NONE',  ( -35.00000000000127898, -77.40416029259172603, 0.000000000000000000 ) ) ;
#3157 = VECTOR ( 'NONE', #359, 1000.000000000000000 ) ;
#3158 = VERTEX_POINT ( 'NONE', #2066 ) ;
#3159 = EDGE_CURVE ( 'NONE', #1461, #2200, #2920, .T. ) ;
#3160 = AXIS2_PLACEMENT_3D ( 'NONE', #3279, #718, #1199 ) ;
#3161 = AXIS2_PLACEMENT_3D ( 'NONE', #2434, #3332, #4123 ) ;
#3162 = LINE ( 'NONE', #2759, #992 ) ;
#3163 = VERTEX_POINT ( 'NONE', #4981 ) ;
#3164 = CIRCLE ( 'NONE', #4821, 2.500000000000000888 ) ;
#3165 = CARTESIAN_POINT ( 'NONE',  ( -68.85613382467781207, 36.00000000000000000, -31.23371018851364767 ) ) ;
#3166 = EDGE_LOOP ( 'NONE', ( #4543, #2615 ) ) ;
#3167 = LINE ( 'NONE', #1996, #224 ) ;
#3168 = COLOUR_RGB ( '',0.7921568627450980005, 0.8196078431372548767, 0.9333333333333333481 ) ;
#3169 = ORIENTED_EDGE ( 'NONE', *, *, #890, .T. ) ;
#3170 = ADVANCED_FACE ( 'NONE', ( #2911 ), #4571, .F. ) ;
#3171 = CARTESIAN_POINT ( 'NONE',  ( -56.45609238504843574, 27.49998563426217402, -15.06177090520655604 ) ) ;
#3172 = APPLICATION_PROTOCOL_DEFINITION ( 'draft international standard', 'automotive_design', 1998, #1943 ) ;
#3173 = CARTESIAN_POINT ( 'NONE',  ( 26.99999999999872458, -109.4041602925917260, 28.00000000000000000 ) ) ;
#3174 = FACE_OUTER_BOUND ( 'NONE', #4876, .T. ) ;
#3175 = ORIENTED_EDGE ( 'NONE', *, *, #5304, .F. ) ;
#3176 = EDGE_CURVE ( 'NONE', #5273, #1125, #4826, .T. ) ;
#3177 = ORIENTED_EDGE ( 'NONE', *, *, #112, .T. ) ;
#3178 = CARTESIAN_POINT ( 'NONE',  ( -68.85613382467781207, 10.99999999999999645, -31.23371018851364767 ) ) ;
#3179 = DIRECTION ( 'NONE',  ( 0.000000000000000000, 0.000000000000000000, 1.000000000000000000 ) ) ;
#3180 = CARTESIAN_POINT ( 'NONE',  ( -1.834951943477689764E-15, 11.90000000000000391, -6.200000000000000178 ) ) ;
#3181 = CARTESIAN_POINT ( 'NONE',  ( 11.25000000000000178, -9.900000000000002132, 0.000000000000000000 ) ) ;
#3182 = ADVANCED_FACE ( 'NONE', ( #153, #1738 ), #2201, .F. ) ;
#3183 = AXIS2_PLACEMENT_3D ( 'NONE', #841, #2509, #4171 ) ;
#3184 = DIRECTION ( 'NONE',  ( -1.000000000000000000, -0.000000000000000000, -1.757105317124067718E-16 ) ) ;
#3185 = EDGE_LOOP ( 'NONE', ( #2382, #3347, #3075, #4033, #17, #2266, #1088, #1500, #4471, #924, #4859, #1051, #403, #4590, #1345, #2847, #3644 ) ) ;
#3186 = CYLINDRICAL_SURFACE ( 'NONE', #2303, 2.899999999999997247 ) ;
#3187 = AXIS2_PLACEMENT_3D ( 'NONE', #4073, #831, #1225 ) ;
#3188 = MANIFOLD_SOLID_BREP ( 'DADO_ESAGONALE_NORMALE[1]', #2444 ) ;
#3189 = ORIENTED_EDGE ( 'NONE', *, *, #1138, .T. ) ;
#3190 = CARTESIAN_POINT ( 'NONE',  ( -2.310000000000000053, 4.001037365484000574, 3.642042833101999832 ) ) ;
#3191 = ORIENTED_EDGE ( 'NONE', *, *, #1547, .T. ) ;
#3192 = CARTESIAN_POINT ( 'NONE',  ( 9.999999999998724576, -84.90416029259175446, 5.000000000000000000 ) ) ;
#3193 = VERTEX_POINT ( 'NONE', #1347 ) ;
#3194 = LINE ( 'NONE', #1118, #5168 ) ;
#3195 = ORIENTED_EDGE ( 'NONE', *, *, #3747, .F. ) ;
#3196 = CARTESIAN_POINT ( 'NONE',  ( -18.00000000000127187, -109.4041602925917260, 23.00000000000000000 ) ) ;
#3197 = DIRECTION ( 'NONE',  ( -1.000000000000000000, 1.084202172485504434E-16, 0.000000000000000000 ) ) ;
#3198 = EDGE_CURVE ( 'NONE', #1974, #2779, #4278, .T. ) ;
#3199 = DIRECTION ( 'NONE',  ( -0.000000000000000000, 1.000000000000000000, -0.000000000000000000 ) ) ;
#3200 = VERTEX_POINT ( 'NONE', #5120 ) ;
#3201 = ORIENTED_EDGE ( 'NONE', *, *, #4838, .F. ) ;
#3202 = MANIFOLD_SOLID_BREP ( 'Saliente-Extruir4', #4445 ) ;
#3203 = CARTESIAN_POINT ( 'NONE',  ( -58.35613382467781918, 28.99999999999999645, -5.233710188513652994 ) ) ;
#3204 = DIRECTION ( 'NONE',  ( -1.000000000000000000, 0.000000000000000000, 0.000000000000000000 ) ) ;
#3205 = EDGE_CURVE ( 'NONE', #71, #761, #98, .T. ) ;
#3206 = LINE ( 'NONE', #4468, #4195 ) ;
#3207 = ADVANCED_FACE ( 'NONE', ( #2645 ), #3020, .F. ) ;
#3208 = PLANE ( 'NONE',  #2008 ) ;
#3209 = LINE ( 'NONE', #49, #1868 ) ;
#3210 = ORIENTED_EDGE ( 'NONE', *, *, #3418, .F. ) ;
#3211 = LINE ( 'NONE', #324, #2123 ) ;
#3212 = EDGE_CURVE ( 'NONE', #3089, #683, #2592, .T. ) ;
#3213 = EDGE_CURVE ( 'NONE', #4699, #2276, #661, .T. ) ;
#3214 = ORIENTED_EDGE ( 'NONE', *, *, #2543, .F. ) ;
#3215 = LINE ( 'NONE', #2924, #326 ) ;
#3216 = CARTESIAN_POINT ( 'NONE',  ( -51.34040447787850781, 27.47113774977261969, -15.91211772247106637 ) ) ;
#3217 = ORIENTED_EDGE ( 'NONE', *, *, #3706, .T. ) ;
#3218 = DIRECTION ( 'NONE',  ( -1.757105317124067718E-16, 0.000000000000000000, 1.000000000000000000 ) ) ;
#3219 = FACE_BOUND ( 'NONE', #1760, .T. ) ;
#3220 = ORIENTED_EDGE ( 'NONE', *, *, #2204, .F. ) ;
#3221 = CARTESIAN_POINT ( 'NONE',  ( 7.499999999998722799, -77.40416029259172603, 16.10000000000000142 ) ) ;
#3222 = EDGE_CURVE ( 'NONE', #2352, #3828, #10, .T. ) ;
#3223 = ORIENTED_EDGE ( 'NONE', *, *, #4228, .T. ) ;
#3224 = COLOUR_RGB ( '',0.7921568627450980005, 0.8196078431372548767, 0.9333333333333333481 ) ;
#3225 = CARTESIAN_POINT ( 'NONE',  ( -18.00000000000127187, -104.4041602925917260, 11.00000000000000000 ) ) ;
#3226 = APPLICATION_PROTOCOL_DEFINITION ( 'draft international standard', 'automotive_design', 1998, #2017 ) ;
#3227 = DIRECTION ( 'NONE',  ( 1.757105317124067718E-16, 0.000000000000000000, -1.000000000000000000 ) ) ;
#3228 = LINE ( 'NONE', #3829, #388 ) ;
#3229 = EDGE_LOOP ( 'NONE', ( #3573, #237 ) ) ;
#3230 = ORIENTED_EDGE ( 'NONE', *, *, #3086, .T. ) ;
#3231 = CIRCLE ( 'NONE', #2287, 2.600000000000001421 ) ;
#3232 = DIRECTION ( 'NONE',  ( 1.000000000000000000, 2.199999999999999757E-16, 0.000000000000000000 ) ) ;
#3233 = DIRECTION ( 'NONE',  ( 0.000000000000000000, 0.000000000000000000, -1.000000000000000000 ) ) ;
#3234 = DIRECTION ( 'NONE',  ( 0.000000000000000000, 0.000000000000000000, 1.000000000000000000 ) ) ;
#3235 = CARTESIAN_POINT ( 'NONE',  ( -14.81592238163611519, 5.200000000000000178, 0.5750000000000032863 ) ) ;
#3236 = VECTOR ( 'NONE', #4890, 1000.000000000000000 ) ;
#3237 = DIRECTION ( 'NONE',  ( -0.000000000000000000, -0.000000000000000000, -1.000000000000000000 ) ) ;
#3238 = ADVANCED_FACE ( 'NONE', ( #4882 ), #3306, .F. ) ;
#3239 = FACE_OUTER_BOUND ( 'NONE', #131, .T. ) ;
#3240 = ORIENTED_EDGE ( 'NONE', *, *, #672, .F. ) ;
#3241 = DIRECTION ( 'NONE',  ( -0.000000000000000000, -0.000000000000000000, -1.000000000000000000 ) ) ;
#3242 = DIRECTION ( 'NONE',  ( 0.000000000000000000, 1.000000000000000000, 0.000000000000000000 ) ) ;
#3243 = EDGE_CURVE ( 'NONE', #2278, #236, #774, .T. ) ;
#3244 = VECTOR ( 'NONE', #1066, 1000.000000000000000 ) ;
#3245 = ORIENTED_EDGE ( 'NONE', *, *, #2552, .T. ) ;
#3246 = EDGE_CURVE ( 'NONE', #1525, #2165, #4568, .T. ) ;
#3247 = DIRECTION ( 'NONE',  ( -0.5000000000001899592, 0.8660254037843289066, 0.000000000000000000 ) ) ;
#3248 = CARTESIAN_POINT ( 'NONE',  ( -20.50000000000127187, -77.40416029259172603, 17.00000000000000000 ) ) ;
#3249 = ORIENTED_EDGE ( 'NONE', *, *, #5288, .F. ) ;
#3250 = VECTOR ( 'NONE', #668, 1000.000000000000000 ) ;
#3251 = CARTESIAN_POINT ( 'NONE',  ( 2.310000000000000053, 4.001037365484000574, 3.642042833101999832 ) ) ;
#3252 = ORIENTED_EDGE ( 'NONE', *, *, #3556, .T. ) ;
#3253 = SHAPE_REPRESENTATION ( 'PenShaft', ( #3630 ), #3809 ) ;
#3254 = AXIS2_PLACEMENT_3D ( 'NONE', #4238, #161, #3127 ) ;
#3255 = VECTOR ( 'NONE', #2835, 999.9999999999998863 ) ;
#3256 = CARTESIAN_POINT ( 'NONE',  ( -53.85613382467781207, 27.03491293478461799, -12.63371018851364624 ) ) ;
#3257 = APPLICATION_PROTOCOL_DEFINITION ( 'draft international standard', 'automotive_design', 1998, #2232 ) ;
#3258 = LINE ( 'NONE', #3665, #1583 ) ;
#3259 = DIRECTION ( 'NONE',  ( 0.000000000000000000, -1.000000000000000000, 0.000000000000000000 ) ) ;
#3260 = VECTOR ( 'NONE', #4842, 1000.000000000000000 ) ;
#3261 = ORIENTED_EDGE ( 'NONE', *, *, #4140, .F. ) ;
#3262 = EDGE_LOOP ( 'NONE', ( #1503, #2115, #2588, #3735 ) ) ;
#3263 = DIRECTION ( 'NONE',  ( 0.000000000000000000, 0.000000000000000000, -1.000000000000000000 ) ) ;
#3264 = CARTESIAN_POINT ( 'NONE',  ( -11.25000000000000533, -11.10000000000000142, 3.299999999999999822 ) ) ;
#3265 = AXIS2_PLACEMENT_3D ( 'NONE', #1885, #3908, #191 ) ;
#3266 = EDGE_CURVE ( 'NONE', #4210, #3126, #329, .T. ) ;
#3267 = CARTESIAN_POINT ( 'NONE',  ( -20.50000000000127187, -109.4041602925917260, 17.00000000000000000 ) ) ;
#3268 = DIRECTION ( 'NONE',  ( 1.000000000000000000, 4.000000000000000286E-17, 0.000000000000000000 ) ) ;
#3269 = CARTESIAN_POINT ( 'NONE',  ( -49.35613382467781207, 33.49999999999999289, 0.7662898114863467836 ) ) ;
#3270 = DIRECTION ( 'NONE',  ( -3.614007241618349757E-16, -1.000000000000000000, 0.000000000000000000 ) ) ;
#3271 = ORIENTED_EDGE ( 'NONE', *, *, #2359, .F. ) ;
#3272 = DIRECTION ( 'NONE',  ( -0.8660254037843290176, 0.5000000000001900702, 0.000000000000000000 ) ) ;
#3273 = VERTEX_POINT ( 'NONE', #2436 ) ;
#3274 = AXIS2_PLACEMENT_3D ( 'NONE', #2358, #337, #1561 ) ;
#3275 = FACE_OUTER_BOUND ( 'NONE', #90, .T. ) ;
#3276 = EDGE_CURVE ( 'NONE', #3394, #2553, #4320, .T. ) ;
#3277 = CYLINDRICAL_SURFACE ( 'NONE', #4561, 2.500000000000002220 ) ;
#3278 = ORIENTED_EDGE ( 'NONE', *, *, #1041, .F. ) ;
#3279 = CARTESIAN_POINT ( 'NONE',  ( 2.200000000000006395, 16.10000000000000142, -7.096079250560826228E-17 ) ) ;
#3280 = AXIS2_PLACEMENT_3D ( 'NONE', #2369, #4418, #4440 ) ;
#3281 = CARTESIAN_POINT ( 'NONE',  ( -16.05000000000000071, 7.599999999999998757, 6.200000000000000178 ) ) ;
#3282 = ORIENTED_EDGE ( 'NONE', *, *, #2184, .T. ) ;
#3283 = ADVANCED_BREP_SHAPE_REPRESENTATION ( '', ( #1418, #3630 ), #433 ) ;
#3284 = EDGE_CURVE ( 'NONE', #2556, #424, #1968, .T. ) ;
#3285 = AXIS2_PLACEMENT_3D ( 'NONE', #1458, #1047, #2720 ) ;
#3286 = CARTESIAN_POINT ( 'NONE',  ( 19.98999999999872657, -93.40416029259172603, 28.00000000000000000 ) ) ;
#3287 = ORIENTED_EDGE ( 'NONE', *, *, #1886, .F. ) ;
#3288 = CARTESIAN_POINT ( 'NONE',  ( 9.999999999998724576, -79.90416029259174024, 5.000000000000000000 ) ) ;
#3289 = DIRECTION ( 'NONE',  ( 0.000000000000000000, 0.000000000000000000, 1.000000000000000000 ) ) ;
#3290 = ADVANCED_FACE ( 'NONE', ( #3714, #1024, #3657 ), #746, .F. ) ;
#3291 = UNCERTAINTY_MEASURE_WITH_UNIT (LENGTH_MEASURE( 1.000000000000000082E-05 ), #1000, 'distance_accuracy_value', 'NONE');
#3292 = VERTEX_POINT ( 'NONE', #5198 ) ;
#3293 = ORIENTED_EDGE ( 'NONE', *, *, #756, .T. ) ;
#3294 = LINE ( 'NONE', #2884, #3357 ) ;
#3295 = DIRECTION ( 'NONE',  ( 0.000000000000000000, 0.000000000000000000, -1.000000000000000000 ) ) ;
#3296 = CARTESIAN_POINT ( 'NONE',  ( 0.000000000000000000, 0.000000000000000000, 0.000000000000000000 ) ) ;
#3297 = CARTESIAN_POINT ( 'NONE',  ( -16.05000000000000426, 5.200000000000000178, -0.5749999999999965139 ) ) ;
#3298 = DIRECTION ( 'NONE',  ( 0.000000000000000000, 0.000000000000000000, 1.000000000000000000 ) ) ;
#3299 = DIRECTION ( 'NONE',  ( -1.000000000000000000, 0.000000000000000000, 0.000000000000000000 ) ) ;
#3300 = ORIENTED_EDGE ( 'NONE', *, *, #38, .F. ) ;
#3301 = CARTESIAN_POINT ( 'NONE',  ( -4.620000000000000107, -7.799999999999999581E-14, 3.642042833101999832 ) ) ;
#3302 = ORIENTED_EDGE ( 'NONE', *, *, #2659, .T. ) ;
#3303 = DIRECTION ( 'NONE',  ( 0.000000000000000000, 1.000000000000000000, 0.000000000000000000 ) ) ;
#3304 = FACE_OUTER_BOUND ( 'NONE', #2171, .T. ) ;
#3305 = ORIENTED_EDGE ( 'NONE', *, *, #2882, .F. ) ;
#3306 = PLANE ( 'NONE',  #416 ) ;
#3307 = CARTESIAN_POINT ( 'NONE',  ( -68.85613382467781207, 36.00000000000000000, -5.233710188513652994 ) ) ;
#3308 = ORIENTED_EDGE ( 'NONE', *, *, #2452, .F. ) ;
#3309 = DIRECTION ( 'NONE',  ( 1.000000000000000000, 0.000000000000000000, 0.000000000000000000 ) ) ;
#3310 = ORIENTED_EDGE ( 'NONE', *, *, #3317, .T. ) ;
#3311 = EDGE_CURVE ( 'NONE', #4517, #611, #4072, .T. ) ;
#3312 = VECTOR ( 'NONE', #3489, 1000.000000000000000 ) ;
#3313 = LINE ( 'NONE', #4975, #1529 ) ;
#3314 = EDGE_LOOP ( 'NONE', ( #3972, #3261, #11, #4415 ) ) ;
#3315 = VECTOR ( 'NONE', #3440, 1000.000000000000000 ) ;
#3316 = VERTEX_POINT ( 'NONE', #627 ) ;
#3317 = EDGE_CURVE ( 'NONE', #4179, #2758, #2474, .T. ) ;
#3318 = ORIENTED_EDGE ( 'NONE', *, *, #687, .T. ) ;
#3319 = DIRECTION ( 'NONE',  ( 0.000000000000000000, 0.000000000000000000, -1.000000000000000000 ) ) ;
#3320 = EDGE_CURVE ( 'NONE', #1754, #872, #145, .T. ) ;
#3321 = LINE ( 'NONE', #1632, #1608 ) ;
#3322 = AXIS2_PLACEMENT_3D ( 'NONE', #3548, #3927, #4847 ) ;
#3323 = DIRECTION ( 'NONE',  ( -1.000000000000000000, 4.336808689942018229E-16, -0.000000000000000000 ) ) ;
#3324 = CARTESIAN_POINT ( 'NONE',  ( 0.000000000000000000, 0.000000000000000000, 4.000000000000000000 ) ) ;
#3325 = ORIENTED_EDGE ( 'NONE', *, *, #2452, .T. ) ;
#3326 = AXIS2_PLACEMENT_3D ( 'NONE', #23, #4896, #1213 ) ;
#3327 = CARTESIAN_POINT ( 'NONE',  ( 26.99999999999873879, -82.40416029259175446, 5.000000000000000000 ) ) ;
#3328 = EDGE_CURVE ( 'NONE', #2196, #2910, #4942, .T. ) ;
#3329 = CONICAL_SURFACE ( 'NONE', #3854, 2.729999999999999982, 0.5235987755979999436 ) ;
#3330 = ORIENTED_EDGE ( 'NONE', *, *, #1515, .T. ) ;
#3331 = CARTESIAN_POINT ( 'NONE',  ( 7.499999999998722799, -109.4041602925917260, 17.00000000000000000 ) ) ;
#3332 = DIRECTION ( 'NONE',  ( -0.000000000000000000, 0.000000000000000000, 1.000000000000000000 ) ) ;
#3333 = ORIENTED_EDGE ( 'NONE', *, *, #5316, .F. ) ;
#3334 = DIRECTION ( 'NONE',  ( 0.4999999999997411515, 0.000000000000000000, -0.8660254037845881436 ) ) ;
#3335 = DIRECTION ( 'NONE',  ( -1.000000000000000000, -0.000000000000000000, -0.000000000000000000 ) ) ;
#3336 = ADVANCED_FACE ( 'NONE', ( #1617 ), #4126, .T. ) ;
#3337 = ORIENTED_EDGE ( 'NONE', *, *, #1560, .T. ) ;
#3338 = DIRECTION ( 'NONE',  ( -1.000000000000000000, -0.000000000000000000, -0.000000000000000000 ) ) ;
#3339 = ORIENTED_EDGE ( 'NONE', *, *, #1138, .F. ) ;
#3340 = PLANE ( 'NONE',  #1799 ) ;
#3341 = AXIS2_PLACEMENT_3D ( 'NONE', #64, #4537, #802 ) ;
#3342 = ORIENTED_EDGE ( 'NONE', *, *, #4963, .F. ) ;
#3343 = EDGE_CURVE ( 'NONE', #4362, #3292, #2380, .T. ) ;
#3344 = AXIS2_PLACEMENT_3D ( 'NONE', #1254, #546, #4996 ) ;
#3345 = AXIS2_PLACEMENT_3D ( 'NONE', #4292, #1883, #320 ) ;
#3346 = ORIENTED_EDGE ( 'NONE', *, *, #1119, .F. ) ;
#3347 = ORIENTED_EDGE ( 'NONE', *, *, #4710, .F. ) ;
#3348 = CARTESIAN_POINT ( 'NONE',  ( -38.85613382467781207, 6.000000000000000000, -26.23371018851364767 ) ) ;
#3349 = FACE_OUTER_BOUND ( 'NONE', #2677, .T. ) ;
#3350 = CIRCLE ( 'NONE', #1164, 2.799999999999999378 ) ;
#3351 = CIRCLE ( 'NONE', #4484, 2.500000000000002220 ) ;
#3352 = DIRECTION ( 'NONE',  ( -0.000000000000000000, 1.000000000000000000, -0.000000000000000000 ) ) ;
#3353 = DIRECTION ( 'NONE',  ( 0.000000000000000000, 0.000000000000000000, 1.000000000000000000 ) ) ;
#3354 = ADVANCED_FACE ( 'NONE', ( #229 ), #2053, .F. ) ;
#3355 = LINE ( 'NONE', #3406, #4135 ) ;
#3356 = ORIENTED_EDGE ( 'NONE', *, *, #1475, .F. ) ;
#3357 = VECTOR ( 'NONE', #3376, 1000.000000000000000 ) ;
#3358 = CARTESIAN_POINT ( 'NONE',  ( 5.050000000000006040, 11.90000000000000391, -4.336808689942017736E-16 ) ) ;
#3359 = VERTEX_POINT ( 'NONE', #2409 ) ;
#3360 = EDGE_CURVE ( 'NONE', #4273, #4437, #3513, .T. ) ;
#3361 = CARTESIAN_POINT ( 'NONE',  ( -63.85613382467780497, 0.000000000000000000, -5.233710188513652994 ) ) ;
#3362 = DIRECTION ( 'NONE',  ( 0.000000000000000000, 0.000000000000000000, 1.000000000000000000 ) ) ;
#3363 = DIRECTION ( 'NONE',  ( 1.000000000000000000, 6.672013369141562259E-16, 0.000000000000000000 ) ) ;
#3364 =( LENGTH_UNIT ( ) NAMED_UNIT ( * ) SI_UNIT ( .MILLI., .METRE. ) );
#3365 = AXIS2_PLACEMENT_3D ( 'NONE', #1919, #1072, #4020 ) ;
#3366 = VERTEX_POINT ( 'NONE', #1555 ) ;
#3367 = CARTESIAN_POINT ( 'NONE',  ( 0.000000000000000000, -9.900000000000002132, 6.200000000000000178 ) ) ;
#3368 = LINE ( 'NONE', #2902, #987 ) ;
#3369 = VECTOR ( 'NONE', #1472, 1000.000000000000000 ) ;
#3370 = ORIENTED_EDGE ( 'NONE', *, *, #3800, .T. ) ;
#3371 = FACE_OUTER_BOUND ( 'NONE', #2098, .T. ) ;
#3372 = ORIENTED_EDGE ( 'NONE', *, *, #472, .T. ) ;
#3373 = VECTOR ( 'NONE', #371, 1000.000000000000000 ) ;
#3374 = VERTEX_POINT ( 'NONE', #3853 ) ;
#3375 = ORIENTED_EDGE ( 'NONE', *, *, #1343, .F. ) ;
#3376 = DIRECTION ( 'NONE',  ( 1.457750820148577388E-16, 1.000000000000000000, 0.000000000000000000 ) ) ;
#3377 = CARTESIAN_POINT ( 'NONE',  ( -68.85613382467781207, 0.000000000000000000, 0.7662898114863467836 ) ) ;
#3378 = DIRECTION ( 'NONE',  ( -1.000000000000000000, -0.000000000000000000, -0.000000000000000000 ) ) ;
#3379 = EDGE_CURVE ( 'NONE', #1235, #5176, #5255, .T. ) ;
#3380 = LINE ( 'NONE', #4308, #3585 ) ;
#3381 = CARTESIAN_POINT ( 'NONE',  ( -68.85613382467781207, 36.00000000000000000, -31.23371018851364767 ) ) ;
#3382 = CYLINDRICAL_SURFACE ( 'NONE', #2482, 2.500000000000000888 ) ;
#3383 = VERTEX_POINT ( 'NONE', #3767 ) ;
#3384 = CARTESIAN_POINT ( 'NONE',  ( -53.85613382467781207, 36.00000000000000000, -15.23371018851364944 ) ) ;
#3385 = EDGE_CURVE ( 'NONE', #2314, #93, #2815, .T. ) ;
#3386 = ORIENTED_EDGE ( 'NONE', *, *, #2307, .T. ) ;
#3387 = FILL_AREA_STYLE ('',( #1726 ) ) ;
#3388 = LINE ( 'NONE', #1727, #2908 ) ;
#3389 = FACE_OUTER_BOUND ( 'NONE', #4219, .T. ) ;
#3390 = ADVANCED_FACE ( 'NONE', ( #4269 ), #1749, .F. ) ;
#3391 = ORIENTED_EDGE ( 'NONE', *, *, #3852, .T. ) ;
#3392 = CARTESIAN_POINT ( 'NONE',  ( -18.00000000000127187, -77.40416029259172603, 23.00000000000000000 ) ) ;
#3393 = LINE ( 'NONE', #2582, #400 ) ;
#3394 = VERTEX_POINT ( 'NONE', #440 ) ;
#3395 = DIRECTION ( 'NONE',  ( 0.000000000000000000, 0.000000000000000000, -1.000000000000000000 ) ) ;
#3396 = PRODUCT_DEFINITION_SHAPE ( 'NONE', 'NONE',  #2995 ) ;
#3397 = ORIENTED_EDGE ( 'NONE', *, *, #923, .T. ) ;
#3398 = ADVANCED_FACE ( 'NONE', ( #830 ), #137, .T. ) ;
#3399 = ORIENTED_EDGE ( 'NONE', *, *, #298, .T. ) ;
#3400 = EDGE_LOOP ( 'NONE', ( #2045, #804, #2446, #698 ) ) ;
#3401 = PRESENTATION_STYLE_ASSIGNMENT (( #2258 ) ) ;
#3402 = CARTESIAN_POINT ( 'NONE',  ( 16.05000000000000071, 7.600000000000003197, -0.5749999999999982903 ) ) ;
#3403 = AXIS2_PLACEMENT_3D ( 'NONE', #1009, #1383, #2242 ) ;
#3404 = DIRECTION ( 'NONE',  ( -0.000000000000000000, -1.000000000000000000, -0.000000000000000000 ) ) ;
#3405 = CYLINDRICAL_SURFACE ( 'NONE', #1593, 2.500000000000002220 ) ;
#3406 = CARTESIAN_POINT ( 'NONE',  ( -38.85613382467781207, 10.99999999999999645, -25.23371018851364767 ) ) ;
#3407 = ORIENTED_EDGE ( 'NONE', *, *, #1290, .T. ) ;
#3408 = CARTESIAN_POINT ( 'NONE',  ( -11.25000000000000533, -11.90000000000000213, -6.200000000000000178 ) ) ;
#3409 = VECTOR ( 'NONE', #1465, 1000.000000000000000 ) ;
#3410 = DIRECTION ( 'NONE',  ( 0.000000000000000000, 0.000000000000000000, -1.000000000000000000 ) ) ;
#3411 = VECTOR ( 'NONE', #1055, 1000.000000000000000 ) ;
#3412 = DIRECTION ( 'NONE',  ( 0.000000000000000000, -0.000000000000000000, 1.000000000000000000 ) ) ;
#3413 = EDGE_CURVE ( 'NONE', #31, #459, #2608, .T. ) ;
#3414 = DIRECTION ( 'NONE',  ( 0.000000000000000000, 0.000000000000000000, 1.000000000000000000 ) ) ;
#3415 = CIRCLE ( 'NONE', #1841, 2.899999999999997247 ) ;
#3416 = EDGE_LOOP ( 'NONE', ( #499, #2208 ) ) ;
#3417 = DIRECTION ( 'NONE',  ( -5.421010862427522170E-17, -1.000000000000000000, -0.000000000000000000 ) ) ;
#3418 = EDGE_CURVE ( 'NONE', #1042, #3359, #4221, .T. ) ;
#3419 = CARTESIAN_POINT ( 'NONE',  ( -52.13626030326282290, 27.24118300352237654, -13.27658992260643700 ) ) ;
#3420 = ADVANCED_FACE ( 'NONE', ( #3739 ), #2578, .F. ) ;
#3421 = ORIENTED_EDGE ( 'NONE', *, *, #847, .F. ) ;
#3422 = DIRECTION ( 'NONE',  ( -1.000000000000000000, 0.000000000000000000, 0.000000000000000000 ) ) ;
#3423 = ORIENTED_EDGE ( 'NONE', *, *, #1234, .T. ) ;
#3424 = EDGE_CURVE ( 'NONE', #4065, #2311, #2078, .T. ) ;
#3425 = ORIENTED_EDGE ( 'NONE', *, *, #813, .T. ) ;
#3426 = VERTEX_POINT ( 'NONE', #4669 ) ;
#3427 = VECTOR ( 'NONE', #3581, 1000.000000000000000 ) ;
#3428 = CARTESIAN_POINT ( 'NONE',  ( 1.576960784177572350E-12, -4.001037365483997910, -0.3088823940167316762 ) ) ;
#3429 = CARTESIAN_POINT ( 'NONE',  ( 9.999999999998724576, -82.40416029259172603, 23.00000000000000000 ) ) ;
#3430 = VECTOR ( 'NONE', #2348, 1000.000000000000000 ) ;
#3431 = VECTOR ( 'NONE', #2493, 1000.000000000000000 ) ;
#3432 = CARTESIAN_POINT ( 'NONE',  ( -38.85613382467781207, 19.99999999999999645, -15.23371018851364944 ) ) ;
#3433 = CARTESIAN_POINT ( 'NONE',  ( 4.999999999998723688, -104.4041602925917260, 23.00000000000000000 ) ) ;
#3434 = ORIENTED_EDGE ( 'NONE', *, *, #1002, .T. ) ;
#3435 = ORIENTED_EDGE ( 'NONE', *, *, #2096, .T. ) ;
#3436 = EDGE_CURVE ( 'NONE', #631, #4196, #1669, .T. ) ;
#3437 = AXIS2_PLACEMENT_3D ( 'NONE', #3327, #848, #2516 ) ;
#3438 = DIRECTION ( 'NONE',  ( 1.000000000000000000, 3.200000000000000229E-16, 0.000000000000000000 ) ) ;
#3439 = AXIS2_PLACEMENT_3D ( 'NONE', #2071, #4500, #3759 ) ;
#3440 = DIRECTION ( 'NONE',  ( -0.000000000000000000, -0.000000000000000000, -1.000000000000000000 ) ) ;
#3441 = PLANE ( 'NONE',  #37 ) ;
#3442 = AXIS2_PLACEMENT_3D ( 'NONE', #4110, #4545, #425 ) ;
#3443 = CARTESIAN_POINT ( 'NONE',  ( -16.05000000000000071, 0.000000000000000000, 6.200000000000000178 ) ) ;
#3444 = PRODUCT ( 'PenShaft', 'PenShaft', '', ( #3563 ) ) ;
#3445 = DIRECTION ( 'NONE',  ( 1.000000000000000000, 0.000000000000000000, -1.757105317124067718E-16 ) ) ;
#3446 = EDGE_CURVE ( 'NONE', #3273, #1809, #4213, .T. ) ;
#3447 = EDGE_LOOP ( 'NONE', ( #2364, #4623, #794, #3346 ) ) ;
#3448 = CARTESIAN_POINT ( 'NONE',  ( -4.620000000000000107, 4.733868212060771786E-16, 0.3579571668980000010 ) ) ;
#3449 = FACE_OUTER_BOUND ( 'NONE', #2735, .T. ) ;
#3450 = ORIENTED_EDGE ( 'NONE', *, *, #2347, .T. ) ;
#3451 = CARTESIAN_POINT ( 'NONE',  ( 11.25000000000000178, -9.900000000000002132, 6.200000000000001954 ) ) ;
#3452 = EDGE_CURVE ( 'NONE', #4839, #773, #1224, .T. ) ;
#3453 = ORIENTED_EDGE ( 'NONE', *, *, #954, .T. ) ;
#3454 = EDGE_CURVE ( 'NONE', #4828, #2055, #2927, .T. ) ;
#3455 = AXIS2_PLACEMENT_3D ( 'NONE', #1121, #1535, #754 ) ;
#3456 = ORIENTED_EDGE ( 'NONE', *, *, #2811, .T. ) ;
#3457 = EDGE_LOOP ( 'NONE', ( #967, #3744, #1231, #3300, #2088, #5118 ) ) ;
#3458 = EDGE_CURVE ( 'NONE', #2742, #1209, #2522, .T. ) ;
#3459 = CARTESIAN_POINT ( 'NONE',  ( -68.85613382467781207, 28.99999999999999645, -5.233710188513652994 ) ) ;
#3460 = AXIS2_PLACEMENT_3D ( 'NONE', #3924, #1082, #707 ) ;
#3461 = CARTESIAN_POINT ( 'NONE',  ( 0.000000000000000000, 0.000000000000000000, 0.000000000000000000 ) ) ;
#3462 = DIRECTION ( 'NONE',  ( -1.000000000000000000, -0.000000000000000000, -0.000000000000000000 ) ) ;
#3463 = EDGE_LOOP ( 'NONE', ( #4160, #1619, #4339, #1837 ) ) ;
#3464 = EDGE_LOOP ( 'NONE', ( #3391, #1554, #3911, #69 ) ) ;
#3465 = DIRECTION ( 'NONE',  ( -0.000000000000000000, 1.000000000000000000, -0.000000000000000000 ) ) ;
#3466 = CYLINDRICAL_SURFACE ( 'NONE', #4063, 6.200000000000001066 ) ;
#3467 = LINE ( 'NONE', #3926, #1918 ) ;
#3468 = PLANE ( 'NONE',  #1484 ) ;
#3469 = CARTESIAN_POINT ( 'NONE',  ( 26.99999999999872813, -102.0491602925917505, 5.000000000000000000 ) ) ;
#3470 = LINE ( 'NONE', #4724, #2565 ) ;
#3471 = EDGE_LOOP ( 'NONE', ( #3819, #40, #4728, #2404, #95 ) ) ;
#3472 = DIRECTION ( 'NONE',  ( 0.000000000000000000, 0.000000000000000000, 1.000000000000000000 ) ) ;
#3473 = VERTEX_POINT ( 'NONE', #2103 ) ;
#3474 = CARTESIAN_POINT ( 'NONE',  ( 13.65000000000000568, -11.90100000000000513, -1.300000000000000488 ) ) ;
#3475 = ORIENTED_EDGE ( 'NONE', *, *, #3824, .F. ) ;
#3476 = ORIENTED_EDGE ( 'NONE', *, *, #1818, .F. ) ;
#3477 = ADVANCED_FACE ( 'NONE', ( #910 ), #57, .T. ) ;
#3478 =( LENGTH_UNIT ( ) NAMED_UNIT ( * ) SI_UNIT ( .MILLI., .METRE. ) );
#3479 = DIRECTION ( 'NONE',  ( 0.000000000000000000, 0.000000000000000000, -1.000000000000000000 ) ) ;
#3480 =( LENGTH_UNIT ( ) NAMED_UNIT ( * ) SI_UNIT ( .MILLI., .METRE. ) );
#3481 = CARTESIAN_POINT ( 'NONE',  ( 7.499999999998722799, -82.40416029259172603, 16.10000000000000142 ) ) ;
#3482 = LINE ( 'NONE', #2676, #4232 ) ;
#3483 = ORIENTED_EDGE ( 'NONE', *, *, #4156, .T. ) ;
#3484 = EDGE_CURVE ( 'NONE', #1485, #4361, #2953, .T. ) ;
#3485 = ORIENTED_EDGE ( 'NONE', *, *, #5214, .F. ) ;
#3486 = CARTESIAN_POINT ( 'NONE',  ( 0.000000000000000000, 0.000000000000000000, 0.000000000000000000 ) ) ;
#3487 = CARTESIAN_POINT ( 'NONE',  ( -2.310000000000000053, 4.001037365484000574, 0.3579571668980000010 ) ) ;
#3488 = VECTOR ( 'NONE', #3823, 1000.000000000000000 ) ;
#3489 = DIRECTION ( 'NONE',  ( -0.000000000000000000, -1.000000000000000000, -0.000000000000000000 ) ) ;
#3490 = DIRECTION ( 'NONE',  ( -0.000000000000000000, 1.000000000000000000, -0.000000000000000000 ) ) ;
#3491 = DIRECTION ( 'NONE',  ( 0.000000000000000000, 0.000000000000000000, 1.000000000000000000 ) ) ;
#3492 = CIRCLE ( 'NONE', #2634, 2.500000000000004885 ) ;
#3493 = CARTESIAN_POINT ( 'NONE',  ( -11.25000000000000533, -11.90000000000000213, 3.299999999999999822 ) ) ;
#3494 = EDGE_LOOP ( 'NONE', ( #2114, #4264 ) ) ;
#3495 = VECTOR ( 'NONE', #3490, 1000.000000000000000 ) ;
#3496 = CARTESIAN_POINT ( 'NONE',  ( -53.01289080271940435, 27.08356381787976019, -12.76837066576475443 ) ) ;
#3497 = ORIENTED_EDGE ( 'NONE', *, *, #2633, .F. ) ;
#3498 = VECTOR ( 'NONE', #4643, 1000.000000000000114 ) ;
#3499 = EDGE_CURVE ( 'NONE', #5061, #2521, #492, .T. ) ;
#3500 = CARTESIAN_POINT ( 'NONE',  ( -53.85613382467781207, 25.99999999999999645, -17.83371018851365264 ) ) ;
#3501 = EDGE_LOOP ( 'NONE', ( #4941, #1663, #360, #3724 ) ) ;
#3502 = VECTOR ( 'NONE', #5361, 1000.000000000000000 ) ;
#3503 = ORIENTED_EDGE ( 'NONE', *, *, #2664, .T. ) ;
#3504 = SURFACE_STYLE_USAGE ( .BOTH. , #510 ) ;
#3505 = CARTESIAN_POINT ( 'NONE',  ( 19.86167644321024284, -6.907923396922670989, 90.54244328245694362 ) ) ;
#3506 = ADVANCED_FACE ( 'NONE', ( #3389 ), #5050, .T. ) ;
#3507 = DIRECTION ( 'NONE',  ( 0.000000000000000000, 1.000000000000000000, -0.000000000000000000 ) ) ;
#3508 = CIRCLE ( 'NONE', #2212, 2.500000000000002220 ) ;
#3509 = ORIENTED_EDGE ( 'NONE', *, *, #1676, .T. ) ;
#3510 = ORIENTED_EDGE ( 'NONE', *, *, #406, .T. ) ;
#3511 = CARTESIAN_POINT ( 'NONE',  ( -38.85613382467781207, 10.99999999999999645, -31.23371018851364767 ) ) ;
#3512 = CARTESIAN_POINT ( 'NONE',  ( -20.50000000000127187, -104.4041602925917260, 17.90000000000000213 ) ) ;
#3513 = CIRCLE ( 'NONE', #2907, 2.899999999999999911 ) ;
#3514 = VECTOR ( 'NONE', #3804, 1000.000000000000000 ) ;
#3515 = APPLICATION_CONTEXT ( 'automotive_design' ) ;
#3516 = EDGE_CURVE ( 'NONE', #424, #3806, #4399, .T. ) ;
#3517 = CARTESIAN_POINT ( 'NONE',  ( 14.99999999999872280, -84.90416029259176867, 5.000000000000000000 ) ) ;
#3518 = LINE ( 'NONE', #266, #3495 ) ;
#3519 = PLANE ( 'NONE',  #317 ) ;
#3520 = VECTOR ( 'NONE', #4178, 1000.000000000000000 ) ;
#3521 = CIRCLE ( 'NONE', #3691, 4.000000000000000000 ) ;
#3522 = DIRECTION ( 'NONE',  ( 4.336808689942017736E-16, 1.000000000000000000, 0.000000000000000000 ) ) ;
#3523 = EDGE_CURVE ( 'NONE', #761, #2463, #962, .T. ) ;
#3524 = EDGE_LOOP ( 'NONE', ( #633, #2456, #784, #4646 ) ) ;
#3525 = AXIS2_PLACEMENT_3D ( 'NONE', #22, #4144, #1683 ) ;
#3526 = AXIS2_PLACEMENT_3D ( 'NONE', #5069, #2600, #2180 ) ;
#3527 = DIRECTION ( 'NONE',  ( -1.000000000000000000, -0.000000000000000000, -0.000000000000000000 ) ) ;
#3528 = ORIENTED_EDGE ( 'NONE', *, *, #2116, .T. ) ;
#3529 = AXIS2_PLACEMENT_3D ( 'NONE', #3348, #2005, #73 ) ;
#3530 = LINE ( 'NONE', #4428, #3369 ) ;
#3531 = PRODUCT_DEFINITION_SHAPE ( 'NONE', 'NONE',  #5367 ) ;
#3532 = ORIENTED_EDGE ( 'NONE', *, *, #5274, .F. ) ;
#3533 = LINE ( 'NONE', #103, #4433 ) ;
#3534 = VERTEX_POINT ( 'NONE', #1386 ) ;
#3535 = DIRECTION ( 'NONE',  ( 0.000000000000000000, 0.000000000000000000, 1.000000000000000000 ) ) ;
#3536 = CARTESIAN_POINT ( 'NONE',  ( -56.19083578065145446, 27.41195116907145390, -14.07701843366177030 ) ) ;
#3537 = DIRECTION ( 'NONE',  ( -3.657132581846951845E-29, 1.000000000000000000, -3.491481338843133355E-15 ) ) ;
#3538 = CIRCLE ( 'NONE', #1882, 2.500000000000000000 ) ;
#3539 = CARTESIAN_POINT ( 'NONE',  ( -53.85613382467781207, 25.99999999999999645, -12.63371018851364624 ) ) ;
#3540 = ORIENTED_EDGE ( 'NONE', *, *, #3580, .T. ) ;
#3541 = VERTEX_POINT ( 'NONE', #166 ) ;
#3542 = AXIS2_PLACEMENT_3D ( 'NONE', #2702, #1848, #3544 ) ;
#3543 = FACE_BOUND ( 'NONE', #1941, .T. ) ;
#3544 = DIRECTION ( 'NONE',  ( 1.000000000000000000, 6.672013369141562259E-16, 8.881784197001249365E-16 ) ) ;
#3545 = ADVANCED_BREP_SHAPE_REPRESENTATION ( '', ( #3188, #3630 ), #89 ) ;
#3546 = LINE ( 'NONE', #688, #4371 ) ;
#3547 = PRODUCT_DEFINITION_FORMATION_WITH_SPECIFIED_SOURCE ( 'ANY', '', #2274, .NOT_KNOWN. ) ;
#3548 = CARTESIAN_POINT ( 'NONE',  ( -13.65000000000001279, 7.599999999999995204, 3.469446951953613794E-15 ) ) ;
#3549 = CARTESIAN_POINT ( 'NONE',  ( -0.6499999999999931388, 16.10000000000000142, 2.917592839829852490E-16 ) ) ;
#3550 = EDGE_CURVE ( 'NONE', #704, #1557, #55, .T. ) ;
#3551 = ADVANCED_FACE ( 'NONE', ( #1467 ), #3132, .F. ) ;
#3552 = DIRECTION ( 'NONE',  ( -1.000000000000000000, -0.000000000000000000, -0.000000000000000000 ) ) ;
#3553 = ORIENTED_EDGE ( 'NONE', *, *, #2983, .F. ) ;
#3554 = CARTESIAN_POINT ( 'NONE',  ( -3.669903886955377951E-15, -11.90000000000000213, 6.200000000000000178 ) ) ;
#3555 = ORIENTED_EDGE ( 'NONE', *, *, #4163, .T. ) ;
#3556 = EDGE_CURVE ( 'NONE', #2144, #3040, #3034, .T. ) ;
#3557 = CARTESIAN_POINT ( 'NONE',  ( -11.25000000000000178, 11.90000000000000213, 6.200000000000000178 ) ) ;
#3558 = ORIENTED_EDGE ( 'NONE', *, *, #136, .T. ) ;
#3559 = DIRECTION ( 'NONE',  ( 0.000000000000000000, 0.000000000000000000, -1.000000000000000000 ) ) ;
#3560 = VERTEX_POINT ( 'NONE', #2219 ) ;
#3561 = CARTESIAN_POINT ( 'NONE',  ( -55.81329048074192656, 27.30117555037928767, -13.51384593647509291 ) ) ;
#3562 = ADVANCED_FACE ( 'NONE', ( #3059, #4798, #2730 ), #1036, .T. ) ;
#3563 = PRODUCT_CONTEXT ( 'NONE', #1071, 'mechanical' ) ;
#3564 = DIRECTION ( 'NONE',  ( 1.000000000000000000, 3.200000000000000229E-16, 0.000000000000000000 ) ) ;
#3565 = ORIENTED_EDGE ( 'NONE', *, *, #78, .F. ) ;
#3566 = ORIENTED_EDGE ( 'NONE', *, *, #4586, .F. ) ;
#3567 = DIRECTION ( 'NONE',  ( -0.000000000000000000, 1.000000000000000000, -0.000000000000000000 ) ) ;
#3568 = DIRECTION ( 'NONE',  ( -1.000000000000000000, 0.000000000000000000, 0.000000000000000000 ) ) ;
#3569 = CARTESIAN_POINT ( 'NONE',  ( 9.750000000000000000, -9.900000000000002132, 0.000000000000000000 ) ) ;
#3570 = CARTESIAN_POINT ( 'NONE',  ( 9.999999999998724576, -77.40416029259172603, 11.00000000000000000 ) ) ;
#3571 = DIRECTION ( 'NONE',  ( 0.000000000000000000, 1.000000000000000000, 0.000000000000000000 ) ) ;
#3572 = DIRECTION ( 'NONE',  ( -0.000000000000000000, -1.000000000000000000, -0.000000000000000000 ) ) ;
#3573 = ORIENTED_EDGE ( 'NONE', *, *, #5106, .T. ) ;
#3574 = EDGE_CURVE ( 'NONE', #223, #4138, #4294, .T. ) ;
#3575 = DIRECTION ( 'NONE',  ( -0.000000000000000000, 1.000000000000000000, -0.000000000000000000 ) ) ;
#3576 = ORIENTED_EDGE ( 'NONE', *, *, #516, .T. ) ;
#3577 = DIRECTION ( 'NONE',  ( 0.000000000000000000, -0.000000000000000000, -1.000000000000000000 ) ) ;
#3578 = AXIS2_PLACEMENT_3D ( 'NONE', #4291, #3032, #2950 ) ;
#3579 = EDGE_LOOP ( 'NONE', ( #4976, #3421, #2473, #1857, #3372, #885, #3318, #4475, #527, #3553, #1030, #1756, #2982, #65, #3796, #2610, #2635 ) ) ;
#3580 = EDGE_CURVE ( 'NONE', #1291, #2937, #1946, .T. ) ;
#3581 = DIRECTION ( 'NONE',  ( 1.000000000000000000, 0.000000000000000000, 0.000000000000000000 ) ) ;
#3582 = AXIS2_PLACEMENT_3D ( 'NONE', #5143, #3897, #512 ) ;
#3583 = VERTEX_POINT ( 'NONE', #1443 ) ;
#3584 = CARTESIAN_POINT ( 'NONE',  ( -55.16404585846806441, 27.15414433507069347, -17.48711983916829027 ) ) ;
#3585 = VECTOR ( 'NONE', #155, 1000.000000000000000 ) ;
#3586 = FACE_OUTER_BOUND ( 'NONE', #911, .T. ) ;
#3587 = ADVANCED_FACE ( 'NONE', ( #4772, #5187, #5107, #572 ), #1829, .F. ) ;
#3588 = DIRECTION ( 'NONE',  ( 0.000000000000000000, 0.000000000000000000, 1.000000000000000000 ) ) ;
#3589 = ORIENTED_EDGE ( 'NONE', *, *, #3907, .F. ) ;
#3590 = EDGE_LOOP ( 'NONE', ( #1876, #4389 ) ) ;
#3591 = LINE ( 'NONE', #3264, #322 ) ;
#3592 = CARTESIAN_POINT ( 'NONE',  ( 0.000000000000000000, 0.000000000000000000, 0.000000000000000000 ) ) ;
#3593 = CARTESIAN_POINT ( 'NONE',  ( 14.99999999999872280, -104.4041602925917545, 5.000000000000000000 ) ) ;
#3594 = DIRECTION ( 'NONE',  ( -3.614007241618349757E-16, -1.000000000000000000, 0.000000000000000000 ) ) ;
#3595 = DIRECTION ( 'NONE',  ( 0.000000000000000000, 0.000000000000000000, 1.000000000000000000 ) ) ;
#3596 = ORIENTED_EDGE ( 'NONE', *, *, #4529, .T. ) ;
#3597 = CARTESIAN_POINT ( 'NONE',  ( 11.25000000000000178, -9.900000000000002132, -6.199999999999996625 ) ) ;
#3598 = AXIS2_PLACEMENT_3D ( 'NONE', #3286, #4591, #2957 ) ;
#3599 = ORIENTED_EDGE ( 'NONE', *, *, #1547, .F. ) ;
#3600 = VECTOR ( 'NONE', #938, 1000.000000000000000 ) ;
#3601 = AXIS2_PLACEMENT_3D ( 'NONE', #2215, #2656, #3826 ) ;
#3602 = CARTESIAN_POINT ( 'NONE',  ( -58.35613382467781918, 28.99999999999999645, -25.23371018851364767 ) ) ;
#3603 = ORIENTED_EDGE ( 'NONE', *, *, #2347, .F. ) ;
#3604 =( BOUNDED_CURVE ( )  B_SPLINE_CURVE ( 2, ( #736, #4525, #2400 ),
 .UNSPECIFIED., .F., .F. ) 
 B_SPLINE_CURVE_WITH_KNOTS ( ( 3, 3 ),
 ( 0.000000000000000000, 1.000000000000000000 ),
 .UNSPECIFIED. ) 
 CURVE ( )  GEOMETRIC_REPRESENTATION_ITEM ( )  RATIONAL_B_SPLINE_CURVE ( ( 1.000000000000000000, 1.154700538379255903, 1.000000000000000000 ) ) 
 REPRESENTATION_ITEM ( '' )  );
#3605 = EDGE_CURVE ( 'NONE', #4952, #2871, #3470, .T. ) ;
#3606 = AXIS2_PLACEMENT_3D ( 'NONE', #5045, #2129, #821 ) ;
#3607 = CARTESIAN_POINT ( 'NONE',  ( 8.349999999999999645, -11.90000000000000746, -4.501219330881973235 ) ) ;
#3608 = VECTOR ( 'NONE', #2406, 1000.000000000000000 ) ;
#3609 = ORIENTED_EDGE ( 'NONE', *, *, #1435, .T. ) ;
#3610 = CARTESIAN_POINT ( 'NONE',  ( 9.750000000000000000, -9.900000000000002132, 1.875000000000000888 ) ) ;
#3611 = CIRCLE ( 'NONE', #1431, 0.9000000000000014655 ) ;
#3612 = VERTEX_POINT ( 'NONE', #2660 ) ;
#3613 = ADVANCED_FACE ( 'NONE', ( #2686 ), #4323, .F. ) ;
#3614 = CARTESIAN_POINT ( 'NONE',  ( -54.53302912740655017, 27.06544422432841301, -12.71761053899009752 ) ) ;
#3615 = CARTESIAN_POINT ( 'NONE',  ( -43.85613382467781207, 11.00000000000000000, -31.23371018851364767 ) ) ;
#3616 = CARTESIAN_POINT ( 'NONE',  ( -38.85613382467781207, 6.000000000000000000, -28.73371018851364767 ) ) ;
#3617 = EDGE_LOOP ( 'NONE', ( #2524, #2829 ) ) ;
#3618 = ADVANCED_FACE ( 'NONE', ( #246 ), #4346, .F. ) ;
#3619 = ORIENTED_EDGE ( 'NONE', *, *, #5033, .F. ) ;
#3620 = ADVANCED_FACE ( 'NONE', ( #1854 ), #3961, .T. ) ;
#3621 = DIRECTION ( 'NONE',  ( 1.000000000000000000, 3.200000000000000229E-16, 0.000000000000000000 ) ) ;
#3622 = AXIS2_PLACEMENT_3D ( 'NONE', #2202, #5123, #584 ) ;
#3623 = CARTESIAN_POINT ( 'NONE',  ( -49.35613382467781207, 33.49999999999999289, -5.233710188513652994 ) ) ;
#3624 = DIRECTION ( 'NONE',  ( 1.000000000000000000, -0.000000000000000000, -0.000000000000000000 ) ) ;
#3625 = FILL_AREA_STYLE ('',( #1214 ) ) ;
#3626 = STYLED_ITEM ( 'NONE', ( #1701 ), #5041 ) ;
#3627 = LINE ( 'NONE', #1522, #3954 ) ;
#3628 = ORIENTED_EDGE ( 'NONE', *, *, #5162, .F. ) ;
#3629 = CYLINDRICAL_SURFACE ( 'NONE', #149, 0.9000000000000014655 ) ;
#3630 = AXIS2_PLACEMENT_3D ( 'NONE', #3296, #534, #4599 ) ;
#3631 = VERTEX_POINT ( 'NONE', #3493 ) ;
#3632 = CARTESIAN_POINT ( 'NONE',  ( -51.52190438168487674, 27.41179682068699108, -16.39163598032822833 ) ) ;
#3633 = EDGE_LOOP ( 'NONE', ( #1219, #2440, #3370, #3230 ) ) ;
#3634 = DIRECTION ( 'NONE',  ( 1.000000000000000000, 0.000000000000000000, 1.757105317124067718E-16 ) ) ;
#3635 = DIRECTION ( 'NONE',  ( 0.000000000000000000, -0.000000000000000000, 1.000000000000000000 ) ) ;
#3636 = ORIENTED_EDGE ( 'NONE', *, *, #4910, .T. ) ;
#3637 = FACE_BOUND ( 'NONE', #2644, .T. ) ;
#3638 = EDGE_LOOP ( 'NONE', ( #15, #5135, #2977, #2170 ) ) ;
#3639 =( BOUNDED_CURVE ( )  B_SPLINE_CURVE ( 2, ( #3487, #566, #1437 ),
 .UNSPECIFIED., .F., .F. ) 
 B_SPLINE_CURVE_WITH_KNOTS ( ( 3, 3 ),
 ( 0.000000000000000000, 1.000000000000000000 ),
 .UNSPECIFIED. ) 
 CURVE ( )  GEOMETRIC_REPRESENTATION_ITEM ( )  RATIONAL_B_SPLINE_CURVE ( ( 1.000000000000000000, 1.154700538379267893, 1.000000000000000000 ) ) 
 REPRESENTATION_ITEM ( '' )  );
#3640 = LINE ( 'NONE', #5245, #2929 ) ;
#3641 = CARTESIAN_POINT ( 'NONE',  ( -38.85613382467781207, 6.000000000000000000, -28.73371018851364767 ) ) ;
#3642 = DIRECTION ( 'NONE',  ( 0.000000000000000000, 0.000000000000000000, 1.000000000000000000 ) ) ;
#3643 = ADVANCED_FACE ( 'NONE', ( #4937 ), #2756, .F. ) ;
#3644 = ORIENTED_EDGE ( 'NONE', *, *, #4700, .F. ) ;
#3645 = ORIENTED_EDGE ( 'NONE', *, *, #2775, .F. ) ;
#3646 = CARTESIAN_POINT ( 'NONE',  ( -16.05000000000000071, 7.599999999999998757, -6.200000000000000178 ) ) ;
#3647 = DIRECTION ( 'NONE',  ( -0.000000000000000000, -1.000000000000000000, -0.000000000000000000 ) ) ;
#3648 = DIRECTION ( 'NONE',  ( 1.000000000000000000, 0.000000000000000000, 0.000000000000000000 ) ) ;
#3649 = EDGE_CURVE ( 'NONE', #4049, #3882, #4528, .T. ) ;
#3650 = CARTESIAN_POINT ( 'NONE',  ( 9.999999999998724576, -77.40416029259172603, 11.00000000000000000 ) ) ;
#3651 = EDGE_LOOP ( 'NONE', ( #1136, #97, #4679, #4755 ) ) ;
#3652 = CARTESIAN_POINT ( 'NONE',  ( -2.310000000000000053, 4.001037365484000574, 0.3579571668980000010 ) ) ;
#3653 = VERTEX_POINT ( 'NONE', #1112 ) ;
#3654 = CARTESIAN_POINT ( 'NONE',  ( 5.050000000000006040, 16.10000000000000142, 2.424999999999999822 ) ) ;
#3655 = DIRECTION ( 'NONE',  ( -1.000000000000000000, -0.000000000000000000, -0.000000000000000000 ) ) ;
#3656 = ORIENTED_EDGE ( 'NONE', *, *, #464, .F. ) ;
#3657 = FACE_BOUND ( 'NONE', #3988, .T. ) ;
#3658 = DIRECTION ( 'NONE',  ( -0.000000000000000000, -1.000000000000000000, -0.000000000000000000 ) ) ;
#3659 = ORIENTED_EDGE ( 'NONE', *, *, #1275, .F. ) ;
#3660 = CARTESIAN_POINT ( 'NONE',  ( -63.85613382467780497, 28.99999999999999645, -25.23371018851364767 ) ) ;
#3661 = VERTEX_POINT ( 'NONE', #3652 ) ;
#3662 = EDGE_CURVE ( 'NONE', #4850, #120, #1524, .T. ) ;
#3663 =( GEOMETRIC_REPRESENTATION_CONTEXT ( 3 ) GLOBAL_UNCERTAINTY_ASSIGNED_CONTEXT ( ( #3892 ) ) GLOBAL_UNIT_ASSIGNED_CONTEXT ( ( #5074, #2605, #214 ) ) REPRESENTATION_CONTEXT ( 'NONE', 'WORKASPACE' ) );
#3664 = DIRECTION ( 'NONE',  ( 1.000000000000000000, -0.000000000000000000, -0.000000000000000000 ) ) ;
#3665 = CARTESIAN_POINT ( 'NONE',  ( -38.85613382467781207, 19.99999999999999645, -7.733710188513651218 ) ) ;
#3666 = CARTESIAN_POINT ( 'NONE',  ( 4.999999999998722799, -77.40416029259172603, 23.00000000000000000 ) ) ;
#3667 = VERTEX_POINT ( 'NONE', #1935 ) ;
#3668 = ORIENTED_EDGE ( 'NONE', *, *, #5162, .T. ) ;
#3669 = PLANE ( 'NONE',  #4919 ) ;
#3670 = VECTOR ( 'NONE', #3856, 1000.000000000000000 ) ;
#3671 = DIRECTION ( 'NONE',  ( 0.000000000000000000, 0.000000000000000000, 1.000000000000000000 ) ) ;
#3672 = CARTESIAN_POINT ( 'NONE',  ( -68.85613382467781207, 10.99999999999999645, -5.233710188513652994 ) ) ;
#3673 = ADVANCED_FACE ( 'NONE', ( #4473 ), #3186, .F. ) ;
#3674 = DIRECTION ( 'NONE',  ( 0.000000000000000000, 0.000000000000000000, 1.000000000000000000 ) ) ;
#3675 = DIRECTION ( 'NONE',  ( 1.000000000000000000, 0.000000000000000000, -0.000000000000000000 ) ) ;
#3676 = DIRECTION ( 'NONE',  ( -1.000000000000000000, -1.541976423090495387E-16, 0.000000000000000000 ) ) ;
#3677 = VERTEX_POINT ( 'NONE', #3156 ) ;
#3678 = CARTESIAN_POINT ( 'NONE',  ( -39.99000000000127386, -93.40416029259172603, 25.00000000000000000 ) ) ;
#3679 = ADVANCED_FACE ( 'NONE', ( #4446, #712, #1494 ), #1166, .F. ) ;
#3680 = ORIENTED_EDGE ( 'NONE', *, *, #2453, .F. ) ;
#3681 = CARTESIAN_POINT ( 'NONE',  ( 14.99999999999872280, -77.40416029259172603, 0.000000000000000000 ) ) ;
#3682 = DIRECTION ( 'NONE',  ( -0.000000000000000000, -0.000000000000000000, -1.000000000000000000 ) ) ;
#3683 = VECTOR ( 'NONE', #1718, 1000.000000000000000 ) ;
#3684 = VECTOR ( 'NONE', #5219, 1000.000000000000000 ) ;
#3685 = ORIENTED_EDGE ( 'NONE', *, *, #2317, .T. ) ;
#3686 = CIRCLE ( 'NONE', #1413, 7.499999999999999112 ) ;
#3687 = EDGE_CURVE ( 'NONE', #2985, #2251, #4560, .T. ) ;
#3688 = DIRECTION ( 'NONE',  ( 0.000000000000000000, 1.000000000000000000, 0.000000000000000000 ) ) ;
#3689 = CYLINDRICAL_SURFACE ( 'NONE', #1267, 2.500000000000002220 ) ;
#3690 = ORIENTED_EDGE ( 'NONE', *, *, #451, .T. ) ;
#3691 = AXIS2_PLACEMENT_3D ( 'NONE', #2630, #908, #983 ) ;
#3692 = CARTESIAN_POINT ( 'NONE',  ( 11.25000000000000178, 11.90000000000000568, 6.200000000000000178 ) ) ;
#3693 = EDGE_LOOP ( 'NONE', ( #808, #760, #2048, #3833 ) ) ;
#3694 = CIRCLE ( 'NONE', #3254, 2.500000000000000000 ) ;
#3695 = VECTOR ( 'NONE', #4531, 1000.000000000000000 ) ;
#3696 = CARTESIAN_POINT ( 'NONE',  ( -68.85613382467781207, 6.000000000000000000, -6.733710188513656547 ) ) ;
#3697 = DIRECTION ( 'NONE',  ( 0.000000000000000000, -0.000000000000000000, 1.000000000000000000 ) ) ;
#3698 = AXIS2_PLACEMENT_3D ( 'NONE', #3812, #532, #998 ) ;
#3699 = VERTEX_POINT ( 'NONE', #1908 ) ;
#3700 = ORIENTED_EDGE ( 'NONE', *, *, #2046, .T. ) ;
#3701 = DIRECTION ( 'NONE',  ( -0.000000000000000000, 1.000000000000000000, -0.000000000000000000 ) ) ;
#3702 = LINE ( 'NONE', #1212, #2827 ) ;
#3703 = DIRECTION ( 'NONE',  ( 1.000000000000000000, 0.000000000000000000, -0.000000000000000000 ) ) ;
#3704 = CARTESIAN_POINT ( 'NONE',  ( -43.85613382467781207, 6.000000000000000000, -6.733710188513656547 ) ) ;
#3705 = LINE ( 'NONE', #2918, #1337 ) ;
#3706 = EDGE_CURVE ( 'NONE', #5359, #3473, #4902, .T. ) ;
#3707 = DIRECTION ( 'NONE',  ( 0.000000000000000000, 0.000000000000000000, 1.000000000000000000 ) ) ;
#3708 = EDGE_LOOP ( 'NONE', ( #505, #2958, #2023, #1392 ) ) ;
#3709 = VECTOR ( 'NONE', #4683, 1000.000000000000000 ) ;
#3710 = LINE ( 'NONE', #2433, #3094 ) ;
#3711 = CYLINDRICAL_SURFACE ( 'NONE', #2733, 2.499999999999995115 ) ;
#3712 = EDGE_CURVE ( 'NONE', #2692, #1264, #3211, .T. ) ;
#3713 = ORIENTED_EDGE ( 'NONE', *, *, #618, .T. ) ;
#3714 = FACE_BOUND ( 'NONE', #2331, .T. ) ;
#3715 =( GEOMETRIC_REPRESENTATION_CONTEXT ( 3 ) GLOBAL_UNCERTAINTY_ASSIGNED_CONTEXT ( ( #1368 ) ) GLOBAL_UNIT_ASSIGNED_CONTEXT ( ( #3364, #5026, #4483 ) ) REPRESENTATION_CONTEXT ( 'NONE', 'WORKASPACE' ) );
#3716 = ORIENTED_EDGE ( 'NONE', *, *, #4253, .F. ) ;
#3717 = ADVANCED_FACE ( 'NONE', ( #3239 ), #3629, .F. ) ;
#3718 = AXIS2_PLACEMENT_3D ( 'NONE', #3267, #5226, #3179 ) ;
#3719 = CARTESIAN_POINT ( 'NONE',  ( -47.00000000000127898, -93.40416029259172603, 28.00000000000000000 ) ) ;
#3720 = ADVANCED_FACE ( 'NONE', ( #351 ), #4824, .F. ) ;
#3721 = ORIENTED_EDGE ( 'NONE', *, *, #2558, .T. ) ;
#3722 = CARTESIAN_POINT ( 'NONE',  ( -54.02934355144573431, 27.03491293478462865, -12.63371018851364802 ) ) ;
#3723 = VERTEX_POINT ( 'NONE', #3597 ) ;
#3724 = ORIENTED_EDGE ( 'NONE', *, *, #1785, .T. ) ;
#3725 = VERTEX_POINT ( 'NONE', #5263 ) ;
#3726 = CARTESIAN_POINT ( 'NONE',  ( -16.05000000000000071, 5.199999999999999289, 6.200000000000000178 ) ) ;
#3727 = ADVANCED_FACE ( 'NONE', ( #2837, #4502, #5291 ), #5346, .F. ) ;
#3728 = DIRECTION ( 'NONE',  ( 0.000000000000000000, -1.000000000000000000, 0.000000000000000000 ) ) ;
#3729 = SHAPE_REPRESENTATION_RELATIONSHIP ( 'NONE' , 'NONE' ,  #1027, #2707 ) ;
#3730 = LINE ( 'NONE', #399, #3850 ) ;
#3731 = DIRECTION ( 'NONE',  ( -0.000000000000000000, 0.000000000000000000, -1.000000000000000000 ) ) ;
#3732 = ORIENTED_EDGE ( 'NONE', *, *, #3649, .T. ) ;
#3733 = ADVANCED_FACE ( 'NONE', ( #4874, #1134 ), #2403, .F. ) ;
#3734 = DIRECTION ( 'NONE',  ( -1.000000000000000000, -7.228014483236698528E-16, 0.000000000000000000 ) ) ;
#3735 = ORIENTED_EDGE ( 'NONE', *, *, #2112, .T. ) ;
#3736 = FACE_OUTER_BOUND ( 'NONE', #1454, .T. ) ;
#3737 = DIRECTION ( 'NONE',  ( -0.000000000000000000, -1.000000000000000000, -0.000000000000000000 ) ) ;
#3738 = EDGE_LOOP ( 'NONE', ( #4406, #3844, #5240, #3540 ) ) ;
#3739 = FACE_OUTER_BOUND ( 'NONE', #4036, .T. ) ;
#3740 = LINE ( 'NONE', #3307, #1714 ) ;
#3741 = EDGE_CURVE ( 'NONE', #151, #720, #3777, .T. ) ;
#3742 = ORIENTED_EDGE ( 'NONE', *, *, #3998, .F. ) ;
#3743 = LINE ( 'NONE', #1285, #5340 ) ;
#3744 = ORIENTED_EDGE ( 'NONE', *, *, #4948, .F. ) ;
#3745 = AXIS2_PLACEMENT_3D ( 'NONE', #1958, #1571, #5286 ) ;
#3746 = PLANE ( 'NONE',  #2405 ) ;
#3747 = EDGE_CURVE ( 'NONE', #3359, #2901, #2603, .T. ) ;
#3748 = ORIENTED_EDGE ( 'NONE', *, *, #4901, .T. ) ;
#3749 = ORIENTED_EDGE ( 'NONE', *, *, #2197, .F. ) ;
#3750 = ORIENTED_EDGE ( 'NONE', *, *, #5127, .F. ) ;
#3751 = CARTESIAN_POINT ( 'NONE',  ( 11.25000000000000178, 7.600000000000002309, 6.200000000000000178 ) ) ;
#3752 = EDGE_CURVE ( 'NONE', #4594, #4164, #3164, .T. ) ;
#3753 = PLANE ( 'NONE',  #3786 ) ;
#3754 = CARTESIAN_POINT ( 'NONE',  ( -63.85613382467780497, 28.99999999999999645, -25.23371018851364767 ) ) ;
#3755 = VECTOR ( 'NONE', #2750, 1000.000000000000000 ) ;
#3756 = AXIS2_PLACEMENT_3D ( 'NONE', #4116, #789, #1241 ) ;
#3757 = CARTESIAN_POINT ( 'NONE',  ( 2.310000000000000053, -4.001037365484000574, 3.642042833101999832 ) ) ;
#3758 = CARTESIAN_POINT ( 'NONE',  ( -53.85613382467781207, 36.00000000000000000, -12.63371018851364624 ) ) ;
#3759 = DIRECTION ( 'NONE',  ( 0.000000000000000000, 0.000000000000000000, -1.000000000000000000 ) ) ;
#3760 = ORIENTED_EDGE ( 'NONE', *, *, #2986, .T. ) ;
#3761 = AXIS2_PLACEMENT_3D ( 'NONE', #1874, #5249, #3976 ) ;
#3762 = CARTESIAN_POINT ( 'NONE',  ( -38.85613382467781207, 19.99999999999999645, -7.733710188513651218 ) ) ;
#3763 = AXIS2_PLACEMENT_3D ( 'NONE', #3173, #3197, #4835 ) ;
#3764 = ORIENTED_EDGE ( 'NONE', *, *, #143, .T. ) ;
#3765 = CARTESIAN_POINT ( 'NONE',  ( -3.465000000000574953, -2.000518682741006415, 4.308882394016964490 ) ) ;
#3766 = CARTESIAN_POINT ( 'NONE',  ( 16.05000000000000071, 7.600000000000003197, 6.200000000000000178 ) ) ;
#3767 = CARTESIAN_POINT ( 'NONE',  ( 26.99999999999872458, -109.4041602925917260, 25.00000000000000000 ) ) ;
#3768 = SURFACE_STYLE_FILL_AREA ( #1586 ) ;
#3769 = ORIENTED_EDGE ( 'NONE', *, *, #3574, .T. ) ;
#3770 = DIRECTION ( 'NONE',  ( 1.000000000000000000, -0.000000000000000000, -0.000000000000000000 ) ) ;
#3771 = DIRECTION ( 'NONE',  ( 0.000000000000000000, 0.000000000000000000, 1.000000000000000000 ) ) ;
#3772 = ORIENTED_EDGE ( 'NONE', *, *, #390, .T. ) ;
#3773 = VECTOR ( 'NONE', #384, 1000.000000000000000 ) ;
#3774 = CARTESIAN_POINT ( 'NONE',  ( -20.50000000000127187, -77.40416029259172603, 16.10000000000000142 ) ) ;
#3775 = AXIS2_PLACEMENT_3D ( 'NONE', #884, #2082, #418 ) ;
#3776 = VERTEX_POINT ( 'NONE', #1274 ) ;
#3777 = CIRCLE ( 'NONE', #1075, 2.499999999999995115 ) ;
#3778 = VECTOR ( 'NONE', #4070, 1000.000000000000000 ) ;
#3779 = ORIENTED_EDGE ( 'NONE', *, *, #1716, .F. ) ;
#3780 = EDGE_CURVE ( 'NONE', #2256, #1233, #82, .T. ) ;
#3781 = EDGE_CURVE ( 'NONE', #5362, #1301, #2159, .T. ) ;
#3782 = ORIENTED_EDGE ( 'NONE', *, *, #4156, .F. ) ;
#3783 = DIRECTION ( 'NONE',  ( 0.000000000000000000, -0.000000000000000000, 1.000000000000000000 ) ) ;
#3784 = CARTESIAN_POINT ( 'NONE',  ( -8.350000000000004974, -11.10000000000000142, 6.200000000000000178 ) ) ;
#3785 = DIRECTION ( 'NONE',  ( 0.000000000000000000, -1.000000000000000000, 0.000000000000000000 ) ) ;
#3786 = AXIS2_PLACEMENT_3D ( 'NONE', #2120, #1739, #74 ) ;
#3787 = CIRCLE ( 'NONE', #502, 2.729999999999999982 ) ;
#3788 = CARTESIAN_POINT ( 'NONE',  ( 13.65000000000000568, -11.90100000000000513, -3.851859888774471706E-31 ) ) ;
#3789 = CARTESIAN_POINT ( 'NONE',  ( -30.00000000000128253, -104.4041602925917260, 5.000000000000000000 ) ) ;
#3790 = PRODUCT_DEFINITION_SHAPE ( 'NONE', 'NONE',  #4823 ) ;
#3791 = DIRECTION ( 'NONE',  ( -0.000000000000000000, -0.000000000000000000, -1.000000000000000000 ) ) ;
#3792 = VERTEX_POINT ( 'NONE', #405 ) ;
#3793 = ADVANCED_FACE ( 'NONE', ( #2047 ), #1246, .F. ) ;
#3794 = AXIS2_PLACEMENT_3D ( 'NONE', #3331, #1249, #44 ) ;
#3795 = CARTESIAN_POINT ( 'NONE',  ( -35.00000000000127898, -79.90416029259172603, 5.000000000000000000 ) ) ;
#3796 = ORIENTED_EDGE ( 'NONE', *, *, #1676, .F. ) ;
#3797 = DIRECTION ( 'NONE',  ( -0.000000000000000000, 1.000000000000000000, -0.000000000000000000 ) ) ;
#3798 = LINE ( 'NONE', #876, #822 ) ;
#3799 = CARTESIAN_POINT ( 'NONE',  ( 11.25000000000000178, 0.000000000000000000, 6.200000000000000178 ) ) ;
#3800 = EDGE_CURVE ( 'NONE', #41, #5357, #27, .T. ) ;
#3801 = VECTOR ( 'NONE', #5115, 1000.000000000000000 ) ;
#3802 = VERTEX_POINT ( 'NONE', #3301 ) ;
#3803 = DIRECTION ( 'NONE',  ( 0.000000000000000000, 0.000000000000000000, 1.000000000000000000 ) ) ;
#3804 = DIRECTION ( 'NONE',  ( 0.000000000000000000, 1.000000000000000000, 0.000000000000000000 ) ) ;
#3805 = CIRCLE ( 'NONE', #3542, 1.300000000000000711 ) ;
#3806 = VERTEX_POINT ( 'NONE', #2544 ) ;
#3807 = DIRECTION ( 'NONE',  ( -0.000000000000000000, 1.000000000000000000, -0.000000000000000000 ) ) ;
#3808 = ORIENTED_EDGE ( 'NONE', *, *, #3138, .T. ) ;
#3809 =( GEOMETRIC_REPRESENTATION_CONTEXT ( 3 ) GLOBAL_UNCERTAINTY_ASSIGNED_CONTEXT ( ( #3291 ) ) GLOBAL_UNIT_ASSIGNED_CONTEXT ( ( #1000, #1793, #1396 ) ) REPRESENTATION_CONTEXT ( 'NONE', 'WORKASPACE' ) );
#3810 = ORIENTED_EDGE ( 'NONE', *, *, #4802, .T. ) ;
#3811 = ORIENTED_EDGE ( 'NONE', *, *, #1862, .F. ) ;
#3812 = CARTESIAN_POINT ( 'NONE',  ( 11.25000000000000178, -9.900000000000002132, -6.200000000000000178 ) ) ;
#3813 = DIRECTION ( 'NONE',  ( 0.000000000000000000, 0.000000000000000000, 1.000000000000000000 ) ) ;
#3814 = PLANE ( 'NONE',  #2156 ) ;
#3815 = EDGE_CURVE ( 'NONE', #20, #2661, #106, .T. ) ;
#3816 = DIRECTION ( 'NONE',  ( 0.000000000000000000, 1.000000000000000000, 0.000000000000000000 ) ) ;
#3817 = CYLINDRICAL_SURFACE ( 'NONE', #4670, 2.354999999999995985 ) ;
#3818 = CARTESIAN_POINT ( 'NONE',  ( 11.25000000000000178, 5.200000000000000178, 6.200000000000000178 ) ) ;
#3819 = ORIENTED_EDGE ( 'NONE', *, *, #1107, .T. ) ;
#3820 = DIRECTION ( 'NONE',  ( -0.000000000000000000, -1.000000000000000000, -0.000000000000000000 ) ) ;
#3821 = ADVANCED_FACE ( 'NONE', ( #4990 ), #1745, .F. ) ;
#3822 = EDGE_CURVE ( 'NONE', #34, #3010, #4552, .T. ) ;
#3823 = DIRECTION ( 'NONE',  ( 0.000000000000000000, 1.000000000000000000, -0.000000000000000000 ) ) ;
#3824 = EDGE_CURVE ( 'NONE', #5176, #5086, #4150, .T. ) ;
#3825 = SURFACE_STYLE_USAGE ( .BOTH. , #2162 ) ;
#3826 = DIRECTION ( 'NONE',  ( 1.000000000000000000, 4.000000000000000286E-17, 0.000000000000000000 ) ) ;
#3827 = DIRECTION ( 'NONE',  ( 0.000000000000000000, 1.000000000000000000, 0.000000000000000000 ) ) ;
#3828 = VERTEX_POINT ( 'NONE', #3003 ) ;
#3829 = CARTESIAN_POINT ( 'NONE',  ( 9.999999999998722799, -109.4041602925917260, 11.00000000000000000 ) ) ;
#3830 = DIRECTION ( 'NONE',  ( -1.000000000000000000, -1.541976423090495387E-16, 0.000000000000000000 ) ) ;
#3831 = ORIENTED_EDGE ( 'NONE', *, *, #1176, .F. ) ;
#3832 = DIRECTION ( 'NONE',  ( 0.000000000000000000, 1.000000000000000000, 0.000000000000000000 ) ) ;
#3833 = ORIENTED_EDGE ( 'NONE', *, *, #4008, .F. ) ;
#3834 = EDGE_CURVE ( 'NONE', #3473, #120, #1420, .T. ) ;
#3835 = EDGE_LOOP ( 'NONE', ( #4730, #1402 ) ) ;
#3836 = EDGE_LOOP ( 'NONE', ( #1292, #1967, #1377, #865 ) ) ;
#3837 = CARTESIAN_POINT ( 'NONE',  ( 5.050000000000006040, 16.10000000000000142, -4.336808689942017736E-16 ) ) ;
#3838 = CARTESIAN_POINT ( 'NONE',  ( -68.85613382467781207, 19.99999999999999645, -15.23371018851364944 ) ) ;
#3839 = DIRECTION ( 'NONE',  ( 0.000000000000000000, 0.000000000000000000, 1.000000000000000000 ) ) ;
#3840 = FACE_OUTER_BOUND ( 'NONE', #3915, .T. ) ;
#3841 = DIRECTION ( 'NONE',  ( 0.000000000000000000, 0.000000000000000000, 1.000000000000000000 ) ) ;
#3842 = CARTESIAN_POINT ( 'NONE',  ( -18.00000000000127187, -82.40416029259172603, 11.00000000000000000 ) ) ;
#3843 = ORIENTED_EDGE ( 'NONE', *, *, #5247, .F. ) ;
#3844 = ORIENTED_EDGE ( 'NONE', *, *, #3276, .F. ) ;
#3845 = ADVANCED_FACE ( 'NONE', ( #1722 ), #485, .F. ) ;
#3846 = DIRECTION ( 'NONE',  ( 0.000000000000000000, -1.000000000000000000, 0.000000000000000000 ) ) ;
#3847 = CIRCLE ( 'NONE', #381, 0.9000000000000014655 ) ;
#3848 = DIRECTION ( 'NONE',  ( 1.000000000000000000, 4.000000000000000286E-17, 0.000000000000000000 ) ) ;
#3849 = CYLINDRICAL_SURFACE ( 'NONE', #4889, 0.9000000000000014655 ) ;
#3850 = VECTOR ( 'NONE', #4574, 1000.000000000000000 ) ;
#3851 = CYLINDRICAL_SURFACE ( 'NONE', #3601, 2.500000000000000000 ) ;
#3852 = EDGE_CURVE ( 'NONE', #1706, #2469, #5173, .T. ) ;
#3853 = CARTESIAN_POINT ( 'NONE',  ( -68.85613382467781207, 28.99999999999999645, -25.23371018851364767 ) ) ;
#3854 = AXIS2_PLACEMENT_3D ( 'NONE', #4413, #2340, #283 ) ;
#3855 = ORIENTED_EDGE ( 'NONE', *, *, #3424, .T. ) ;
#3856 = DIRECTION ( 'NONE',  ( -0.000000000000000000, -0.000000000000000000, -1.000000000000000000 ) ) ;
#3857 = CARTESIAN_POINT ( 'NONE',  ( 4.999999999998723688, -104.4041602925917260, 23.00000000000000000 ) ) ;
#3858 = EDGE_LOOP ( 'NONE', ( #1987, #2687, #5062 ) ) ;
#3859 = LINE ( 'NONE', #146, #2145 ) ;
#3860 = VERTEX_POINT ( 'NONE', #3795 ) ;
#3861 = ORIENTED_EDGE ( 'NONE', *, *, #4419, .T. ) ;
#3862 = PRODUCT_DEFINITION ( 'UNKNOWN', '', #4252, #1758 ) ;
#3863 = VERTEX_POINT ( 'NONE', #3762 ) ;
#3864 = VECTOR ( 'NONE', #2108, 1000.000000000000000 ) ;
#3865 = CARTESIAN_POINT ( 'NONE',  ( -43.85613382467781207, 0.000000000000000000, -25.23371018851364767 ) ) ;
#3866 =( NAMED_UNIT ( * ) PLANE_ANGLE_UNIT ( ) SI_UNIT ( $, .RADIAN. ) );
#3867 = LINE ( 'NONE', #4628, #973 ) ;
#3868 = VECTOR ( 'NONE', #855, 1000.000000000000000 ) ;
#3869 = CIRCLE ( 'NONE', #3345, 2.354999999999995985 ) ;
#3870 = CARTESIAN_POINT ( 'NONE',  ( -2.310000000000000053, -4.001037365484000574, 3.642042833101999832 ) ) ;
#3871 = ORIENTED_EDGE ( 'NONE', *, *, #1560, .F. ) ;
#3872 = ORIENTED_EDGE ( 'NONE', *, *, #4381, .F. ) ;
#3873 = CONICAL_SURFACE ( 'NONE', #2308, 2.500000000000000000, 0.5235987755979999436 ) ;
#3874 = CARTESIAN_POINT ( 'NONE',  ( -47.00000000000127898, -77.40416029259172603, 25.00000000000000000 ) ) ;
#3875 = AXIS2_PLACEMENT_3D ( 'NONE', #5313, #2485, #4935 ) ;
#3876 = DIRECTION ( 'NONE',  ( -1.000000000000000000, 0.000000000000000000, 0.000000000000000000 ) ) ;
#3877 = DIRECTION ( 'NONE',  ( 0.000000000000000000, 0.000000000000000000, -1.000000000000000000 ) ) ;
#3878 = SURFACE_STYLE_FILL_AREA ( #3387 ) ;
#3879 = VECTOR ( 'NONE', #1600, 1000.000000000000000 ) ;
#3880 = CARTESIAN_POINT ( 'NONE',  ( 11.25000000000000000, 11.90000000000000391, -4.336808689942017736E-16 ) ) ;
#3881 = CARTESIAN_POINT ( 'NONE',  ( -68.85613382467781207, 36.00000000000000000, -31.23371018851364767 ) ) ;
#3882 = VERTEX_POINT ( 'NONE', #5072 ) ;
#3883 = ADVANCED_FACE ( 'NONE', ( #51 ), #5018, .T. ) ;
#3884 = CARTESIAN_POINT ( 'NONE',  ( -51.58630331108251710, 27.39100454069374635, -13.92128511292229831 ) ) ;
#3885 = EDGE_LOOP ( 'NONE', ( #3339, #4197 ) ) ;
#3886 = VECTOR ( 'NONE', #2169, 1000.000000000000000 ) ;
#3887 = FACE_BOUND ( 'NONE', #2747, .T. ) ;
#3888 = VERTEX_POINT ( 'NONE', #4208 ) ;
#3889 = EDGE_CURVE ( 'NONE', #1495, #4825, #2481, .T. ) ;
#3890 = EDGE_CURVE ( 'NONE', #4839, #5082, #3694, .T. ) ;
#3891 = VECTOR ( 'NONE', #2441, 1000.000000000000000 ) ;
#3892 = UNCERTAINTY_MEASURE_WITH_UNIT (LENGTH_MEASURE( 1.000000000000000082E-05 ), #5074, 'distance_accuracy_value', 'NONE');
#3893 = ORIENTED_EDGE ( 'NONE', *, *, #1311, .T. ) ;
#3894 = DIRECTION ( 'NONE',  ( 0.000000000000000000, 0.000000000000000000, 1.000000000000000000 ) ) ;
#3895 = VECTOR ( 'NONE', #1863, 1000.000000000000000 ) ;
#3896 =( NAMED_UNIT ( * ) SI_UNIT ( $, .STERADIAN. ) SOLID_ANGLE_UNIT ( ) );
#3897 = DIRECTION ( 'NONE',  ( -1.000000000000000000, -0.000000000000000000, -0.000000000000000000 ) ) ;
#3898 = CARTESIAN_POINT ( 'NONE',  ( -30.00000000000128253, -102.0491602925917221, 5.000000000000000000 ) ) ;
#3899 = VERTEX_POINT ( 'NONE', #4363 ) ;
#3900 = ADVANCED_FACE ( 'NONE', ( #634 ), #4265, .F. ) ;
#3901 = ORIENTED_EDGE ( 'NONE', *, *, #5318, .T. ) ;
#3902 = DIRECTION ( 'NONE',  ( 0.000000000000000000, 1.000000000000000000, -0.000000000000000000 ) ) ;
#3903 = DIRECTION ( 'NONE',  ( 0.000000000000000000, 1.000000000000000000, 0.000000000000000000 ) ) ;
#3904 = CARTESIAN_POINT ( 'NONE',  ( -43.85613382467781207, 11.00000000000000000, -31.23371018851364767 ) ) ;
#3905 = DIRECTION ( 'NONE',  ( -0.000000000000000000, -0.000000000000000000, -1.000000000000000000 ) ) ;
#3906 = CARTESIAN_POINT ( 'NONE',  ( 9.999999999998722799, -109.4041602925917260, 11.00000000000000000 ) ) ;
#3907 = EDGE_CURVE ( 'NONE', #2798, #4577, #4907, .T. ) ;
#3908 = DIRECTION ( 'NONE',  ( 0.000000000000000000, -1.000000000000000000, 0.000000000000000000 ) ) ;
#3909 = VERTEX_POINT ( 'NONE', #2294 ) ;
#3910 = CARTESIAN_POINT ( 'NONE',  ( -51.39101787718821157, 27.45405936551314952, -14.38999761879287220 ) ) ;
#3911 = ORIENTED_EDGE ( 'NONE', *, *, #3159, .F. ) ;
#3912 = EDGE_CURVE ( 'NONE', #3667, #2302, #239, .T. ) ;
#3913 = DIRECTION ( 'NONE',  ( -0.8232127859153058891, -0.5677329558036602331, 0.000000000000000000 ) ) ;
#3914 = ORIENTED_EDGE ( 'NONE', *, *, #1206, .F. ) ;
#3915 = EDGE_LOOP ( 'NONE', ( #745, #2230, #1836, #554 ) ) ;
#3916 = CARTESIAN_POINT ( 'NONE',  ( 4.999999999998723688, -104.4041602925917260, 23.00000000000000000 ) ) ;
#3917 = EDGE_CURVE ( 'NONE', #2583, #2251, #185, .T. ) ;
#3918 = DIRECTION ( 'NONE',  ( 0.000000000000000000, 0.000000000000000000, 1.000000000000000000 ) ) ;
#3919 = SHAPE_REPRESENTATION_RELATIONSHIP ( 'NONE' , 'NONE' ,  #1398, #1588 ) ;
#3920 = LINE ( 'NONE', #1296, #562 ) ;
#3921 = ORIENTED_EDGE ( 'NONE', *, *, #1907, .T. ) ;
#3922 = ORIENTED_EDGE ( 'NONE', *, *, #747, .F. ) ;
#3923 = DIRECTION ( 'NONE',  ( -1.000000000000000000, 0.000000000000000000, 0.000000000000000000 ) ) ;
#3924 = CARTESIAN_POINT ( 'NONE',  ( -30.00000000000128253, -104.4041602925917260, 23.00000000000000000 ) ) ;
#3925 = AXIS2_PLACEMENT_3D ( 'NONE', #2802, #2727, #347 ) ;
#3926 = CARTESIAN_POINT ( 'NONE',  ( -4.620000000000000107, 1.780000000000000130E-15, 0.000000000000000000 ) ) ;
#3927 = DIRECTION ( 'NONE',  ( 0.000000000000000000, 1.000000000000000000, -0.000000000000000000 ) ) ;
#3928 = PLANE ( 'NONE',  #1774 ) ;
#3929 = CIRCLE ( 'NONE', #796, 6.200000000000001066 ) ;
#3930 = DIRECTION ( 'NONE',  ( -1.000000000000000000, 1.457750820148577635E-16, 0.000000000000000000 ) ) ;
#3931 = AXIS2_PLACEMENT_3D ( 'NONE', #3569, #2345, #5227 ) ;
#3932 = EDGE_LOOP ( 'NONE', ( #3558, #4989, #4093, #3962 ) ) ;
#3933 = CARTESIAN_POINT ( 'NONE',  ( -53.68551619877624859, 27.03491293478461444, -17.83371018851364909 ) ) ;
#3934 = ORIENTED_EDGE ( 'NONE', *, *, #2868, .F. ) ;
#3935 = VECTOR ( 'NONE', #4024, 1000.000000000000000 ) ;
#3936 = CARTESIAN_POINT ( 'NONE',  ( 7.499999999998722799, -109.4041602925917260, 17.90000000000000213 ) ) ;
#3937 = EDGE_LOOP ( 'NONE', ( #5282, #2972, #1039, #4455 ) ) ;
#3938 = CIRCLE ( 'NONE', #478, 2.355000000000002203 ) ;
#3939 = DIRECTION ( 'NONE',  ( 0.000000000000000000, -1.000000000000000000, 0.000000000000000000 ) ) ;
#3940 = EDGE_CURVE ( 'NONE', #3949, #2842, #1380, .T. ) ;
#3941 = ORIENTED_EDGE ( 'NONE', *, *, #1234, .F. ) ;
#3942 = DIRECTION ( 'NONE',  ( 1.000000000000000000, 0.000000000000000000, 0.000000000000000000 ) ) ;
#3943 = LINE ( 'NONE', #3098, #933 ) ;
#3944 = DIRECTION ( 'NONE',  ( 1.047444401652940007E-14, -1.000000000000000000, 0.000000000000000000 ) ) ;
#3945 = CARTESIAN_POINT ( 'NONE',  ( 0.000000000000000000, 0.000000000000000000, 3.601628314258999985 ) ) ;
#3946 = EDGE_CURVE ( 'NONE', #3036, #2895, #565, .T. ) ;
#3947 = AXIS2_PLACEMENT_3D ( 'NONE', #5053, #3062, #1017 ) ;
#3948 = ORIENTED_EDGE ( 'NONE', *, *, #143, .F. ) ;
#3949 = VERTEX_POINT ( 'NONE', #3053 ) ;
#3950 = CARTESIAN_POINT ( 'NONE',  ( 0.000000000000000000, 10.99999999999999645, 0.000000000000000000 ) ) ;
#3951 = DIRECTION ( 'NONE',  ( -0.000000000000000000, -0.000000000000000000, -1.000000000000000000 ) ) ;
#3952 = EDGE_CURVE ( 'NONE', #4138, #3426, #2570, .T. ) ;
#3953 = AXIS2_PLACEMENT_3D ( 'NONE', #2329, #3087, #5157 ) ;
#3954 = VECTOR ( 'NONE', #3184, 1000.000000000000000 ) ;
#3955 = CARTESIAN_POINT ( 'NONE',  ( 0.000000000000000000, 0.000000000000000000, 0.000000000000000000 ) ) ;
#3956 = EDGE_CURVE ( 'NONE', #1681, #4408, #1462, .T. ) ;
#3957 = DIRECTION ( 'NONE',  ( 0.000000000000000000, 0.000000000000000000, 1.000000000000000000 ) ) ;
#3958 = ADVANCED_FACE ( 'NONE', ( #3543, #541 ), #590, .F. ) ;
#3959 = DIRECTION ( 'NONE',  ( 0.000000000000000000, 0.000000000000000000, 1.000000000000000000 ) ) ;
#3960 = CIRCLE ( 'NONE', #1604, 2.500000000000002220 ) ;
#3961 = PLANE ( 'NONE',  #3265 ) ;
#3962 = ORIENTED_EDGE ( 'NONE', *, *, #5127, .T. ) ;
#3963 = VECTOR ( 'NONE', #511, 1000.000000000000000 ) ;
#3964 = AXIS2_PLACEMENT_3D ( 'NONE', #408, #2049, #29 ) ;
#3965 = CARTESIAN_POINT ( 'NONE',  ( -20.50000000000127187, -82.40416029259172603, 17.90000000000000213 ) ) ;
#3966 = ORIENTED_EDGE ( 'NONE', *, *, #5106, .F. ) ;
#3967 = ADVANCED_FACE ( 'NONE', ( #5205 ), #3873, .F. ) ;
#3968 = VECTOR ( 'NONE', #3572, 1000.000000000000000 ) ;
#3969 = DIRECTION ( 'NONE',  ( -0.000000000000000000, -0.000000000000000000, -1.000000000000000000 ) ) ;
#3970 = ORIENTED_EDGE ( 'NONE', *, *, #3176, .F. ) ;
#3971 = DIRECTION ( 'NONE',  ( -0.4999999999997411515, -9.876766004258122304E-17, 0.8660254037845881436 ) ) ;
#3972 = ORIENTED_EDGE ( 'NONE', *, *, #3424, .F. ) ;
#3973 = CARTESIAN_POINT ( 'NONE',  ( -56.32132509851487612, 27.45408310431773558, -14.39014571417453681 ) ) ;
#3974 = APPLICATION_PROTOCOL_DEFINITION ( 'draft international standard', 'automotive_design', 1998, #636 ) ;
#3975 = VECTOR ( 'NONE', #3832, 1000.000000000000000 ) ;
#3976 = DIRECTION ( 'NONE',  ( 0.000000000000000000, 0.000000000000000000, 1.000000000000000000 ) ) ;
#3977 = VERTEX_POINT ( 'NONE', #5178 ) ;
#3978 = ORIENTED_EDGE ( 'NONE', *, *, #365, .F. ) ;
#3979 = VECTOR ( 'NONE', #1645, 1000.000000000000000 ) ;
#3980 = CARTESIAN_POINT ( 'NONE',  ( 5.050000000000006040, 18.95000000000000284, -4.336808689942017736E-16 ) ) ;
#3981 = CARTESIAN_POINT ( 'NONE',  ( -38.85613382467781207, 19.99999999999999645, -15.23371018851364944 ) ) ;
#3982 = EDGE_CURVE ( 'NONE', #5273, #4577, #1355, .T. ) ;
#3983 = FACE_OUTER_BOUND ( 'NONE', #4333, .T. ) ;
#3984 = DIRECTION ( 'NONE',  ( 1.000000000000000000, 0.000000000000000000, 0.000000000000000000 ) ) ;
#3985 = CARTESIAN_POINT ( 'NONE',  ( -38.85613382467781207, 19.99999999999999645, -15.23371018851364944 ) ) ;
#3986 = CARTESIAN_POINT ( 'NONE',  ( 0.000000000000000000, 0.000000000000000000, 28.00000000000000000 ) ) ;
#3987 = EDGE_CURVE ( 'NONE', #2649, #4210, #1825, .T. ) ;
#3988 = EDGE_LOOP ( 'NONE', ( #1037, #2933 ) ) ;
#3989 = CARTESIAN_POINT ( 'NONE',  ( -16.05000000000000071, 7.599999999999998757, 6.200000000000000178 ) ) ;
#3990 = EDGE_LOOP ( 'NONE', ( #4704, #3191, #3914, #2500, #5035, #412 ) ) ;
#3991 = DIRECTION ( 'NONE',  ( -1.000000000000000000, -0.000000000000000000, -0.000000000000000000 ) ) ;
#3992 = EDGE_LOOP ( 'NONE', ( #3843, #1616, #2342, #5051 ) ) ;
#3993 = LINE ( 'NONE', #1533, #3427 ) ;
#3994 = ORIENTED_EDGE ( 'NONE', *, *, #4261, .F. ) ;
#3995 = CARTESIAN_POINT ( 'NONE',  ( -54.02670841679272939, 27.03491293478462865, -17.83371018851365974 ) ) ;
#3996 = ITEM_DEFINED_TRANSFORMATION ( 'NONE', 'NONE', #3285,  #3630 ) ;
#3997 = CARTESIAN_POINT ( 'NONE',  ( -49.35613382467781207, 28.99999999999999645, 0.7662898114863467836 ) ) ;
#3998 = EDGE_CURVE ( 'NONE', #1353, #184, #2626, .T. ) ;
#3999 = CARTESIAN_POINT ( 'NONE',  ( 16.05000000000000071, 5.200000000000002842, 0.5750000000000017319 ) ) ;
#4000 = ORIENTED_EDGE ( 'NONE', *, *, #1651, .F. ) ;
#4001 = ORIENTED_EDGE ( 'NONE', *, *, #564, .F. ) ;
#4002 = CARTESIAN_POINT ( 'NONE',  ( -35.00000000000127898, -82.40416029259172603, 5.000000000000000000 ) ) ;
#4003 = DIRECTION ( 'NONE',  ( 1.000000000000000000, 0.000000000000000000, 0.000000000000000000 ) ) ;
#4004 = DIRECTION ( 'NONE',  ( 1.000000000000000000, -0.000000000000000000, -0.000000000000000000 ) ) ;
#4005 = DIRECTION ( 'NONE',  ( -0.000000000000000000, -1.000000000000000000, -0.000000000000000000 ) ) ;
#4006 = DIRECTION ( 'NONE',  ( 0.000000000000000000, -0.000000000000000000, 1.000000000000000000 ) ) ;
#4007 = VERTEX_POINT ( 'NONE', #2268 ) ;
#4008 = EDGE_CURVE ( 'NONE', #3534, #773, #1336, .T. ) ;
#4009 = CIRCLE ( 'NONE', #3745, 0.9000000000000014655 ) ;
#4010 = CARTESIAN_POINT ( 'NONE',  ( 2.310000000000000053, -4.001037365484000574, 0.000000000000000000 ) ) ;
#4011 = ORIENTED_EDGE ( 'NONE', *, *, #7, .T. ) ;
#4012 = CARTESIAN_POINT ( 'NONE',  ( -30.00000000000128253, -77.40416029259172603, 0.000000000000000000 ) ) ;
#4013 = EDGE_CURVE ( 'NONE', #4972, #4911, #4742, .T. ) ;
#4014 = VERTEX_POINT ( 'NONE', #3511 ) ;
#4015 = LINE ( 'NONE', #719, #2757 ) ;
#4016 = ORIENTED_EDGE ( 'NONE', *, *, #2431, .F. ) ;
#4017 = LINE ( 'NONE', #305, #1942 ) ;
#4018 = VECTOR ( 'NONE', #4932, 1000.000000000000000 ) ;
#4019 = EDGE_LOOP ( 'NONE', ( #1767, #1064, #798, #5234 ) ) ;
#4020 = DIRECTION ( 'NONE',  ( 0.000000000000000000, 0.000000000000000000, -1.000000000000000000 ) ) ;
#4021 = SHAPE_DEFINITION_REPRESENTATION ( #3790, #1398 ) ;
#4022 = VECTOR ( 'NONE', #3770, 1000.000000000000000 ) ;
#4023 = DIRECTION ( 'NONE',  ( -1.000000000000000000, 0.000000000000000000, 0.000000000000000000 ) ) ;
#4024 = DIRECTION ( 'NONE',  ( -1.000000000000000000, -0.000000000000000000, -0.000000000000000000 ) ) ;
#4025 = PRODUCT_RELATED_PRODUCT_CATEGORY ( 'part', '', ( #3444 ) ) ;
#4026 = VERTEX_POINT ( 'NONE', #1436 ) ;
#4027 = VERTEX_POINT ( 'NONE', #3105 ) ;
#4028 = FACE_OUTER_BOUND ( 'NONE', #2341, .T. ) ;
#4029 = DIRECTION ( 'NONE',  ( 0.8660254037843290176, 0.5000000000001900702, 0.000000000000000000 ) ) ;
#4030 = DIRECTION ( 'NONE',  ( 3.614007241618349757E-16, 1.000000000000000000, -0.000000000000000000 ) ) ;
#4031 = DIRECTION ( 'NONE',  ( -0.000000000000000000, 1.000000000000000000, -0.000000000000000000 ) ) ;
#4032 = FACE_OUTER_BOUND ( 'NONE', #970, .T. ) ;
#4033 = ORIENTED_EDGE ( 'NONE', *, *, #4688, .F. ) ;
#4034 = CARTESIAN_POINT ( 'NONE',  ( -30.00000000000128253, -104.4041602925917260, 23.00000000000000000 ) ) ;
#4035 = VECTOR ( 'NONE', #1832, 1000.000000000000000 ) ;
#4036 = EDGE_LOOP ( 'NONE', ( #3189, #3685, #3386, #2148 ) ) ;
#4037 = VECTOR ( 'NONE', #1601, 1000.000000000000000 ) ;
#4038 = VECTOR ( 'NONE', #4693, 1000.000000000000000 ) ;
#4039 = DIRECTION ( 'NONE',  ( -1.000000000000000000, 3.083952846180990281E-16, 0.000000000000000000 ) ) ;
#4040 = ORIENTED_EDGE ( 'NONE', *, *, #2289, .F. ) ;
#4041 = DIRECTION ( 'NONE',  ( 0.000000000000000000, 1.000000000000000000, -0.000000000000000000 ) ) ;
#4042 = CIRCLE ( 'NONE', #5088, 0.8749999999999998890 ) ;
#4043 = DIRECTION ( 'NONE',  ( 0.000000000000000000, 1.000000000000000000, -0.000000000000000000 ) ) ;
#4044 = CIRCLE ( 'NONE', #4908, 2.500000000000000888 ) ;
#4045 = EDGE_CURVE ( 'NONE', #2314, #4676, #4767, .T. ) ;
#4046 = ORIENTED_EDGE ( 'NONE', *, *, #649, .F. ) ;
#4047 = DIRECTION ( 'NONE',  ( -1.000000000000000000, 3.614007241618349757E-16, 1.757105317124067965E-16 ) ) ;
#4048 = AXIS2_PLACEMENT_3D ( 'NONE', #1791, #5169, #5092 ) ;
#4049 = VERTEX_POINT ( 'NONE', #4465 ) ;
#4050 = ADVANCED_FACE ( 'NONE', ( #370 ), #1250, .T. ) ;
#4051 = CARTESIAN_POINT ( 'NONE',  ( -56.43884892213760907, 27.49395920000731408, -15.57810696887768565 ) ) ;
#4052 = SHAPE_DEFINITION_REPRESENTATION ( #3396, #2111 ) ;
#4053 = EDGE_CURVE ( 'NONE', #4911, #1394, #314, .T. ) ;
#4054 = DIRECTION ( 'NONE',  ( 0.000000000000000000, 0.000000000000000000, 1.000000000000000000 ) ) ;
#4055 = CARTESIAN_POINT ( 'NONE',  ( 7.499999999998722799, -109.4041602925917260, 16.10000000000000142 ) ) ;
#4056 = ORIENTED_EDGE ( 'NONE', *, *, #2431, .T. ) ;
#4057 = ORIENTED_EDGE ( 'NONE', *, *, #2317, .F. ) ;
#4058 = LINE ( 'NONE', #2831, #4037 ) ;
#4059 = VECTOR ( 'NONE', #172, 1000.000000000000000 ) ;
#4060 = CARTESIAN_POINT ( 'NONE',  ( -4.620000000000000107, 1.780000000000000130E-15, 0.000000000000000000 ) ) ;
#4061 = FACE_OUTER_BOUND ( 'NONE', #915, .T. ) ;
#4062 = DIRECTION ( 'NONE',  ( -0.000000000000000000, 1.000000000000000000, -0.000000000000000000 ) ) ;
#4063 = AXIS2_PLACEMENT_3D ( 'NONE', #5150, #662, #3054 ) ;
#4064 = DIRECTION ( 'NONE',  ( 1.000000000000000000, -3.614007241618349264E-16, 0.000000000000000000 ) ) ;
#4065 = VERTEX_POINT ( 'NONE', #4929 ) ;
#4066 = CARTESIAN_POINT ( 'NONE',  ( -13.65000000000001279, 7.599999999999995204, 3.469446951953613794E-15 ) ) ;
#4067 = VERTEX_POINT ( 'NONE', #5284 ) ;
#4068 = EDGE_CURVE ( 'NONE', #2591, #1486, #5261, .T. ) ;
#4069 = CARTESIAN_POINT ( 'NONE',  ( -13.65000000000001279, 7.599999999999995204, -1.299999999999997158 ) ) ;
#4070 = DIRECTION ( 'NONE',  ( -1.000000000000000000, 0.000000000000000000, 0.000000000000000000 ) ) ;
#4071 = VERTEX_POINT ( 'NONE', #3646 ) ;
#4072 = LINE ( 'NONE', #4508, #2732 ) ;
#4073 = CARTESIAN_POINT ( 'NONE',  ( 4.999999999998723688, -104.4041602925917260, 23.00000000000000000 ) ) ;
#4074 = ORIENTED_EDGE ( 'NONE', *, *, #2284, .T. ) ;
#4075 = CARTESIAN_POINT ( 'NONE',  ( 3.061616997868383141E-16, 50.00000000000000000, 2.500000000000000000 ) ) ;
#4076 = ORIENTED_EDGE ( 'NONE', *, *, #2705, .T. ) ;
#4077 = EDGE_CURVE ( 'NONE', #4952, #1721, #4042, .T. ) ;
#4078 = FACE_OUTER_BOUND ( 'NONE', #105, .T. ) ;
#4079 = DIRECTION ( 'NONE',  ( -3.614007241618349757E-16, -1.000000000000000000, 0.000000000000000000 ) ) ;
#4080 = CARTESIAN_POINT ( 'NONE',  ( -3.758567531283077042E-15, 5.199999999999992184, 6.200000000000000178 ) ) ;
#4081 = ORIENTED_EDGE ( 'NONE', *, *, #2806, .F. ) ;
#4082 = ADVANCED_FACE ( 'NONE', ( #5308, #660 ), #4495, .T. ) ;
#4083 = VERTEX_POINT ( 'NONE', #2343 ) ;
#4084 = CARTESIAN_POINT ( 'NONE',  ( -16.05000000000000071, 5.199999999999999289, -0.5749999999999947375 ) ) ;
#4085 = CARTESIAN_POINT ( 'NONE',  ( -43.85613382467781207, 36.00000000000000000, -25.23371018851364767 ) ) ;
#4086 = CARTESIAN_POINT ( 'NONE',  ( 11.25000000000000178, -9.900000000000002132, 0.000000000000000000 ) ) ;
#4087 = DIRECTION ( 'NONE',  ( 0.000000000000000000, 0.000000000000000000, 1.000000000000000000 ) ) ;
#4088 = DIRECTION ( 'NONE',  ( 0.000000000000000000, -1.000000000000000000, -0.000000000000000000 ) ) ;
#4089 = EDGE_CURVE ( 'NONE', #3677, #3029, #4058, .T. ) ;
#4090 = DIRECTION ( 'NONE',  ( -0.000000000000000000, -0.000000000000000000, -1.000000000000000000 ) ) ;
#4091 = EDGE_LOOP ( 'NONE', ( #1115, #5298, #3922, #484, #325, #1460, #2638, #949 ) ) ;
#4092 = DIRECTION ( 'NONE',  ( 0.000000000000000000, -0.000000000000000000, -1.000000000000000000 ) ) ;
#4093 = ORIENTED_EDGE ( 'NONE', *, *, #4513, .F. ) ;
#4094 = CARTESIAN_POINT ( 'NONE',  ( 0.000000000000000000, 10.99999999999999645, 0.000000000000000000 ) ) ;
#4095 = CARTESIAN_POINT ( 'NONE',  ( 9.999999999998722799, -109.4041602925917260, 0.000000000000000000 ) ) ;
#4096 = EDGE_LOOP ( 'NONE', ( #1404, #552, #547, #2969 ) ) ;
#4097 = DIRECTION ( 'NONE',  ( 0.000000000000000000, 0.000000000000000000, 1.000000000000000000 ) ) ;
#4098 = DIRECTION ( 'NONE',  ( -0.000000000000000000, 1.000000000000000000, -0.000000000000000000 ) ) ;
#4099 = AXIS2_PLACEMENT_3D ( 'NONE', #1408, #4343, #3848 ) ;
#4100 = ORIENTED_EDGE ( 'NONE', *, *, #605, .T. ) ;
#4101 = CARTESIAN_POINT ( 'NONE',  ( -38.85613382467781207, 6.000000000000000000, -6.733710188513656547 ) ) ;
#4102 = ORIENTED_EDGE ( 'NONE', *, *, #1399, .F. ) ;
#4103 = VECTOR ( 'NONE', #2777, 1000.000000000000000 ) ;
#4104 = CARTESIAN_POINT ( 'NONE',  ( -43.85613382467781207, 0.000000000000000000, -31.23371018851364767 ) ) ;
#4105 = DIRECTION ( 'NONE',  ( 0.000000000000000000, 0.000000000000000000, 1.000000000000000000 ) ) ;
#4106 = VECTOR ( 'NONE', #3323, 1000.000000000000000 ) ;
#4107 = UNCERTAINTY_MEASURE_WITH_UNIT (LENGTH_MEASURE( 1.000000000000000082E-05 ), #755, 'distance_accuracy_value', 'NONE');
#4108 = EDGE_LOOP ( 'NONE', ( #4527, #997 ) ) ;
#4109 = EDGE_LOOP ( 'NONE', ( #1798, #4074, #3948, #4773 ) ) ;
#4110 = CARTESIAN_POINT ( 'NONE',  ( 13.65000000000000568, 7.599999999999995204, -3.851859888774471706E-31 ) ) ;
#4111 = AXIS2_PLACEMENT_3D ( 'NONE', #2611, #5078, #1338 ) ;
#4112 = DIRECTION ( 'NONE',  ( -1.000000000000000000, 4.336808689942018229E-16, -0.000000000000000000 ) ) ;
#4113 = FACE_OUTER_BOUND ( 'NONE', #3013, .T. ) ;
#4114 = EDGE_CURVE ( 'NONE', #4447, #683, #2424, .T. ) ;
#4115 = CARTESIAN_POINT ( 'NONE',  ( -38.85613382467781207, 10.99999999999999645, 0.7662898114863467836 ) ) ;
#4116 = CARTESIAN_POINT ( 'NONE',  ( 9.999999999998724576, -82.40416029259174024, 5.000000000000000000 ) ) ;
#4117 = DIRECTION ( 'NONE',  ( 0.000000000000000000, 1.000000000000000000, -0.000000000000000000 ) ) ;
#4118 = VERTEX_POINT ( 'NONE', #345 ) ;
#4119 = CARTESIAN_POINT ( 'NONE',  ( 11.25000000000000178, -9.900000000000002132, 6.200000000000000178 ) ) ;
#4120 = EDGE_CURVE ( 'NONE', #4071, #4911, #3150, .T. ) ;
#4121 = LINE ( 'NONE', #407, #5056 ) ;
#4122 = CYLINDRICAL_SURFACE ( 'NONE', #3964, 0.8749999999999998890 ) ;
#4123 = DIRECTION ( 'NONE',  ( 1.000000000000000000, 0.000000000000000000, 0.000000000000000000 ) ) ;
#4124 = VECTOR ( 'NONE', #4456, 1000.000000000000000 ) ;
#4125 = ORIENTED_EDGE ( 'NONE', *, *, #2081, .F. ) ;
#4126 = PLANE ( 'NONE',  #3160 ) ;
#4127 = CARTESIAN_POINT ( 'NONE',  ( -2.310000000000000053, -4.001037365484000574, 0.3579571668980000010 ) ) ;
#4128 = VERTEX_POINT ( 'NONE', #4085 ) ;
#4129 = VECTOR ( 'NONE', #462, 1000.000000000000000 ) ;
#4130 = CIRCLE ( 'NONE', #4649, 0.9000000000000014655 ) ;
#4131 = DIRECTION ( 'NONE',  ( 0.000000000000000000, 0.000000000000000000, 1.000000000000000000 ) ) ;
#4132 = EDGE_CURVE ( 'NONE', #4437, #3631, #3591, .T. ) ;
#4133 = EDGE_LOOP ( 'NONE', ( #4605, #1997 ) ) ;
#4134 = AXIS2_PLACEMENT_3D ( 'NONE', #1008, #3902, #4716 ) ;
#4135 = VECTOR ( 'NONE', #1687, 1000.000000000000000 ) ;
#4136 = CARTESIAN_POINT ( 'NONE',  ( -11.25000000000000533, -11.10000000000000142, -6.200000000000000178 ) ) ;
#4137 = ADVANCED_BREP_SHAPE_REPRESENTATION ( '', ( #5041, #3630 ), #3809 ) ;
#4138 = VERTEX_POINT ( 'NONE', #1081 ) ;
#4139 = AXIS2_PLACEMENT_3D ( 'NONE', #4624, #3701, #1237 ) ;
#4140 = EDGE_CURVE ( 'NONE', #1711, #4065, #3350, .T. ) ;
#4141 = ORIENTED_EDGE ( 'NONE', *, *, #1879, .T. ) ;
#4142 = ORIENTED_EDGE ( 'NONE', *, *, #3222, .T. ) ;
#4143 = FACE_OUTER_BOUND ( 'NONE', #419, .T. ) ;
#4144 = DIRECTION ( 'NONE',  ( -1.000000000000000000, 0.000000000000000000, 0.000000000000000000 ) ) ;
#4145 = CARTESIAN_POINT ( 'NONE',  ( -63.85613382467780497, 0.000000000000000000, -31.23371018851364767 ) ) ;
#4146 =( NAMED_UNIT ( * ) SI_UNIT ( $, .STERADIAN. ) SOLID_ANGLE_UNIT ( ) );
#4147 = LINE ( 'NONE', #1607, #4653 ) ;
#4148 = ORIENTED_EDGE ( 'NONE', *, *, #2718, .F. ) ;
#4149 = EDGE_CURVE ( 'NONE', #4118, #1264, #2725, .T. ) ;
#4150 = LINE ( 'NONE', #4579, #733 ) ;
#4151 = DIRECTION ( 'NONE',  ( 0.000000000000000000, -1.000000000000000000, 0.000000000000000000 ) ) ;
#4152 = VECTOR ( 'NONE', #421, 1000.000000000000000 ) ;
#4153 = DIRECTION ( 'NONE',  ( 0.000000000000000000, 1.000000000000000000, 0.000000000000000000 ) ) ;
#4154 = CARTESIAN_POINT ( 'NONE',  ( 14.99999999999872280, -106.7591602925917442, 5.000000000000000000 ) ) ;
#4155 = ORIENTED_EDGE ( 'NONE', *, *, #4973, .F. ) ;
#4156 = EDGE_CURVE ( 'NONE', #4408, #620, #5225, .T. ) ;
#4157 = CARTESIAN_POINT ( 'NONE',  ( 2.729999999999999982, 0.000000000000000000, 0.000000000000000000 ) ) ;
#4158 = CIRCLE ( 'NONE', #1444, 2.500000000000000888 ) ;
#4159 = CARTESIAN_POINT ( 'NONE',  ( 19.98999999999872657, -93.40416029259172603, 28.00000000000000000 ) ) ;
#4160 = ORIENTED_EDGE ( 'NONE', *, *, #4979, .F. ) ;
#4161 = AXIS2_PLACEMENT_3D ( 'NONE', #1840, #179, #4785 ) ;
#4162 = CARTESIAN_POINT ( 'NONE',  ( 5.050000000000006040, 16.10000000000000142, -6.200000000000001066 ) ) ;
#4163 = EDGE_CURVE ( 'NONE', #3860, #5055, #2393, .T. ) ;
#4164 = VERTEX_POINT ( 'NONE', #286 ) ;
#4165 = DIRECTION ( 'NONE',  ( 0.000000000000000000, 0.000000000000000000, 1.000000000000000000 ) ) ;
#4166 = ORIENTED_EDGE ( 'NONE', *, *, #4869, .F. ) ;
#4167 = UNCERTAINTY_MEASURE_WITH_UNIT (LENGTH_MEASURE( 1.000000000000000082E-05 ), #1959, 'distance_accuracy_value', 'NONE');
#4168 = ORIENTED_EDGE ( 'NONE', *, *, #4918, .T. ) ;
#4169 = ORIENTED_EDGE ( 'NONE', *, *, #298, .F. ) ;
#4170 = CARTESIAN_POINT ( 'NONE',  ( 26.99999999999873879, -82.40416029259175446, 5.000000000000000000 ) ) ;
#4171 = DIRECTION ( 'NONE',  ( -1.000000000000000000, 1.900000000000000059E-16, 0.000000000000000000 ) ) ;
#4172 = SHAPE_REPRESENTATION ( 'M5Nut', ( #3630 ), #89 ) ;
#4173 = CARTESIAN_POINT ( 'NONE',  ( 4.620000000000000107, 0.000000000000000000, 0.3579571668980000010 ) ) ;
#4174 = CARTESIAN_POINT ( 'NONE',  ( 4.620000000000000107, 0.000000000000000000, 3.642042833101999832 ) ) ;
#4175 = DIRECTION ( 'NONE',  ( 0.000000000000000000, 1.000000000000000000, 0.000000000000000000 ) ) ;
#4176 = FACE_OUTER_BOUND ( 'NONE', #270, .T. ) ;
#4177 = ORIENTED_EDGE ( 'NONE', *, *, #464, .T. ) ;
#4178 = DIRECTION ( 'NONE',  ( 0.000000000000000000, 0.000000000000000000, -1.000000000000000000 ) ) ;
#4179 = VERTEX_POINT ( 'NONE', #5253 ) ;
#4180 = CARTESIAN_POINT ( 'NONE',  ( 13.65000000000000568, 7.599999999999995204, 1.300000000000000488 ) ) ;
#4181 = EDGE_CURVE ( 'NONE', #4353, #3899, #1517, .T. ) ;
#4182 = CARTESIAN_POINT ( 'NONE',  ( -14.81592238163611519, 7.599999999999995204, -0.5749999999999962919 ) ) ;
#4183 = CARTESIAN_POINT ( 'NONE',  ( 9.999999999998724576, -77.40416029259172603, 11.00000000000000000 ) ) ;
#4184 = FILL_AREA_STYLE_COLOUR ( '', #2152 ) ;
#4185 = VERTEX_POINT ( 'NONE', #2773 ) ;
#4186 = LINE ( 'NONE', #3666, #215 ) ;
#4187 = EDGE_CURVE ( 'NONE', #2055, #31, #4439, .T. ) ;
#4188 = DIRECTION ( 'NONE',  ( -0.000000000000000000, -0.000000000000000000, -1.000000000000000000 ) ) ;
#4189 = ORIENTED_EDGE ( 'NONE', *, *, #3379, .T. ) ;
#4190 = CIRCLE ( 'NONE', #4705, 2.355000000000002203 ) ;
#4191 = ADVANCED_FACE ( 'NONE', ( #4028 ), #4867, .T. ) ;
#4192 = DIRECTION ( 'NONE',  ( -1.457750820148577635E-16, -1.000000000000000000, 0.000000000000000000 ) ) ;
#4193 = EDGE_LOOP ( 'NONE', ( #3018, #1312, #1389, #2290 ) ) ;
#4194 = ADVANCED_FACE ( 'NONE', ( #2448 ), #3753, .F. ) ;
#4195 = VECTOR ( 'NONE', #4870, 1000.000000000000000 ) ;
#4196 = VERTEX_POINT ( 'NONE', #4598 ) ;
#4197 = ORIENTED_EDGE ( 'NONE', *, *, #180, .F. ) ;
#4198 = DIRECTION ( 'NONE',  ( 0.000000000000000000, 0.000000000000000000, 1.000000000000000000 ) ) ;
#4199 = DIRECTION ( 'NONE',  ( -0.000000000000000000, 1.000000000000000000, -0.000000000000000000 ) ) ;
#4200 =( NAMED_UNIT ( * ) SI_UNIT ( $, .STERADIAN. ) SOLID_ANGLE_UNIT ( ) );
#4201 = CIRCLE ( 'NONE', #3578, 0.9000000000000014655 ) ;
#4202 = CARTESIAN_POINT ( 'NONE',  ( 0.000000000000000000, 0.000000000000000000, 0.3983716857409999590 ) ) ;
#4203 = CARTESIAN_POINT ( 'NONE',  ( -30.00000000000128253, -104.4041602925917260, 11.00000000000000000 ) ) ;
#4204 = DIRECTION ( 'NONE',  ( -0.000000000000000000, 0.000000000000000000, 1.000000000000000000 ) ) ;
#4205 = ORIENTED_EDGE ( 'NONE', *, *, #3205, .F. ) ;
#4206 = AXIS2_PLACEMENT_3D ( 'NONE', #2826, #858, #759 ) ;
#4207 =( BOUNDED_CURVE ( )  B_SPLINE_CURVE ( 2, ( #263, #2681, #2652 ),
 .UNSPECIFIED., .F., .F. ) 
 B_SPLINE_CURVE_WITH_KNOTS ( ( 3, 3 ),
 ( 0.000000000000000000, 1.000000000000000000 ),
 .UNSPECIFIED. ) 
 CURVE ( )  GEOMETRIC_REPRESENTATION_ITEM ( )  RATIONAL_B_SPLINE_CURVE ( ( 1.000000000000000000, 1.154700538379126007, 1.000000000000000000 ) ) 
 REPRESENTATION_ITEM ( '' )  );
#4208 = CARTESIAN_POINT ( 'NONE',  ( -4.000000000000000000, -1.476659754737288475E-15, 4.000000000000000000 ) ) ;
#4209 = VECTOR ( 'NONE', #4638, 1000.000000000000000 ) ;
#4210 = VERTEX_POINT ( 'NONE', #3402 ) ;
#4211 = CARTESIAN_POINT ( 'NONE',  ( -63.85613382467780497, 10.99999999999999645, -31.23371018851364767 ) ) ;
#4212 = DIRECTION ( 'NONE',  ( 1.000000000000000000, -5.421010862427522786E-17, 0.000000000000000000 ) ) ;
#4213 = LINE ( 'NONE', #4967, #1331 ) ;
#4214 = CYLINDRICAL_SURFACE ( 'NONE', #2410, 1.300000000000000488 ) ;
#4215 = ORIENTED_EDGE ( 'NONE', *, *, #1206, .T. ) ;
#4216 = DIRECTION ( 'NONE',  ( 0.000000000000000000, 0.000000000000000000, -1.000000000000000000 ) ) ;
#4217 = VECTOR ( 'NONE', #4479, 1000.000000000000000 ) ;
#4218 = CARTESIAN_POINT ( 'NONE',  ( -18.00000000000127187, -82.40416029259172603, 23.00000000000000000 ) ) ;
#4219 = EDGE_LOOP ( 'NONE', ( #4227, #948, #3142, #1551 ) ) ;
#4220 = EDGE_CURVE ( 'NONE', #342, #3089, #2067, .T. ) ;
#4221 = CIRCLE ( 'NONE', #4665, 1.300000000000000711 ) ;
#4222 = CYLINDRICAL_SURFACE ( 'NONE', #167, 1.300000000000000488 ) ;
#4223 = VERTEX_POINT ( 'NONE', #4229 ) ;
#4224 = VECTOR ( 'NONE', #3734, 1000.000000000000000 ) ;
#4225 = EDGE_LOOP ( 'NONE', ( #72, #379, #2139, #2785 ) ) ;
#4226 = EDGE_CURVE ( 'NONE', #459, #4118, #479, .T. ) ;
#4227 = ORIENTED_EDGE ( 'NONE', *, *, #4053, .F. ) ;
#4228 = EDGE_CURVE ( 'NONE', #1809, #147, #867, .T. ) ;
#4229 = CARTESIAN_POINT ( 'NONE',  ( 3.061616997868383141E-16, 0.000000000000000000, 2.500000000000000000 ) ) ;
#4230 = DIRECTION ( 'NONE',  ( 0.000000000000000000, 0.000000000000000000, 1.000000000000000000 ) ) ;
#4231 = CIRCLE ( 'NONE', #1425, 0.9000000000000014655 ) ;
#4232 = VECTOR ( 'NONE', #5145, 1000.000000000000000 ) ;
#4233 = FACE_OUTER_BOUND ( 'NONE', #5216, .T. ) ;
#4234 = CARTESIAN_POINT ( 'NONE',  ( -39.99000000000127386, -93.40416029259172603, 28.00000000000000000 ) ) ;
#4235 = LINE ( 'NONE', #3818, #3004 ) ;
#4236 = EDGE_LOOP ( 'NONE', ( #152, #671, #3760, #3941 ) ) ;
#4237 = EDGE_CURVE ( 'NONE', #1912, #852, #46, .T. ) ;
#4238 = CARTESIAN_POINT ( 'NONE',  ( 0.000000000000000000, 0.000000000000000000, 0.3983716857409999590 ) ) ;
#4239 = CARTESIAN_POINT ( 'NONE',  ( 19.98999999999872657, -93.40416029259172603, 28.00000000000000000 ) ) ;
#4240 = CARTESIAN_POINT ( 'NONE',  ( 16.05000000000000071, 0.000000000000000000, 6.200000000000000178 ) ) ;
#4241 = PLANE ( 'NONE',  #2566 ) ;
#4242 = DIRECTION ( 'NONE',  ( 0.000000000000000000, 0.000000000000000000, 1.000000000000000000 ) ) ;
#4243 = AXIS2_PLACEMENT_3D ( 'NONE', #2286, #2672, #4306 ) ;
#4244 = EDGE_CURVE ( 'NONE', #2165, #1525, #4231, .T. ) ;
#4245 = ORIENTED_EDGE ( 'NONE', *, *, #5266, .F. ) ;
#4246 = CARTESIAN_POINT ( 'NONE',  ( -63.85613382467780497, 28.99999999999999645, -31.23371018851364767 ) ) ;
#4247 = CARTESIAN_POINT ( 'NONE',  ( -1.834951943477689764E-15, 11.90000000000000391, -6.200000000000000178 ) ) ;
#4248 = VECTOR ( 'NONE', #674, 1000.000000000000000 ) ;
#4249 = EDGE_LOOP ( 'NONE', ( #255, #4998, #3565, #4277 ) ) ;
#4250 = DIRECTION ( 'NONE',  ( -0.000000000000000000, -1.000000000000000000, -0.000000000000000000 ) ) ;
#4251 = ORIENTED_EDGE ( 'NONE', *, *, #2119, .T. ) ;
#4252 = PRODUCT_DEFINITION_FORMATION_WITH_SPECIFIED_SOURCE ( 'ANY', '', #4662, .NOT_KNOWN. ) ;
#4253 = EDGE_CURVE ( 'NONE', #4027, #2742, #3321, .T. ) ;
#4254 = ORIENTED_EDGE ( 'NONE', *, *, #4588, .T. ) ;
#4255 = ORIENTED_EDGE ( 'NONE', *, *, #5232, .T. ) ;
#4256 = CARTESIAN_POINT ( 'NONE',  ( 3.626107977437559970, -15.15785656728445652, 1.875000000000000888 ) ) ;
#4257 = CYLINDRICAL_SURFACE ( 'NONE', #5272, 2.900000000000000799 ) ;
#4258 =( LENGTH_UNIT ( ) NAMED_UNIT ( * ) SI_UNIT ( .MILLI., .METRE. ) );
#4259 = CARTESIAN_POINT ( 'NONE',  ( 0.000000000000000000, 0.000000000000000000, 4.000000000000000000 ) ) ;
#4260 = CYLINDRICAL_SURFACE ( 'NONE', #2467, 2.500000000000002220 ) ;
#4261 = EDGE_CURVE ( 'NONE', #4353, #376, #2536, .T. ) ;
#4262 = CARTESIAN_POINT ( 'NONE',  ( -0.6499999999999931388, 11.90000000000000391, 2.917592839829852490E-16 ) ) ;
#4263 = ORIENTED_EDGE ( 'NONE', *, *, #1435, .F. ) ;
#4264 = ORIENTED_EDGE ( 'NONE', *, *, #3246, .T. ) ;
#4265 = PLANE ( 'NONE',  #995 ) ;
#4266 = DIRECTION ( 'NONE',  ( 0.000000000000000000, 0.000000000000000000, -1.000000000000000000 ) ) ;
#4267 = CARTESIAN_POINT ( 'NONE',  ( -16.05000000000000071, 0.000000000000000000, 6.200000000000000178 ) ) ;
#4268 = DIRECTION ( 'NONE',  ( -1.000000000000000000, -0.000000000000000000, -0.000000000000000000 ) ) ;
#4269 = FACE_OUTER_BOUND ( 'NONE', #678, .T. ) ;
#4270 = ORIENTED_EDGE ( 'NONE', *, *, #2068, .F. ) ;
#4271 = DIRECTION ( 'NONE',  ( 0.000000000000000000, -0.000000000000000000, -1.000000000000000000 ) ) ;
#4272 = DIRECTION ( 'NONE',  ( -0.000000000000000000, -1.000000000000000000, -0.000000000000000000 ) ) ;
#4273 = VERTEX_POINT ( 'NONE', #3784 ) ;
#4274 = CYLINDRICAL_SURFACE ( 'NONE', #5192, 2.425000000000000266 ) ;
#4275 = ORIENTED_EDGE ( 'NONE', *, *, #3781, .F. ) ;
#4276 = ORIENTED_EDGE ( 'NONE', *, *, #4114, .F. ) ;
#4277 = ORIENTED_EDGE ( 'NONE', *, *, #3048, .F. ) ;
#4278 = LINE ( 'NONE', #3916, #5184 ) ;
#4279 = DIRECTION ( 'NONE',  ( -1.000000000000000000, -0.000000000000000000, -0.000000000000000000 ) ) ;
#4280 = CIRCLE ( 'NONE', #1917, 2.355000000000002203 ) ;
#4281 = VECTOR ( 'NONE', #3877, 1000.000000000000000 ) ;
#4282 = DIRECTION ( 'NONE',  ( 0.000000000000000000, 1.000000000000000000, 0.000000000000000000 ) ) ;
#4283 = CYLINDRICAL_SURFACE ( 'NONE', #1501, 2.499999999999995115 ) ;
#4284 = DIRECTION ( 'NONE',  ( 0.000000000000000000, 1.000000000000000000, 0.000000000000000000 ) ) ;
#4285 = ORIENTED_EDGE ( 'NONE', *, *, #437, .T. ) ;
#4286 = ORIENTED_EDGE ( 'NONE', *, *, #3852, .F. ) ;
#4287 = DIRECTION ( 'NONE',  ( -0.000000000000000000, 1.000000000000000000, -0.000000000000000000 ) ) ;
#4288 = PRESENTATION_LAYER_ASSIGNMENT (  '', '', ( #2450 ) ) ;
#4289 = EDGE_CURVE ( 'NONE', #2055, #631, #4983, .T. ) ;
#4290 = CARTESIAN_POINT ( 'NONE',  ( 9.999999999998724576, -82.40416029259174024, 5.000000000000000000 ) ) ;
#4291 = CARTESIAN_POINT ( 'NONE',  ( 7.499999999998722799, -109.4041602925917260, 17.00000000000000000 ) ) ;
#4292 = CARTESIAN_POINT ( 'NONE',  ( 9.999999999998724576, -104.4041602925917402, 5.000000000000000000 ) ) ;
#4293 = EDGE_CURVE ( 'NONE', #120, #3158, #1188, .T. ) ;
#4294 = LINE ( 'NONE', #269, #2033 ) ;
#4295 = VECTOR ( 'NONE', #2166, 1000.000000000000000 ) ;
#4296 = ADVANCED_FACE ( 'NONE', ( #896 ), #2563, .F. ) ;
#4297 = ORIENTED_EDGE ( 'NONE', *, *, #4045, .F. ) ;
#4298 = DIRECTION ( 'NONE',  ( -0.000000000000000000, 1.000000000000000000, 0.000000000000000000 ) ) ;
#4299 = ORIENTED_EDGE ( 'NONE', *, *, #1176, .T. ) ;
#4300 = LINE ( 'NONE', #1021, #1526 ) ;
#4301 = ORIENTED_EDGE ( 'NONE', *, *, #2846, .F. ) ;
#4302 = EDGE_CURVE ( 'NONE', #4380, #2476, #396, .T. ) ;
#4303 = ORIENTED_EDGE ( 'NONE', *, *, #390, .F. ) ;
#4304 = CIRCLE ( 'NONE', #2383, 6.200000000000001066 ) ;
#4305 = DIRECTION ( 'NONE',  ( -1.000000000000000000, 0.000000000000000000, 0.000000000000000000 ) ) ;
#4306 = DIRECTION ( 'NONE',  ( 0.000000000000000000, 0.000000000000000000, 1.000000000000000000 ) ) ;
#4307 = EDGE_CURVE ( 'NONE', #1062, #1340, #3702, .T. ) ;
#4308 = CARTESIAN_POINT ( 'NONE',  ( 26.99999999999873879, -79.90416029259175446, 5.000000000000000000 ) ) ;
#4309 = VECTOR ( 'NONE', #2706, 1000.000000000000000 ) ;
#4310 = AXIS2_PLACEMENT_3D ( 'NONE', #1614, #4555, #411 ) ;
#4311 = DIRECTION ( 'NONE',  ( -1.000000000000000000, 0.000000000000000000, 0.000000000000000000 ) ) ;
#4312 = ORIENTED_EDGE ( 'NONE', *, *, #1638, .F. ) ;
#4313 = ORIENTED_EDGE ( 'NONE', *, *, #5054, .T. ) ;
#4314 = VECTOR ( 'NONE', #3820, 1000.000000000000000 ) ;
#4315 = DIRECTION ( 'NONE',  ( 0.000000000000000000, -1.000000000000000000, 0.000000000000000000 ) ) ;
#4316 = AXIS2_PLACEMENT_3D ( 'NONE', #182, #610, #1822 ) ;
#4317 = DIRECTION ( 'NONE',  ( 0.000000000000000000, 0.000000000000000000, -1.000000000000000000 ) ) ;
#4318 = DIRECTION ( 'NONE',  ( -0.000000000000000000, -0.000000000000000000, 1.000000000000000000 ) ) ;
#4319 = DIRECTION ( 'NONE',  ( 0.000000000000000000, 0.000000000000000000, 1.000000000000000000 ) ) ;
#4320 = CIRCLE ( 'NONE', #1956, 2.425000000000000266 ) ;
#4321 = FACE_OUTER_BOUND ( 'NONE', #2064, .T. ) ;
#4322 = ADVANCED_FACE ( 'NONE', ( #811 ), #2479, .F. ) ;
#4323 = CYLINDRICAL_SURFACE ( 'NONE', #1504, 2.500000000000000888 ) ;
#4324 = ORIENTED_EDGE ( 'NONE', *, *, #232, .T. ) ;
#4325 = CARTESIAN_POINT ( 'NONE',  ( 11.25000000000000178, -9.900000000000002132, 3.300000000000001599 ) ) ;
#4326 = EDGE_CURVE ( 'NONE', #4766, #252, #3017, .T. ) ;
#4327 = ORIENTED_EDGE ( 'NONE', *, *, #3712, .F. ) ;
#4328 = CIRCLE ( 'NONE', #4836, 2.425000000000000266 ) ;
#4329 = LINE ( 'NONE', #3500, #334 ) ;
#4330 = ORIENTED_EDGE ( 'NONE', *, *, #3014, .F. ) ;
#4331 = ADVANCED_FACE ( 'NONE', ( #2912 ), #4572, .F. ) ;
#4332 = VECTOR ( 'NONE', #3951, 1000.000000000000000 ) ;
#4333 = EDGE_LOOP ( 'NONE', ( #444, #1007, #4011, #2445 ) ) ;
#4334 = FILL_AREA_STYLE ('',( #1428 ) ) ;
#4335 = CARTESIAN_POINT ( 'NONE',  ( 1.879283765641538915E-15, 5.199999999999993072, 6.200000000000000178 ) ) ;
#4336 = AXIS2_PLACEMENT_3D ( 'NONE', #3505, #1820, #5171 ) ;
#4337 = CARTESIAN_POINT ( 'NONE',  ( 9.999999999998724576, -102.0491602925917363, 5.000000000000000000 ) ) ;
#4338 = PLANE ( 'NONE',  #4316 ) ;
#4339 = ORIENTED_EDGE ( 'NONE', *, *, #1119, .T. ) ;
#4340 = ORIENTED_EDGE ( 'NONE', *, *, #4855, .F. ) ;
#4341 = DIRECTION ( 'NONE',  ( -0.000000000000000000, -0.000000000000000000, -1.000000000000000000 ) ) ;
#4342 = FACE_OUTER_BOUND ( 'NONE', #3400, .T. ) ;
#4343 = DIRECTION ( 'NONE',  ( 0.000000000000000000, 0.000000000000000000, 1.000000000000000000 ) ) ;
#4344 = CARTESIAN_POINT ( 'NONE',  ( 5.050000000000006040, 16.10000000000000142, -4.336808689942017736E-16 ) ) ;
#4345 = DIRECTION ( 'NONE',  ( 0.000000000000000000, 0.000000000000000000, 1.000000000000000000 ) ) ;
#4346 = PLANE ( 'NONE',  #921 ) ;
#4347 = ORIENTED_EDGE ( 'NONE', *, *, #5215, .F. ) ;
#4348 = FACE_OUTER_BOUND ( 'NONE', #174, .T. ) ;
#4349 = ORIENTED_EDGE ( 'NONE', *, *, #3176, .T. ) ;
#4350 = CARTESIAN_POINT ( 'NONE',  ( -11.25000000000000178, 7.599999999999998757, -6.200000000000000178 ) ) ;
#4351 = ADVANCED_FACE ( 'NONE', ( #3349 ), #452, .F. ) ;
#4352 = ORIENTED_EDGE ( 'NONE', *, *, #3741, .T. ) ;
#4353 = VERTEX_POINT ( 'NONE', #230 ) ;
#4354 = DIRECTION ( 'NONE',  ( 0.000000000000000000, 0.000000000000000000, 1.000000000000000000 ) ) ;
#4355 = APPLICATION_CONTEXT ( 'automotive_design' ) ;
#4356 = ADVANCED_FACE ( 'NONE', ( #5170 ), #1348, .F. ) ;
#4357 = DIRECTION ( 'NONE',  ( 0.000000000000000000, 0.000000000000000000, -1.000000000000000000 ) ) ;
#4358 = EDGE_CURVE ( 'NONE', #2165, #3792, #3943, .T. ) ;
#4359 = CARTESIAN_POINT ( 'NONE',  ( -13.65000000000001279, -11.90100000000000513, 3.469446951953613794E-15 ) ) ;
#4360 = PRODUCT_DEFINITION_SHAPE ( 'NONE', 'NONE',  #1858 ) ;
#4361 = VERTEX_POINT ( 'NONE', #2174 ) ;
#4362 = VERTEX_POINT ( 'NONE', #3459 ) ;
#4363 = CARTESIAN_POINT ( 'NONE',  ( -68.85613382467781207, 10.99999999999999645, -25.23371018851364767 ) ) ;
#4364 = CARTESIAN_POINT ( 'NONE',  ( 0.000000000000000000, 0.000000000000000000, 0.3579571668980000010 ) ) ;
#4365 = LINE ( 'NONE', #1083, #210 ) ;
#4366 = ADVANCED_FACE ( 'NONE', ( #1025 ), #4257, .F. ) ;
#4367 = CARTESIAN_POINT ( 'NONE',  ( 2.310000000000000053, -4.001037365484000574, 0.3579571668980000010 ) ) ;
#4368 = CYLINDRICAL_SURFACE ( 'NONE', #2304, 7.499999999999999112 ) ;
#4369 = MECHANICAL_DESIGN_GEOMETRIC_PRESENTATION_REPRESENTATION (  '', ( #4621 ), #3663 ) ;
#4370 = DIRECTION ( 'NONE',  ( 0.000000000000000000, 0.000000000000000000, 1.000000000000000000 ) ) ;
#4371 = VECTOR ( 'NONE', #318, 1000.000000000000000 ) ;
#4372 = EDGE_LOOP ( 'NONE', ( #4299, #3742, #3342, #4141 ) ) ;
#4373 = CARTESIAN_POINT ( 'NONE',  ( -2.310000000000000053, -4.001037365484000574, 0.000000000000000000 ) ) ;
#4374 = ORIENTED_EDGE ( 'NONE', *, *, #5152, .T. ) ;
#4375 = VECTOR ( 'NONE', #3404, 1000.000000000000000 ) ;
#4376 =( BOUNDED_CURVE ( )  B_SPLINE_CURVE ( 2, ( #4367, #638, #2297 ),
 .UNSPECIFIED., .F., .F. ) 
 B_SPLINE_CURVE_WITH_KNOTS ( ( 3, 3 ),
 ( 0.000000000000000000, 1.000000000000000000 ),
 .UNSPECIFIED. ) 
 CURVE ( )  GEOMETRIC_REPRESENTATION_ITEM ( )  RATIONAL_B_SPLINE_CURVE ( ( 1.000000000000000000, 1.154700538379263897, 1.000000000000000000 ) ) 
 REPRESENTATION_ITEM ( '' )  );
#4377 = CARTESIAN_POINT ( 'NONE',  ( -38.85613382467781207, 6.000000000000000000, -4.233710188513654771 ) ) ;
#4378 = ORIENTED_EDGE ( 'NONE', *, *, #571, .T. ) ;
#4379 = LINE ( 'NONE', #749, #4897 ) ;
#4380 = VERTEX_POINT ( 'NONE', #203 ) ;
#4381 = EDGE_CURVE ( 'NONE', #1721, #4952, #4671, .T. ) ;
#4382 = LINE ( 'NONE', #4887, #5108 ) ;
#4383 = DIRECTION ( 'NONE',  ( 1.000000000000000000, 0.000000000000000000, 0.000000000000000000 ) ) ;
#4384 = CARTESIAN_POINT ( 'NONE',  ( 14.99999999999872280, -77.40416029259172603, 25.00000000000000000 ) ) ;
#4385 = EDGE_CURVE ( 'NONE', #4128, #4083, #1839, .T. ) ;
#4386 = AXIS2_PLACEMENT_3D ( 'NONE', #1673, #1177, #2527 ) ;
#4387 = ORIENTED_EDGE ( 'NONE', *, *, #2292, .F. ) ;
#4388 = EDGE_CURVE ( 'NONE', #561, #151, #533, .T. ) ;
#4389 = ORIENTED_EDGE ( 'NONE', *, *, #2248, .F. ) ;
#4390 = CARTESIAN_POINT ( 'NONE',  ( -0.6499999999999931388, 16.10000000000000142, 2.917592839829852490E-16 ) ) ;
#4391 = DIRECTION ( 'NONE',  ( 0.000000000000000000, -0.000000000000000000, 1.000000000000000000 ) ) ;
#4392 = AXIS2_PLACEMENT_3D ( 'NONE', #2136, #5024, #1280 ) ;
#4393 = VECTOR ( 'NONE', #1061, 1000.000000000000000 ) ;
#4394 = FACE_OUTER_BOUND ( 'NONE', #801, .T. ) ;
#4395 = DIRECTION ( 'NONE',  ( 0.000000000000000000, 0.000000000000000000, 1.000000000000000000 ) ) ;
#4396 = DIRECTION ( 'NONE',  ( -1.000000000000000000, -0.000000000000000000, -0.000000000000000000 ) ) ;
#4397 = AXIS2_PLACEMENT_3D ( 'NONE', #3486, #5148, #1405 ) ;
#4398 = VECTOR ( 'NONE', #3241, 1000.000000000000000 ) ;
#4399 = LINE ( 'NONE', #1412, #3250 ) ;
#4400 = ORIENTED_EDGE ( 'NONE', *, *, #112, .F. ) ;
#4401 = AXIS2_PLACEMENT_3D ( 'NONE', #2535, #1655, #3319 ) ;
#4402 = CARTESIAN_POINT ( 'NONE',  ( -3.464999999999447855, 2.000518682742966625, 4.308882394016994688 ) ) ;
#4403 = ORIENTED_EDGE ( 'NONE', *, *, #4444, .F. ) ;
#4404 = EDGE_CURVE ( 'NONE', #5008, #2278, #493, .T. ) ;
#4405 = CARTESIAN_POINT ( 'NONE',  ( -43.85613382467781207, 11.00000000000000000, -31.23371018851364767 ) ) ;
#4406 = ORIENTED_EDGE ( 'NONE', *, *, #4749, .F. ) ;
#4407 = CARTESIAN_POINT ( 'NONE',  ( -68.85613382467781207, 0.000000000000000000, -31.23371018851364767 ) ) ;
#4408 = VERTEX_POINT ( 'NONE', #5064 ) ;
#4409 = CARTESIAN_POINT ( 'NONE',  ( -55.57491724768667751, 27.24091974104743130, -13.27560427549308919 ) ) ;
#4410 = PRODUCT_CONTEXT ( 'NONE', #636, 'mechanical' ) ;
#4411 = AXIS2_PLACEMENT_3D ( 'NONE', #178, #1819, #3479 ) ;
#4412 = EDGE_CURVE ( 'NONE', #4118, #2365, #2646, .T. ) ;
#4413 = CARTESIAN_POINT ( 'NONE',  ( 0.000000000000000000, 0.000000000000000000, 0.000000000000000000 ) ) ;
#4414 = ORIENTED_EDGE ( 'NONE', *, *, #1818, .T. ) ;
#4415 = ORIENTED_EDGE ( 'NONE', *, *, #2718, .T. ) ;
#4416 = CIRCLE ( 'NONE', #2330, 2.600000000000003197 ) ;
#4417 = DIRECTION ( 'NONE',  ( 0.000000000000000000, 0.000000000000000000, 1.000000000000000000 ) ) ;
#4418 = DIRECTION ( 'NONE',  ( -0.000000000000000000, 1.000000000000000000, -0.000000000000000000 ) ) ;
#4419 = EDGE_CURVE ( 'NONE', #4361, #2013, #3052, .T. ) ;
#4420 = PLANE ( 'NONE',  #1665 ) ;
#4421 = EDGE_CURVE ( 'NONE', #4680, #2814, #3538, .T. ) ;
#4422 = CARTESIAN_POINT ( 'NONE',  ( -0.6499999999999931388, 16.10000000000000142, 2.917592839829852490E-16 ) ) ;
#4423 = CARTESIAN_POINT ( 'NONE',  ( 0.000000000000000000, -9.900000000000002132, -1.874999999999999112 ) ) ;
#4424 = CARTESIAN_POINT ( 'NONE',  ( 14.99999999999872280, -109.4041602925917260, 25.00000000000000000 ) ) ;
#4425 = ORIENTED_EDGE ( 'NONE', *, *, #344, .T. ) ;
#4426 = CARTESIAN_POINT ( 'NONE',  ( -4.620000000000000107, -7.799999999999999581E-14, 3.642042833101999832 ) ) ;
#4427 = ORIENTED_EDGE ( 'NONE', *, *, #3311, .F. ) ;
#4428 = CARTESIAN_POINT ( 'NONE',  ( -47.00000000000128608, -109.4041602925917260, 0.000000000000000000 ) ) ;
#4429 = ORIENTED_EDGE ( 'NONE', *, *, #1907, .F. ) ;
#4430 = DIRECTION ( 'NONE',  ( 1.000000000000000000, 0.000000000000000000, 0.000000000000000000 ) ) ;
#4431 = ORIENTED_EDGE ( 'NONE', *, *, #5020, .T. ) ;
#4432 = CARTESIAN_POINT ( 'NONE',  ( -54.19937837581691298, 27.04131604589129267, -12.65085752618425019 ) ) ;
#4433 = VECTOR ( 'NONE', #1741, 1000.000000000000000 ) ;
#4434 = CONTEXT_DEPENDENT_SHAPE_REPRESENTATION ( #367, #4787 ) ;
#4435 = DIRECTION ( 'NONE',  ( -1.000000000000000000, 0.000000000000000000, -1.757105317124067718E-16 ) ) ;
#4436 = CARTESIAN_POINT ( 'NONE',  ( -11.25000000000000533, -11.10000000000000142, 0.000000000000000000 ) ) ;
#4437 = VERTEX_POINT ( 'NONE', #972 ) ;
#4438 = ORIENTED_EDGE ( 'NONE', *, *, #2224, .F. ) ;
#4439 = LINE ( 'NONE', #706, #916 ) ;
#4440 = DIRECTION ( 'NONE',  ( 0.000000000000000000, 0.000000000000000000, 1.000000000000000000 ) ) ;
#4441 = CARTESIAN_POINT ( 'NONE',  ( 0.000000000000000000, 0.000000000000000000, 11.00000000000000000 ) ) ;
#4442 = DIRECTION ( 'NONE',  ( 0.000000000000000000, 0.000000000000000000, -1.000000000000000000 ) ) ;
#4443 = LINE ( 'NONE', #2346, #1070 ) ;
#4444 = EDGE_CURVE ( 'NONE', #2671, #1901, #5017, .T. ) ;
#4445 = CLOSED_SHELL ( 'NONE', ( #3021, #2584, #5121, #753, #413, #665, #3883, #918, #1309, #2454, #2138, #4796, #2688, #4650, #1680, #5239, #4356, #2620, #2009, #3398, #1227, #268, #4191, #1242, #398, #4322, #45, #3506, #4780, #5140, #4750, #3354, #4641, #5354, #1441, #3720, #1013, #4366, #4677, #3821, #12, #3207, #3620, #352, #2490, #304, #2019, #3673, #4844, #4774, #4754, #4807, #1324, #3336 ) ) ;
#4446 = FACE_BOUND ( 'NONE', #2988, .T. ) ;
#4447 = VERTEX_POINT ( 'NONE', #557 ) ;
#4448 = LINE ( 'NONE', #3989, #4217 ) ;
#4449 = EDGE_CURVE ( 'NONE', #1637, #147, #4708, .T. ) ;
#4450 = ORIENTED_EDGE ( 'NONE', *, *, #1304, .T. ) ;
#4451 = ADVANCED_FACE ( 'NONE', ( #950 ), #3045, .F. ) ;
#4452 = DIRECTION ( 'NONE',  ( 0.000000000000000000, 0.000000000000000000, 1.000000000000000000 ) ) ;
#4453 = CARTESIAN_POINT ( 'NONE',  ( 0.000000000000000000, -9.900000000000002132, 0.000000000000000000 ) ) ;
#4454 = VECTOR ( 'NONE', #1, 1000.000000000000000 ) ;
#4455 = ORIENTED_EDGE ( 'NONE', *, *, #160, .F. ) ;
#4456 = DIRECTION ( 'NONE',  ( -1.000000000000000000, 0.000000000000000000, 0.000000000000000000 ) ) ;
#4457 = VECTOR ( 'NONE', #1951, 1000.000000000000000 ) ;
#4458 = VERTEX_POINT ( 'NONE', #2233 ) ;
#4459 = CARTESIAN_POINT ( 'NONE',  ( -43.85613382467781207, 6.000000000000000000, -23.73371018851364411 ) ) ;
#4460 = VECTOR ( 'NONE', #4923, 1000.000000000000000 ) ;
#4461 = FACE_OUTER_BOUND ( 'NONE', #4096, .T. ) ;
#4462 = CARTESIAN_POINT ( 'NONE',  ( 11.25000000000000178, -9.900000000000002132, 1.875000000000000888 ) ) ;
#4463 = ORIENTED_EDGE ( 'NONE', *, *, #232, .F. ) ;
#4464 = ORIENTED_EDGE ( 'NONE', *, *, #3946, .T. ) ;
#4465 = CARTESIAN_POINT ( 'NONE',  ( -18.00000000000127187, -104.4041602925917260, 23.00000000000000000 ) ) ;
#4466 = EDGE_CURVE ( 'NONE', #1895, #1474, #4930, .T. ) ;
#4467 = LINE ( 'NONE', #2398, #3104 ) ;
#4468 = CARTESIAN_POINT ( 'NONE',  ( -63.85613382467780497, 11.00000000000000000, -31.23371018851364767 ) ) ;
#4469 = CARTESIAN_POINT ( 'NONE',  ( 14.81592238163610808, -11.90100000000000513, -0.5749999999999997335 ) ) ;
#4470 = DIRECTION ( 'NONE',  ( -1.000000000000000000, 6.672013369141562259E-16, 8.881784197001249365E-16 ) ) ;
#4471 = ORIENTED_EDGE ( 'NONE', *, *, #4053, .T. ) ;
#4472 = VECTOR ( 'NONE', #2430, 1000.000000000000000 ) ;
#4473 = FACE_OUTER_BOUND ( 'NONE', #2739, .T. ) ;
#4474 = VECTOR ( 'NONE', #575, 1000.000000000000000 ) ;
#4475 = ORIENTED_EDGE ( 'NONE', *, *, #4293, .F. ) ;
#4476 = DIRECTION ( 'NONE',  ( 0.000000000000000000, 0.000000000000000000, 1.000000000000000000 ) ) ;
#4477 = EDGE_CURVE ( 'NONE', #20, #2095, #3070, .T. ) ;
#4478 = AXIS2_PLACEMENT_3D ( 'NONE', #1906, #3571, #4006 ) ;
#4479 = DIRECTION ( 'NONE',  ( -0.000000000000000000, -0.000000000000000000, -1.000000000000000000 ) ) ;
#4480 = ORIENTED_EDGE ( 'NONE', *, *, #4089, .T. ) ;
#4481 = CARTESIAN_POINT ( 'NONE',  ( -30.00000000000128253, -77.40416029259172603, 11.00000000000000000 ) ) ;
#4482 = VECTOR ( 'NONE', #99, 1000.000000000000000 ) ;
#4483 =( NAMED_UNIT ( * ) SI_UNIT ( $, .STERADIAN. ) SOLID_ANGLE_UNIT ( ) );
#4484 = AXIS2_PLACEMENT_3D ( 'NONE', #1298, #104, #1376 ) ;
#4485 = ORIENTED_EDGE ( 'NONE', *, *, #953, .F. ) ;
#4486 = EDGE_CURVE ( 'NONE', #4067, #2666, #3640, .T. ) ;
#4487 = CARTESIAN_POINT ( 'NONE',  ( -35.00000000000127898, -109.4041602925917260, 25.00000000000000000 ) ) ;
#4488 = AXIS2_PLACEMENT_3D ( 'NONE', #4520, #866, #450 ) ;
#4489 = EDGE_LOOP ( 'NONE', ( #1452, #4285, #3103, #710 ) ) ;
#4490 = CARTESIAN_POINT ( 'NONE',  ( -55.93490668855653070, 27.33193512476898945, -16.83187737440626819 ) ) ;
#4491 = CARTESIAN_POINT ( 'NONE',  ( -35.00000000000127898, -77.40416029259172603, 25.00000000000000000 ) ) ;
#4492 = DIRECTION ( 'NONE',  ( 0.000000000000000000, 0.000000000000000000, 1.000000000000000000 ) ) ;
#4493 = ORIENTED_EDGE ( 'NONE', *, *, #3328, .T. ) ;
#4494 = ORIENTED_EDGE ( 'NONE', *, *, #3458, .T. ) ;
#4495 = PLANE ( 'NONE',  #5003 ) ;
#4496 = PLANE ( 'NONE',  #3026 ) ;
#4497 = LINE ( 'NONE', #2834, #125 ) ;
#4498 = CARTESIAN_POINT ( 'NONE',  ( -11.25000000000000355, 5.199999999999998401, 6.200000000000000178 ) ) ;
#4499 = AXIS2_PLACEMENT_3D ( 'NONE', #3248, #2845, #2437 ) ;
#4500 = DIRECTION ( 'NONE',  ( -0.000000000000000000, -1.000000000000000000, -0.000000000000000000 ) ) ;
#4501 = ORIENTED_EDGE ( 'NONE', *, *, #2161, .T. ) ;
#4502 = FACE_BOUND ( 'NONE', #3590, .T. ) ;
#4503 = AXIS2_PLACEMENT_3D ( 'NONE', #5094, #3839, #4383 ) ;
#4504 = ORIENTED_EDGE ( 'NONE', *, *, #4385, .T. ) ;
#4505 = CARTESIAN_POINT ( 'NONE',  ( 4.999999999998723688, -109.4041602925917260, 11.00000000000000000 ) ) ;
#4506 = DIRECTION ( 'NONE',  ( -5.421010862427522170E-17, -1.000000000000000000, -0.000000000000000000 ) ) ;
#4507 = EDGE_LOOP ( 'NONE', ( #4682, #3, #1117, #4760 ) ) ;
#4508 = CARTESIAN_POINT ( 'NONE',  ( -18.00000000000127187, -109.4041602925917260, 23.00000000000000000 ) ) ;
#4509 = SURFACE_SIDE_STYLE ('',( #3768 ) ) ;
#4510 = ORIENTED_EDGE ( 'NONE', *, *, #1539, .T. ) ;
#4511 = DIRECTION ( 'NONE',  ( -0.000000000000000000, -0.000000000000000000, 1.000000000000000000 ) ) ;
#4512 = ORIENTED_EDGE ( 'NONE', *, *, #5274, .T. ) ;
#4513 = EDGE_CURVE ( 'NONE', #3661, #4854, #4382, .T. ) ;
#4514 = PLANE ( 'NONE',  #1262 ) ;
#4515 = CARTESIAN_POINT ( 'NONE',  ( 11.25000000000000178, 0.000000000000000000, -6.200000000000000178 ) ) ;
#4516 = CARTESIAN_POINT ( 'NONE',  ( 9.999999999998722799, -109.4041602925917260, 11.00000000000000000 ) ) ;
#4517 = VERTEX_POINT ( 'NONE', #3196 ) ;
#4518 = ADVANCED_FACE ( 'NONE', ( #4808 ), #2339, .T. ) ;
#4519 = EDGE_LOOP ( 'NONE', ( #3302, #394 ) ) ;
#4520 = CARTESIAN_POINT ( 'NONE',  ( -0.6499999999999931388, 11.90000000000000391, 2.917592839829852490E-16 ) ) ;
#4521 = EDGE_CURVE ( 'NONE', #1754, #4164, #1480, .T. ) ;
#4522 = DIRECTION ( 'NONE',  ( 1.000000000000000000, 7.228014483236699514E-16, 0.000000000000000000 ) ) ;
#4523 = LINE ( 'NONE', #5338, #4675 ) ;
#4524 = CARTESIAN_POINT ( 'NONE',  ( 9.999999999998724576, -104.4041602925917260, 23.00000000000000000 ) ) ;
#4525 = CARTESIAN_POINT ( 'NONE',  ( -3.464999999999396785, -2.000518682743050114, -0.3088823940169577176 ) ) ;
#4526 = CYLINDRICAL_SURFACE ( 'NONE', #3439, 2.425000000000000266 ) ;
#4527 = ORIENTED_EDGE ( 'NONE', *, *, #1442, .T. ) ;
#4528 = LINE ( 'NONE', #4034, #4472 ) ;
#4529 = EDGE_CURVE ( 'NONE', #4223, #4026, #438, .T. ) ;
#4530 = VERTEX_POINT ( 'NONE', #3225 ) ;
#4531 = DIRECTION ( 'NONE',  ( -0.000000000000000000, -0.000000000000000000, -1.000000000000000000 ) ) ;
#4532 = CARTESIAN_POINT ( 'NONE',  ( -11.25000000000000533, -11.10000000000000142, -3.299999999999996714 ) ) ;
#4533 = ORIENTED_EDGE ( 'NONE', *, *, #3550, .F. ) ;
#4534 = CARTESIAN_POINT ( 'NONE',  ( 2.310000000000000053, -4.001037365484000574, 0.000000000000000000 ) ) ;
#4535 = FACE_OUTER_BOUND ( 'NONE', #1317, .T. ) ;
#4536 = ORIENTED_EDGE ( 'NONE', *, *, #4973, .T. ) ;
#4537 = DIRECTION ( 'NONE',  ( -1.000000000000000000, -0.000000000000000000, -0.000000000000000000 ) ) ;
#4538 = EDGE_LOOP ( 'NONE', ( #4947, #1582, #5141, #2355 ) ) ;
#4539 = MECHANICAL_DESIGN_GEOMETRIC_PRESENTATION_REPRESENTATION (  '', ( #2450 ), #5060 ) ;
#4540 = DIRECTION ( 'NONE',  ( -0.000000000000000000, -1.000000000000000000, -0.000000000000000000 ) ) ;
#4541 = DIRECTION ( 'NONE',  ( -0.000000000000000000, -0.000000000000000000, -1.000000000000000000 ) ) ;
#4542 = ADVANCED_FACE ( 'NONE', ( #4078 ), #701, .T. ) ;
#4543 = ORIENTED_EDGE ( 'NONE', *, *, #2015, .T. ) ;
#4544 = ORIENTED_EDGE ( 'NONE', *, *, #2368, .F. ) ;
#4545 = DIRECTION ( 'NONE',  ( 0.000000000000000000, 1.000000000000000000, 0.000000000000000000 ) ) ;
#4546 = VECTOR ( 'NONE', #3011, 1000.000000000000000 ) ;
#4547 = DIRECTION ( 'NONE',  ( -0.000000000000000000, -1.000000000000000000, -0.000000000000000000 ) ) ;
#4548 = SHAPE_REPRESENTATION ( 'PenPlateGuide', ( #3630 ), #433 ) ;
#4549 = FACE_OUTER_BOUND ( 'NONE', #530, .T. ) ;
#4550 = EDGE_CURVE ( 'NONE', #2937, #1291, #4328, .T. ) ;
#4551 = FACE_OUTER_BOUND ( 'NONE', #3185, .T. ) ;
#4552 = LINE ( 'NONE', #2488, #3520 ) ;
#4553 = PLANE ( 'NONE',  #5315 ) ;
#4554 = CARTESIAN_POINT ( 'NONE',  ( 11.25000000000000178, -9.900000000000002132, 6.200000000000001954 ) ) ;
#4555 = DIRECTION ( 'NONE',  ( 0.000000000000000000, 0.000000000000000000, -1.000000000000000000 ) ) ;
#4556 = ORIENTED_EDGE ( 'NONE', *, *, #623, .T. ) ;
#4557 = CARTESIAN_POINT ( 'NONE',  ( -38.85613382467781207, 0.000000000000000000, -31.23371018851364767 ) ) ;
#4558 = CARTESIAN_POINT ( 'NONE',  ( -68.85613382467781207, 6.000000000000000000, -4.233710188513654771 ) ) ;
#4559 = ORIENTED_EDGE ( 'NONE', *, *, #1744, .F. ) ;
#4560 = CIRCLE ( 'NONE', #2217, 1.300000000000000488 ) ;
#4561 = AXIS2_PLACEMENT_3D ( 'NONE', #2050, #3655, #4607 ) ;
#4562 = CARTESIAN_POINT ( 'NONE',  ( 4.620000000000000107, 0.000000000000000000, 3.642042833101999832 ) ) ;
#4563 = VERTEX_POINT ( 'NONE', #2792 ) ;
#4564 = VECTOR ( 'NONE', #4341, 1000.000000000000000 ) ;
#4565 = VECTOR ( 'NONE', #4686, 1000.000000000000000 ) ;
#4566 = DIRECTION ( 'NONE',  ( 1.000000000000000000, 0.000000000000000000, 0.000000000000000000 ) ) ;
#4567 = VERTEX_POINT ( 'NONE', #3123 ) ;
#4568 = CIRCLE ( 'NONE', #2668, 0.9000000000000014655 ) ;
#4569 = VERTEX_POINT ( 'NONE', #307 ) ;
#4570 = ORIENTED_EDGE ( 'NONE', *, *, #2368, .T. ) ;
#4571 = CYLINDRICAL_SURFACE ( 'NONE', #1702, 2.500000000000002220 ) ;
#4572 = PLANE ( 'NONE',  #3183 ) ;
#4573 = CARTESIAN_POINT ( 'NONE',  ( 26.99999999999872813, -77.40416029259172603, 25.00000000000000000 ) ) ;
#4574 = DIRECTION ( 'NONE',  ( -0.000000000000000000, -0.000000000000000000, 1.000000000000000000 ) ) ;
#4575 = DIRECTION ( 'NONE',  ( -0.000000000000000000, -0.000000000000000000, -1.000000000000000000 ) ) ;
#4576 = CARTESIAN_POINT ( 'NONE',  ( 5.050000000000006040, 18.95000000000000284, 2.424999999999999822 ) ) ;
#4577 = VERTEX_POINT ( 'NONE', #4459 ) ;
#4578 = AXIS2_PLACEMENT_3D ( 'NONE', #3838, #123, #1761 ) ;
#4579 = CARTESIAN_POINT ( 'NONE',  ( -20.50000000000127187, -109.4041602925917260, 17.90000000000000213 ) ) ;
#4580 = EDGE_CURVE ( 'NONE', #684, #720, #5199, .T. ) ;
#4581 = CARTESIAN_POINT ( 'NONE',  ( 9.750000000000000000, -9.900000000000002132, -1.874999999999999112 ) ) ;
#4582 = AXIS2_PLACEMENT_3D ( 'NONE', #3981, #3106, #162 ) ;
#4583 = CARTESIAN_POINT ( 'NONE',  ( 7.499999999998722799, -109.4041602925917260, 17.90000000000000213 ) ) ;
#4584 = DIRECTION ( 'NONE',  ( -0.000000000000000000, -0.000000000000000000, -1.000000000000000000 ) ) ;
#4585 = ORIENTED_EDGE ( 'NONE', *, *, #188, .F. ) ;
#4586 = EDGE_CURVE ( 'NONE', #3193, #874, #2325, .T. ) ;
#4587 = DIRECTION ( 'NONE',  ( -0.000000000000000000, -1.000000000000000000, -0.000000000000000000 ) ) ;
#4588 = EDGE_CURVE ( 'NONE', #3977, #4825, #1677, .T. ) ;
#4589 = CARTESIAN_POINT ( 'NONE',  ( -38.85613382467781207, 6.000000000000000000, -28.73371018851364767 ) ) ;
#4590 = ORIENTED_EDGE ( 'NONE', *, *, #84, .F. ) ;
#4591 = DIRECTION ( 'NONE',  ( 0.000000000000000000, 0.000000000000000000, -1.000000000000000000 ) ) ;
#4592 = EDGE_LOOP ( 'NONE', ( #3599, #4544, #1335, #1020, #2560, #4125 ) ) ;
#4593 = PLANE ( 'NONE',  #1709 ) ;
#4594 = VERTEX_POINT ( 'NONE', #3696 ) ;
#4595 = VERTEX_POINT ( 'NONE', #3774 ) ;
#4596 = ORIENTED_EDGE ( 'NONE', *, *, #70, .F. ) ;
#4597 = CARTESIAN_POINT ( 'NONE',  ( 4.999999999998723688, -104.4041602925917260, 11.00000000000000000 ) ) ;
#4598 = CARTESIAN_POINT ( 'NONE',  ( -38.85613382467781207, 0.000000000000000000, -31.23371018851364767 ) ) ;
#4599 = DIRECTION ( 'NONE',  ( 1.000000000000000000, 0.000000000000000000, 0.000000000000000000 ) ) ;
#4600 = CARTESIAN_POINT ( 'NONE',  ( 9.750000000000000000, -10.93448275862069430, -1.874999999999999112 ) ) ;
#4601 = CARTESIAN_POINT ( 'NONE',  ( 5.050000000000006040, 18.95000000000000284, -4.336808689942017736E-16 ) ) ;
#4602 = CARTESIAN_POINT ( 'NONE',  ( -30.00000000000128253, -77.40416029259172603, 11.00000000000000000 ) ) ;
#4603 = ORIENTED_EDGE ( 'NONE', *, *, #1493, .F. ) ;
#4604 = CARTESIAN_POINT ( 'NONE',  ( 5.050000000000006040, 16.10000000000000142, -4.336808689942017736E-16 ) ) ;
#4605 = ORIENTED_EDGE ( 'NONE', *, *, #2057, .T. ) ;
#4606 = DIRECTION ( 'NONE',  ( -1.000000000000000000, 0.000000000000000000, 0.000000000000000000 ) ) ;
#4607 = DIRECTION ( 'NONE',  ( 0.000000000000000000, 0.000000000000000000, 1.000000000000000000 ) ) ;
#4608 = EDGE_CURVE ( 'NONE', #2200, #2469, #391, .T. ) ;
#4609 = PRODUCT ( 'M5Nut', 'M5Nut', '', ( #5330 ) ) ;
#4610 = CARTESIAN_POINT ( 'NONE',  ( -3.669903886955377951E-15, -11.90000000000000213, 6.200000000000000178 ) ) ;
#4611 = CARTESIAN_POINT ( 'NONE',  ( 9.999999999998724576, -82.40416029259172603, 11.00000000000000000 ) ) ;
#4612 = ORIENTED_EDGE ( 'NONE', *, *, #84, .T. ) ;
#4613 = LINE ( 'NONE', #2856, #3498 ) ;
#4614 = ADVANCED_FACE ( 'NONE', ( #1232, #68, #5005, #2557 ), #3340, .F. ) ;
#4615 = CARTESIAN_POINT ( 'NONE',  ( 26.99999999999872813, -77.40416029259172603, 28.00000000000000000 ) ) ;
#4616 = EDGE_CURVE ( 'NONE', #3725, #1830, #5360, .T. ) ;
#4617 = ORIENTED_EDGE ( 'NONE', *, *, #3556, .F. ) ;
#4618 = AXIS2_PLACEMENT_3D ( 'NONE', #708, #663, #4818 ) ;
#4619 = DIRECTION ( 'NONE',  ( 0.000000000000000000, -1.000000000000000000, 0.000000000000000000 ) ) ;
#4620 = ORIENTED_EDGE ( 'NONE', *, *, #883, .T. ) ;
#4621 = STYLED_ITEM ( 'NONE', ( #109 ), #1258 ) ;
#4622 = ORIENTED_EDGE ( 'NONE', *, *, #13, .T. ) ;
#4623 = ORIENTED_EDGE ( 'NONE', *, *, #4979, .T. ) ;
#4624 = CARTESIAN_POINT ( 'NONE',  ( -53.85613382467781207, 25.99999999999999645, -15.23371018851364944 ) ) ;
#4625 = DIRECTION ( 'NONE',  ( 1.000000000000000000, 1.541976423090495140E-16, 0.000000000000000000 ) ) ;
#4626 = FACE_OUTER_BOUND ( 'NONE', #2507, .T. ) ;
#4627 = AXIS2_PLACEMENT_3D ( 'NONE', #842, #1634, #2122 ) ;
#4628 = CARTESIAN_POINT ( 'NONE',  ( 16.04999999999999005, 5.200000000000002842, -0.5749999999999999556 ) ) ;
#4629 = CARTESIAN_POINT ( 'NONE',  ( -49.35613382467781207, 33.49999999999999289, -5.233710188513652994 ) ) ;
#4630 = APPLICATION_CONTEXT ( 'automotive_design' ) ;
#4631 = DIRECTION ( 'NONE',  ( -0.000000000000000000, -0.000000000000000000, -1.000000000000000000 ) ) ;
#4632 = ORIENTED_EDGE ( 'NONE', *, *, #2633, .T. ) ;
#4633 = AXIS2_PLACEMENT_3D ( 'NONE', #1049, #654, #4810 ) ;
#4634 = ADVANCED_FACE ( 'NONE', ( #3371 ), #3746, .T. ) ;
#4635 = DIRECTION ( 'NONE',  ( -0.000000000000000000, -1.000000000000000000, -0.000000000000000000 ) ) ;
#4636 = AXIS2_PLACEMENT_3D ( 'NONE', #363, #2879, #1626 ) ;
#4637 = VERTEX_POINT ( 'NONE', #4136 ) ;
#4638 = DIRECTION ( 'NONE',  ( -0.000000000000000000, -1.000000000000000000, -0.000000000000000000 ) ) ;
#4639 = CARTESIAN_POINT ( 'NONE',  ( -43.85613382467781207, 10.99999999999999645, -5.233710188513652994 ) ) ;
#4640 = CARTESIAN_POINT ( 'NONE',  ( -68.85613382467781207, 10.99999999999999645, 0.7662898114863467836 ) ) ;
#4641 = ADVANCED_FACE ( 'NONE', ( #1179 ), #4222, .F. ) ;
#4642 = ORIENTED_EDGE ( 'NONE', *, *, #1390, .T. ) ;
#4643 = DIRECTION ( 'NONE',  ( 0.8660254037846397690, 1.732050807569279887E-17, 0.4999999999996517785 ) ) ;
#4644 = AXIS2_PLACEMENT_3D ( 'NONE', #2637, #1731, #914 ) ;
#4645 = CARTESIAN_POINT ( 'NONE',  ( -52.69874833847944018, 27.12778778665275681, -12.89931163795577795 ) ) ;
#4646 = ORIENTED_EDGE ( 'NONE', *, *, #5033, .T. ) ;
#4647 = AXIS2_PLACEMENT_3D ( 'NONE', #1087, #691, #2866 ) ;
#4648 = CARTESIAN_POINT ( 'NONE',  ( -0.6499999999999931388, 11.90000000000000391, -2.799999999999998934 ) ) ;
#4649 = AXIS2_PLACEMENT_3D ( 'NONE', #1991, #30, #3362 ) ;
#4650 = ADVANCED_FACE ( 'NONE', ( #39 ), #4514, .T. ) ;
#4651 = ORIENTED_EDGE ( 'NONE', *, *, #1002, .F. ) ;
#4652 = VECTOR ( 'NONE', #211, 1000.000000000000000 ) ;
#4653 = VECTOR ( 'NONE', #2401, 1000.000000000000000 ) ;
#4654 = EDGE_LOOP ( 'NONE', ( #2306, #4301, #80, #5119, #2386, #4327, #1566, #1587, #2772, #1875 ) ) ;
#4655 = ORIENTED_EDGE ( 'NONE', *, *, #715, .F. ) ;
#4656 =( NAMED_UNIT ( * ) SI_UNIT ( $, .STERADIAN. ) SOLID_ANGLE_UNIT ( ) );
#4657 = CARTESIAN_POINT ( 'NONE',  ( 2.310000000000000053, -4.001037365484000574, 0.3579571668980000010 ) ) ;
#4658 = VECTOR ( 'NONE', #4815, 1000.000000000000000 ) ;
#4659 = CIRCLE ( 'NONE', #4488, 2.799999999999999378 ) ;
#4660 = DIRECTION ( 'NONE',  ( -1.000000000000000000, 0.000000000000000000, 0.000000000000000000 ) ) ;
#4661 = LINE ( 'NONE', #2998, #1621 ) ;
#4662 = PRODUCT ( 'PenPlateGuide', 'PenPlateGuide', '', ( #4888 ) ) ;
#4663 = CARTESIAN_POINT ( 'NONE',  ( 4.999999999998722799, -82.40416029259172603, 11.00000000000000000 ) ) ;
#4664 = ORIENTED_EDGE ( 'NONE', *, *, #5281, .T. ) ;
#4665 = AXIS2_PLACEMENT_3D ( 'NONE', #1775, #2496, #3363 ) ;
#4666 = DIRECTION ( 'NONE',  ( -1.000000000000000000, 0.000000000000000000, 0.000000000000000000 ) ) ;
#4667 = DIRECTION ( 'NONE',  ( 0.000000000000000000, -0.000000000000000000, 1.000000000000000000 ) ) ;
#4668 = CARTESIAN_POINT ( 'NONE',  ( -20.50000000000127187, -104.4041602925917260, 16.10000000000000142 ) ) ;
#4669 = CARTESIAN_POINT ( 'NONE',  ( -13.65000000000001279, 7.599999999999995204, 1.300000000000004041 ) ) ;
#4670 = AXIS2_PLACEMENT_3D ( 'NONE', #843, #1271, #3939 ) ;
#4671 = CIRCLE ( 'NONE', #4243, 0.8749999999999998890 ) ;
#4672 = ORIENTED_EDGE ( 'NONE', *, *, #623, .F. ) ;
#4673 = DIRECTION ( 'NONE',  ( -0.000000000000000000, -0.000000000000000000, -1.000000000000000000 ) ) ;
#4674 = FACE_OUTER_BOUND ( 'NONE', #350, .T. ) ;
#4675 = VECTOR ( 'NONE', #1189, 1000.000000000000000 ) ;
#4676 = VERTEX_POINT ( 'NONE', #3288 ) ;
#4677 = ADVANCED_FACE ( 'NONE', ( #4949 ), #4593, .T. ) ;
#4678 = CARTESIAN_POINT ( 'NONE',  ( -68.85613382467781207, 10.99999999999999645, -25.23371018851364767 ) ) ;
#4679 = ORIENTED_EDGE ( 'NONE', *, *, #2495, .T. ) ;
#4680 = VERTEX_POINT ( 'NONE', #888 ) ;
#4681 = EDGE_CURVE ( 'NONE', #1264, #3583, #471, .T. ) ;
#4682 = ORIENTED_EDGE ( 'NONE', *, *, #5201, .F. ) ;
#4683 = DIRECTION ( 'NONE',  ( -0.000000000000000000, -0.000000000000000000, -1.000000000000000000 ) ) ;
#4684 = CARTESIAN_POINT ( 'NONE',  ( 19.98999999999872657, -93.40416029259172603, 25.00000000000000000 ) ) ;
#4685 = DIRECTION ( 'NONE',  ( 0.000000000000000000, 0.000000000000000000, 1.000000000000000000 ) ) ;
#4686 = DIRECTION ( 'NONE',  ( 0.000000000000000000, -1.000000000000000000, 0.000000000000000000 ) ) ;
#4687 = VERTEX_POINT ( 'NONE', #445 ) ;
#4688 = EDGE_CURVE ( 'NONE', #4637, #1461, #805, .T. ) ;
#4689 = ORIENTED_EDGE ( 'NONE', *, *, #3436, .F. ) ;
#4690 = CARTESIAN_POINT ( 'NONE',  ( 16.05000000000000426, -11.90100000000000513, -0.5749999999999999556 ) ) ;
#4691 = LINE ( 'NONE', #3904, #792 ) ;
#4692 = FACE_OUTER_BOUND ( 'NONE', #2812, .T. ) ;
#4693 = DIRECTION ( 'NONE',  ( 0.000000000000000000, 1.000000000000000000, -0.000000000000000000 ) ) ;
#4694 = DIRECTION ( 'NONE',  ( -1.457750820148577635E-16, -1.000000000000000000, 0.000000000000000000 ) ) ;
#4695 = ADVANCED_FACE ( 'NONE', ( #5329, #835, #1591 ), #1204, .F. ) ;
#4696 = ORIENTED_EDGE ( 'NONE', *, *, #4580, .T. ) ;
#4697 = CARTESIAN_POINT ( 'NONE',  ( -63.85613382467780497, 28.99999999999999645, -31.23371018851364767 ) ) ;
#4698 = CARTESIAN_POINT ( 'NONE',  ( -8.350000000000004974, -11.10000000000000142, 6.200000000000000178 ) ) ;
#4699 = VERTEX_POINT ( 'NONE', #1650 ) ;
#4700 = EDGE_CURVE ( 'NONE', #5362, #3723, #3313, .T. ) ;
#4701 = CARTESIAN_POINT ( 'NONE',  ( -63.85613382467780497, 10.99999999999999645, -31.23371018851364767 ) ) ;
#4702 = ORIENTED_EDGE ( 'NONE', *, *, #1785, .F. ) ;
#4703 = UNCERTAINTY_MEASURE_WITH_UNIT (LENGTH_MEASURE( 1.000000000000000082E-05 ), #2886, 'distance_accuracy_value', 'NONE');
#4704 = ORIENTED_EDGE ( 'NONE', *, *, #206, .F. ) ;
#4705 = AXIS2_PLACEMENT_3D ( 'NONE', #3593, #3624, #3234 ) ;
#4706 = ORIENTED_EDGE ( 'NONE', *, *, #2952, .T. ) ;
#4707 = CARTESIAN_POINT ( 'NONE',  ( 16.04999999999999005, 5.200000000000002842, 0.5749999999999999556 ) ) ;
#4708 = LINE ( 'NONE', #1395, #3709 ) ;
#4709 = SHAPE_REPRESENTATION_RELATIONSHIP ( 'NONE' , 'NONE' ,  #4172, #3545 ) ;
#4710 = EDGE_CURVE ( 'NONE', #1706, #1301, #2904, .T. ) ;
#4711 = FACE_OUTER_BOUND ( 'NONE', #2117, .T. ) ;
#4712 = CARTESIAN_POINT ( 'NONE',  ( -43.85613382467781207, 6.000000000000000000, -26.23371018851364767 ) ) ;
#4713 = ORIENTED_EDGE ( 'NONE', *, *, #2922, .F. ) ;
#4714 = ORIENTED_EDGE ( 'NONE', *, *, #1457, .F. ) ;
#4715 = VECTOR ( 'NONE', #5095, 1000.000000000000000 ) ;
#4716 = DIRECTION ( 'NONE',  ( 0.000000000000000000, 0.000000000000000000, -1.000000000000000000 ) ) ;
#4717 = CIRCLE ( 'NONE', #2363, 2.499999999999995115 ) ;
#4718 = CARTESIAN_POINT ( 'NONE',  ( -2.310000000000000053, 4.001037365484000574, 0.000000000000000000 ) ) ;
#4719 = EDGE_CURVE ( 'NONE', #1486, #4936, #1813, .T. ) ;
#4720 = CARTESIAN_POINT ( 'NONE',  ( 16.05000000000000071, 0.000000000000000000, -6.200000000000000178 ) ) ;
#4721 = CARTESIAN_POINT ( 'NONE',  ( 7.499999999998722799, -109.4041602925917260, 17.00000000000000000 ) ) ;
#4722 = AXIS2_PLACEMENT_3D ( 'NONE', #4734, #4282, #3046 ) ;
#4723 = CARTESIAN_POINT ( 'NONE',  ( 0.000000000000000000, 0.000000000000000000, 23.00000000000000000 ) ) ;
#4724 = CARTESIAN_POINT ( 'NONE',  ( 5.050000000000006040, 18.95000000000000284, 0.8749999999999994449 ) ) ;
#4725 = VECTOR ( 'NONE', #2525, 1000.000000000000000 ) ;
#4726 = ORIENTED_EDGE ( 'NONE', *, *, #1724, .F. ) ;
#4727 = DIRECTION ( 'NONE',  ( 0.000000000000000000, 0.000000000000000000, 1.000000000000000000 ) ) ;
#4728 = ORIENTED_EDGE ( 'NONE', *, *, #2915, .F. ) ;
#4729 = FACE_OUTER_BOUND ( 'NONE', #650, .T. ) ;
#4730 = ORIENTED_EDGE ( 'NONE', *, *, #2693, .T. ) ;
#4731 = VERTEX_POINT ( 'NONE', #4648 ) ;
#4732 = DIRECTION ( 'NONE',  ( 1.000000000000000000, 7.228014483236699514E-16, 1.757105317124067965E-16 ) ) ;
#4733 = DIRECTION ( 'NONE',  ( -0.000000000000000000, 1.000000000000000000, -0.000000000000000000 ) ) ;
#4734 = CARTESIAN_POINT ( 'NONE',  ( -0.6499999999999931388, 11.90000000000000391, 2.917592839829852490E-16 ) ) ;
#4735 = AXIS2_PLACEMENT_3D ( 'NONE', #3408, #458, #2097 ) ;
#4736 = AXIS2_PLACEMENT_3D ( 'NONE', #2870, #2462, #489 ) ;
#4737 = CARTESIAN_POINT ( 'NONE',  ( 11.25000000000000178, 7.600000000000002309, 6.200000000000000178 ) ) ;
#4738 = EDGE_LOOP ( 'NONE', ( #4403, #2072 ) ) ;
#4739 = EDGE_LOOP ( 'NONE', ( #2168, #2349, #1154, #4510 ) ) ;
#4740 = EDGE_CURVE ( 'NONE', #1042, #1060, #2614, .T. ) ;
#4741 = AXIS2_PLACEMENT_3D ( 'NONE', #4002, #2748, #685 ) ;
#4742 = LINE ( 'NONE', #2680, #4564 ) ;
#4743 = AXIS2_PLACEMENT_3D ( 'NONE', #4988, #4899, #845 ) ;
#4744 = FACE_BOUND ( 'NONE', #3166, .T. ) ;
#4745 = DIRECTION ( 'NONE',  ( 0.000000000000000000, 0.000000000000000000, 1.000000000000000000 ) ) ;
#4746 = CYLINDRICAL_SURFACE ( 'NONE', #2971, 2.799999999999999378 ) ;
#4747 = STYLED_ITEM ( 'NONE', ( #3401 ), #3188 ) ;
#4748 = DIRECTION ( 'NONE',  ( -1.000000000000000000, -0.000000000000000000, -0.000000000000000000 ) ) ;
#4749 = EDGE_CURVE ( 'NONE', #2553, #2937, #4300, .T. ) ;
#4750 = ADVANCED_FACE ( 'NONE', ( #2227, #1421 ), #2984, .T. ) ;
#4751 = DIRECTION ( 'NONE',  ( 1.000000000000000000, 0.000000000000000000, 0.000000000000000000 ) ) ;
#4752 = ORIENTED_EDGE ( 'NONE', *, *, #4421, .T. ) ;
#4753 = PLANE ( 'NONE',  #1592 ) ;
#4754 = ADVANCED_FACE ( 'NONE', ( #1391, #3887 ), #3095, .T. ) ;
#4755 = ORIENTED_EDGE ( 'NONE', *, *, #4307, .T. ) ;
#4756 = EDGE_CURVE ( 'NONE', #611, #4530, #2585, .T. ) ;
#4757 = DIRECTION ( 'NONE',  ( 0.000000000000000000, 1.000000000000000000, 0.000000000000000000 ) ) ;
#4758 = EDGE_LOOP ( 'NONE', ( #846, #4100, #2561, #195 ) ) ;
#4759 = UNCERTAINTY_MEASURE_WITH_UNIT (LENGTH_MEASURE( 1.000000000000000082E-05 ), #177, 'distance_accuracy_value', 'NONE');
#4760 = ORIENTED_EDGE ( 'NONE', *, *, #4289, .T. ) ;
#4761 = PRESENTATION_STYLE_ASSIGNMENT (( #3504 ) ) ;
#4762 = DIRECTION ( 'NONE',  ( -0.000000000000000000, 1.000000000000000000, -0.000000000000000000 ) ) ;
#4763 = EDGE_CURVE ( 'NONE', #2758, #704, #1342, .T. ) ;
#4764 = LINE ( 'NONE', #4436, #5237 ) ;
#4765 = ORIENTED_EDGE ( 'NONE', *, *, #3246, .F. ) ;
#4766 = VERTEX_POINT ( 'NONE', #5057 ) ;
#4767 = LINE ( 'NONE', #1031, #495 ) ;
#4768 = CARTESIAN_POINT ( 'NONE',  ( 9.999999999998724576, -82.40416029259172603, 23.00000000000000000 ) ) ;
#4769 = LINE ( 'NONE', #2682, #3488 ) ;
#4770 = CYLINDRICAL_SURFACE ( 'NONE', #5230, 0.8749999999999998890 ) ;
#4771 = PLANE ( 'NONE',  #1422 ) ;
#4772 = FACE_BOUND ( 'NONE', #4738, .T. ) ;
#4773 = ORIENTED_EDGE ( 'NONE', *, *, #3712, .T. ) ;
#4774 = ADVANCED_FACE ( 'NONE', ( #4729 ), #1834, .F. ) ;
#4775 = FACE_OUTER_BOUND ( 'NONE', #2415, .T. ) ;
#4776 = ORIENTED_EDGE ( 'NONE', *, *, #1334, .T. ) ;
#4777 = CARTESIAN_POINT ( 'NONE',  ( -2.310000000000000053, 4.001037365484000574, 3.642042833101999832 ) ) ;
#4778 = ORIENTED_EDGE ( 'NONE', *, *, #3824, .T. ) ;
#4779 = EDGE_CURVE ( 'NONE', #3193, #1629, #4329, .T. ) ;
#4780 = ADVANCED_FACE ( 'NONE', ( #5163 ), #1733, .T. ) ;
#4781 = CARTESIAN_POINT ( 'NONE',  ( -8.350000000000006750, -11.90000000000000213, -6.200000000000000178 ) ) ;
#4782 = ORIENTED_EDGE ( 'NONE', *, *, #599, .F. ) ;
#4783 = DIRECTION ( 'NONE',  ( -0.000000000000000000, -0.000000000000000000, -1.000000000000000000 ) ) ;
#4784 = CARTESIAN_POINT ( 'NONE',  ( -55.44441379863020813, 27.21067129708108823, -17.29910498519020834 ) ) ;
#4785 = DIRECTION ( 'NONE',  ( 1.000000000000000000, 0.000000000000000000, 0.000000000000000000 ) ) ;
#4786 = PLANE ( 'NONE',  #3761 ) ;
#4787 = PRODUCT_DEFINITION_SHAPE ( 'NONE', 'NONE',  #5364 ) ;
#4788 = EDGE_LOOP ( 'NONE', ( #1736, #4215, #3139, #2494 ) ) ;
#4789 = ORIENTED_EDGE ( 'NONE', *, *, #3982, .T. ) ;
#4790 = CARTESIAN_POINT ( 'NONE',  ( -43.85613382467781207, 6.000000000000000000, -26.23371018851364767 ) ) ;
#4791 = DIRECTION ( 'NONE',  ( 0.8660254037843290176, -0.5000000000001900702, 0.000000000000000000 ) ) ;
#4792 = CLOSED_SHELL ( 'NONE', ( #3078, #259, #1911, #4928, #3111, #2001, #1498, #4194, #1622, #4950, #142, #5155, #3587, #3793, #4614, #628, #500, #1079, #4695, #535, #2751, #2255, #3613, #947, #4634, #1407, #2597, #2480, #1476, #2851, #3958, #2423, #2411, #1133, #2936, #3900, #5310, #3100, #4518, #2257 ) ) ;
#4793 = LINE ( 'NONE', #265, #3411 ) ;
#4794 = DIRECTION ( 'NONE',  ( -1.000000000000000000, 6.672013369141562259E-16, 0.000000000000000000 ) ) ;
#4795 = CARTESIAN_POINT ( 'NONE',  ( 11.25000000000000178, 5.200000000000000178, 6.200000000000000178 ) ) ;
#4796 = ADVANCED_FACE ( 'NONE', ( #528 ), #118, .F. ) ;
#4797 = VECTOR ( 'NONE', #225, 1000.000000000000000 ) ;
#4798 = FACE_BOUND ( 'NONE', #1737, .T. ) ;
#4799 = ORIENTED_EDGE ( 'NONE', *, *, #4838, .T. ) ;
#4800 = LINE ( 'NONE', #4012, #2822 ) ;
#4801 = ORIENTED_EDGE ( 'NONE', *, *, #1812, .F. ) ;
#4802 = EDGE_CURVE ( 'NONE', #3899, #5099, #3015, .T. ) ;
#4803 = CARTESIAN_POINT ( 'NONE',  ( -39.99000000000127386, -93.40416029259172603, 28.00000000000000000 ) ) ;
#4804 = ORIENTED_EDGE ( 'NONE', *, *, #5281, .F. ) ;
#4805 = DIRECTION ( 'NONE',  ( -0.000000000000000000, 1.000000000000000000, -0.000000000000000000 ) ) ;
#4806 = ORIENTED_EDGE ( 'NONE', *, *, #3952, .T. ) ;
#4807 = ADVANCED_FACE ( 'NONE', ( #945 ), #4274, .T. ) ;
#4808 = FACE_OUTER_BOUND ( 'NONE', #3501, .T. ) ;
#4809 = APPLICATION_PROTOCOL_DEFINITION ( 'draft international standard', 'automotive_design', 1998, #4355 ) ;
#4810 = DIRECTION ( 'NONE',  ( 1.000000000000000000, 2.199999999999999757E-16, 0.000000000000000000 ) ) ;
#4811 = VECTOR ( 'NONE', #5267, 1000.000000000000000 ) ;
#4812 = ORIENTED_EDGE ( 'NONE', *, *, #4008, .T. ) ;
#4813 = EDGE_CURVE ( 'NONE', #93, #4915, #3859, .T. ) ;
#4814 = ORIENTED_EDGE ( 'NONE', *, *, #4237, .F. ) ;
#4815 = DIRECTION ( 'NONE',  ( 1.000000000000000000, 0.000000000000000000, 0.000000000000000000 ) ) ;
#4816 = DIRECTION ( 'NONE',  ( -0.000000000000000000, -0.000000000000000000, -1.000000000000000000 ) ) ;
#4817 = VECTOR ( 'NONE', #666, 1000.000000000000000 ) ;
#4818 = DIRECTION ( 'NONE',  ( 1.000000000000000000, 2.199999999999999757E-16, 0.000000000000000000 ) ) ;
#4819 = DIRECTION ( 'NONE',  ( -1.000000000000000000, -0.000000000000000000, -0.000000000000000000 ) ) ;
#4820 = DIRECTION ( 'NONE',  ( -0.000000000000000000, 1.000000000000000000, -0.000000000000000000 ) ) ;
#4821 = AXIS2_PLACEMENT_3D ( 'NONE', #1325, #4, #3707 ) ;
#4822 = AXIS2_PLACEMENT_3D ( 'NONE', #2099, #1580, #2461 ) ;
#4823 = PRODUCT_DEFINITION ( 'UNKNOWN', '', #3547, #2086 ) ;
#4824 = PLANE ( 'NONE',  #4647 ) ;
#4825 = VERTEX_POINT ( 'NONE', #1366 ) ;
#4826 = CIRCLE ( 'NONE', #2137, 2.500000000000002220 ) ;
#4827 = LINE ( 'NONE', #2378, #1505 ) ;
#4828 = VERTEX_POINT ( 'NONE', #3041 ) ;
#4829 = DIRECTION ( 'NONE',  ( 0.000000000000000000, 0.000000000000000000, 1.000000000000000000 ) ) ;
#4830 = EDGE_LOOP ( 'NONE', ( #3808, #300, #604, #3050 ) ) ;
#4831 = CARTESIAN_POINT ( 'NONE',  ( 5.050000000000006928, 16.10000000000000142, 6.200000000000001066 ) ) ;
#4832 = VERTEX_POINT ( 'NONE', #4701 ) ;
#4833 = CARTESIAN_POINT ( 'NONE',  ( -55.16162183231041638, 27.15369949650607850, -12.97889530760313725 ) ) ;
#4834 = PRODUCT_CONTEXT ( 'NONE', #2513, 'mechanical' ) ;
#4835 = DIRECTION ( 'NONE',  ( -1.084202172485504434E-16, -1.000000000000000000, 0.000000000000000000 ) ) ;
#4836 = AXIS2_PLACEMENT_3D ( 'NONE', #4861, #2417, #653 ) ;
#4837 = DIRECTION ( 'NONE',  ( -0.000000000000000000, 1.000000000000000000, -0.000000000000000000 ) ) ;
#4838 = EDGE_CURVE ( 'NONE', #1301, #839, #2146, .T. ) ;
#4839 = VERTEX_POINT ( 'NONE', #2640 ) ;
#4840 = EDGE_LOOP ( 'NONE', ( #4485, #3921, #1890, #4102, #2641, #3356 ) ) ;
#4841 = VECTOR ( 'NONE', #3658, 1000.000000000000000 ) ;
#4842 = DIRECTION ( 'NONE',  ( 0.000000000000000000, 0.000000000000000000, 1.000000000000000000 ) ) ;
#4843 = CARTESIAN_POINT ( 'NONE',  ( 26.99999999999872458, -109.4041602925917260, 28.00000000000000000 ) ) ;
#4844 = ADVANCED_FACE ( 'NONE', ( #1970 ), #4883, .T. ) ;
#4845 = FACE_OUTER_BOUND ( 'NONE', #226, .T. ) ;
#4846 = VECTOR ( 'NONE', #1128, 1000.000000000000000 ) ;
#4847 = DIRECTION ( 'NONE',  ( 0.000000000000000000, 0.000000000000000000, -1.000000000000000000 ) ) ;
#4848 = ADVANCED_FACE ( 'NONE', ( #3219, #1892, #251 ), #1142, .F. ) ;
#4849 = LINE ( 'NONE', #2685, #62 ) ;
#4850 = VERTEX_POINT ( 'NONE', #3557 ) ;
#4851 = DIRECTION ( 'NONE',  ( 0.000000000000000000, 1.000000000000000000, -0.000000000000000000 ) ) ;
#4852 = EDGE_LOOP ( 'NONE', ( #3566, #2491, #3333, #1202 ) ) ;
#4853 = CARTESIAN_POINT ( 'NONE',  ( -53.51319242605740101, 27.04126320209071821, -17.81671295600276039 ) ) ;
#4854 = VERTEX_POINT ( 'NONE', #4777 ) ;
#4855 = EDGE_CURVE ( 'NONE', #3899, #3374, #4856, .T. ) ;
#4856 = LINE ( 'NONE', #1939, #844 ) ;
#4857 = VERTEX_POINT ( 'NONE', #2762 ) ;
#4858 = DIRECTION ( 'NONE',  ( -0.000000000000000000, 1.000000000000000000, -0.000000000000000000 ) ) ;
#4859 = ORIENTED_EDGE ( 'NONE', *, *, #208, .T. ) ;
#4860 = EDGE_CURVE ( 'NONE', #3097, #2985, #4015, .T. ) ;
#4861 = CARTESIAN_POINT ( 'NONE',  ( 5.050000000000006040, 16.10000000000000142, -4.336808689942017736E-16 ) ) ;
#4862 = SHAPE_DEFINITION_REPRESENTATION ( #2179, #4548 ) ;
#4863 = CARTESIAN_POINT ( 'NONE',  ( -13.65000000000001279, -11.90100000000000513, 1.300000000000004041 ) ) ;
#4864 = CARTESIAN_POINT ( 'NONE',  ( -43.85613382467781207, 6.000000000000000000, -4.233710188513654771 ) ) ;
#4865 = VERTEX_POINT ( 'NONE', #645 ) ;
#4866 = ORIENTED_EDGE ( 'NONE', *, *, #4120, .F. ) ;
#4867 = PLANE ( 'NONE',  #501 ) ;
#4868 = FACE_BOUND ( 'NONE', #9, .T. ) ;
#4869 = EDGE_CURVE ( 'NONE', #3977, #1909, #4416, .T. ) ;
#4870 = DIRECTION ( 'NONE',  ( -0.000000000000000000, -0.000000000000000000, 1.000000000000000000 ) ) ;
#4871 = DIRECTION ( 'NONE',  ( -1.000000000000000000, 0.000000000000000000, 0.000000000000000000 ) ) ;
#4872 = CARTESIAN_POINT ( 'NONE',  ( 8.350000000000004974, -9.900000000000002132, 6.200000000000000178 ) ) ;
#4873 = ORIENTED_EDGE ( 'NONE', *, *, #1852, .T. ) ;
#4874 = FACE_BOUND ( 'NONE', #2789, .T. ) ;
#4875 = EDGE_CURVE ( 'NONE', #3631, #2469, #2279, .T. ) ;
#4876 = EDGE_LOOP ( 'NONE', ( #5204, #5032, #3434, #857 ) ) ;
#4877 = CARTESIAN_POINT ( 'NONE',  ( 5.050000000000006040, 16.10000000000000142, 0.8749999999999994449 ) ) ;
#4878 = AXIS2_PLACEMENT_3D ( 'NONE', #2371, #373, #3675 ) ;
#4879 = CARTESIAN_POINT ( 'NONE',  ( -11.25000000000000355, 5.199999999999998401, 6.200000000000000178 ) ) ;
#4880 = ORIENTED_EDGE ( 'NONE', *, *, #2229, .F. ) ;
#4881 =( BOUNDED_CURVE ( )  B_SPLINE_CURVE ( 2, ( #4426, #4402, #3190 ),
 .UNSPECIFIED., .F., .F. ) 
 B_SPLINE_CURVE_WITH_KNOTS ( ( 3, 3 ),
 ( 0.000000000000000000, 1.000000000000000000 ),
 .UNSPECIFIED. ) 
 CURVE ( )  GEOMETRIC_REPRESENTATION_ITEM ( )  RATIONAL_B_SPLINE_CURVE ( ( 1.000000000000000000, 1.154700538379271890, 1.000000000000000000 ) ) 
 REPRESENTATION_ITEM ( '' )  );
#4882 = FACE_OUTER_BOUND ( 'NONE', #3633, .T. ) ;
#4883 = PLANE ( 'NONE',  #170 ) ;
#4884 = VERTEX_POINT ( 'NONE', #5269 ) ;
#4885 = FACE_OUTER_BOUND ( 'NONE', #3579, .T. ) ;
#4886 = EDGE_LOOP ( 'NONE', ( #3210, #524, #3450, #3195 ) ) ;
#4887 = CARTESIAN_POINT ( 'NONE',  ( -2.310000000000000053, 4.001037365484000574, 0.000000000000000000 ) ) ;
#4888 = PRODUCT_CONTEXT ( 'NONE', #545, 'mechanical' ) ;
#4889 = AXIS2_PLACEMENT_3D ( 'NONE', #4721, #1358, #982 ) ;
#4890 = DIRECTION ( 'NONE',  ( 1.000000000000000000, -0.000000000000000000, -0.000000000000000000 ) ) ;
#4891 = CARTESIAN_POINT ( 'NONE',  ( 7.499999999998722799, -82.40416029259172603, 17.00000000000000000 ) ) ;
#4892 = ORIENTED_EDGE ( 'NONE', *, *, #5100, .F. ) ;
#4893 = EDGE_LOOP ( 'NONE', ( #5319, #920, #220, #993 ) ) ;
#4894 = DIRECTION ( 'NONE',  ( -0.000000000000000000, -1.000000000000000000, -0.000000000000000000 ) ) ;
#4895 = LINE ( 'NONE', #1157, #4846 ) ;
#4896 = DIRECTION ( 'NONE',  ( 0.000000000000000000, -1.000000000000000000, 0.000000000000000000 ) ) ;
#4897 = VECTOR ( 'NONE', #699, 1000.000000000000000 ) ;
#4898 = FACE_OUTER_BOUND ( 'NONE', #2710, .T. ) ;
#4899 = DIRECTION ( 'NONE',  ( -1.000000000000000000, 0.000000000000000000, 0.000000000000000000 ) ) ;
#4900 = EDGE_LOOP ( 'NONE', ( #4702, #4431, #4536, #3748 ) ) ;
#4901 = EDGE_CURVE ( 'NONE', #4828, #3102, #1530, .T. ) ;
#4902 = LINE ( 'NONE', #2375, #3968 ) ;
#4903 = VECTOR ( 'NONE', #2407, 1000.000000000000000 ) ;
#4904 =( REPRESENTATION_RELATIONSHIP ('NONE','NONE', #2111, #3253 ) REPRESENTATION_RELATIONSHIP_WITH_TRANSFORMATION ( #3996 )SHAPE_REPRESENTATION_RELATIONSHIP( ) );
#4905 = EDGE_LOOP ( 'NONE', ( #2228, #2238 ) ) ;
#4906 = DIRECTION ( 'NONE',  ( 0.000000000000000000, 1.000000000000000000, 0.000000000000000000 ) ) ;
#4907 = CIRCLE ( 'NONE', #61, 2.500000000000002220 ) ;
#4908 = AXIS2_PLACEMENT_3D ( 'NONE', #2044, #3299, #2890 ) ;
#4909 = LINE ( 'NONE', #1171, #5000 ) ;
#4910 = EDGE_CURVE ( 'NONE', #2962, #4569, #1556, .T. ) ;
#4911 = VERTEX_POINT ( 'NONE', #4350 ) ;
#4912 = CARTESIAN_POINT ( 'NONE',  ( -20.50000000000127187, -82.40416029259172603, 17.00000000000000000 ) ) ;
#4913 = VECTOR ( 'NONE', #3567, 1000.000000000000000 ) ;
#4914 = CIRCLE ( 'NONE', #4743, 2.500000000000000888 ) ;
#4915 = VERTEX_POINT ( 'NONE', #3192 ) ;
#4916 = EDGE_CURVE ( 'NONE', #2938, #2334, #5217, .T. ) ;
#4917 = PLANE ( 'NONE',  #4386 ) ;
#4918 = EDGE_CURVE ( 'NONE', #3029, #4569, #3530, .T. ) ;
#4919 = AXIS2_PLACEMENT_3D ( 'NONE', #1187, #2939, #3783 ) ;
#4920 = ORIENTED_EDGE ( 'NONE', *, *, #837, .T. ) ;
#4921 = CARTESIAN_POINT ( 'NONE',  ( -11.25000000000000533, -11.10000000000000142, -3.299999999999996714 ) ) ;
#4922 = CONTEXT_DEPENDENT_SHAPE_REPRESENTATION ( #194, #156 ) ;
#4923 = DIRECTION ( 'NONE',  ( 0.000000000000000000, 1.000000000000000000, -0.000000000000000000 ) ) ;
#4924 = LINE ( 'NONE', #497, #4022 ) ;
#4925 = ORIENTED_EDGE ( 'NONE', *, *, #2453, .T. ) ;
#4926 = ORIENTED_EDGE ( 'NONE', *, *, #847, .T. ) ;
#4927 = CARTESIAN_POINT ( 'NONE',  ( 2.310000000000000053, 4.001037365484000574, 0.3579571668980000010 ) ) ;
#4928 = ADVANCED_FACE ( 'NONE', ( #1040 ), #2712, .F. ) ;
#4929 = CARTESIAN_POINT ( 'NONE',  ( -0.6499999999999928058, 16.10000000000000142, 2.799999999999999822 ) ) ;
#4930 = CIRCLE ( 'NONE', #4411, 2.500000000000001332 ) ;
#4931 = LINE ( 'NONE', #5285, #175 ) ;
#4932 = DIRECTION ( 'NONE',  ( 0.000000000000000000, 1.000000000000000000, -0.000000000000000000 ) ) ;
#4933 = DIRECTION ( 'NONE',  ( 0.000000000000000000, 1.000000000000000000, -0.000000000000000000 ) ) ;
#4934 = AXIS2_PLACEMENT_3D ( 'NONE', #4803, #5238, #2737 ) ;
#4935 = DIRECTION ( 'NONE',  ( 0.000000000000000000, 0.000000000000000000, 1.000000000000000000 ) ) ;
#4936 = VERTEX_POINT ( 'NONE', #3136 ) ;
#4937 = FACE_OUTER_BOUND ( 'NONE', #4489, .T. ) ;
#4938 = ORIENTED_EDGE ( 'NONE', *, *, #5100, .T. ) ;
#4939 = LINE ( 'NONE', #1220, #1251 ) ;
#4940 = FACE_OUTER_BOUND ( 'NONE', #2077, .T. ) ;
#4941 = ORIENTED_EDGE ( 'NONE', *, *, #38, .T. ) ;
#4942 = LINE ( 'NONE', #2787, #3773 ) ;
#4943 = CARTESIAN_POINT ( 'NONE',  ( -47.00000000000128608, -109.4041602925917260, 28.00000000000000000 ) ) ;
#4944 = EDGE_CURVE ( 'NONE', #561, #684, #1532, .T. ) ;
#4945 = ORIENTED_EDGE ( 'NONE', *, *, #3088, .T. ) ;
#4946 = CARTESIAN_POINT ( 'NONE',  ( 0.000000000000000000, 0.000000000000000000, 0.000000000000000000 ) ) ;
#4947 = ORIENTED_EDGE ( 'NONE', *, *, #2197, .T. ) ;
#4948 = EDGE_CURVE ( 'NONE', #2365, #31, #1499, .T. ) ;
#4949 = FACE_OUTER_BOUND ( 'NONE', #3019, .T. ) ;
#4950 = ADVANCED_FACE ( 'NONE', ( #2335 ), #275, .F. ) ;
#4951 = DIRECTION ( 'NONE',  ( -0.000000000000000000, 1.000000000000000000, -0.000000000000000000 ) ) ;
#4952 = VERTEX_POINT ( 'NONE', #385 ) ;
#4953 = EDGE_LOOP ( 'NONE', ( #5164, #3325, #1016, #3810 ) ) ;
#4954 = DIRECTION ( 'NONE',  ( 0.000000000000000000, -1.000000000000000000, 0.000000000000000000 ) ) ;
#4955 = CARTESIAN_POINT ( 'NONE',  ( 26.99999999999873879, -82.40416029259175446, 5.000000000000000000 ) ) ;
#4956 = CARTESIAN_POINT ( 'NONE',  ( 8.350000000000004974, -9.900000000000002132, -6.200000000000000178 ) ) ;
#4957 = DIRECTION ( 'NONE',  ( -0.000000000000000000, 1.000000000000000000, -0.000000000000000000 ) ) ;
#4958 = CARTESIAN_POINT ( 'NONE',  ( 16.05000000000000071, 7.600000000000003197, 6.200000000000000178 ) ) ;
#4959 = PLANE ( 'NONE',  #3091 ) ;
#4960 = ORIENTED_EDGE ( 'NONE', *, *, #4616, .F. ) ;
#4961 = CARTESIAN_POINT ( 'NONE',  ( -16.05000000000000071, 5.199999999999999289, 6.200000000000000178 ) ) ;
#4962 = EDGE_LOOP ( 'NONE', ( #1796, #3435, #3749, #3483 ) ) ;
#4963 = EDGE_CURVE ( 'NONE', #4380, #1353, #5356, .T. ) ;
#4964 = LINE ( 'NONE', #460, #4398 ) ;
#4965 = CARTESIAN_POINT ( 'NONE',  ( -63.85613382467780497, 6.000000000000000000, -28.73371018851364767 ) ) ;
#4966 = ORIENTED_EDGE ( 'NONE', *, *, #2627, .T. ) ;
#4967 = CARTESIAN_POINT ( 'NONE',  ( -58.35613382467781918, 33.49999999999999289, -25.23371018851364767 ) ) ;
#4968 = CARTESIAN_POINT ( 'NONE',  ( -30.00000000000128253, -84.90416029259174024, 5.000000000000000000 ) ) ;
#4969 = VECTOR ( 'NONE', #4266, 1000.000000000000000 ) ;
#4970 = ORIENTED_EDGE ( 'NONE', *, *, #274, .F. ) ;
#4971 = LINE ( 'NONE', #4247, #4035 ) ;
#4972 = VERTEX_POINT ( 'NONE', #33 ) ;
#4973 = EDGE_CURVE ( 'NONE', #4196, #4828, #463, .T. ) ;
#4974 = CIRCLE ( 'NONE', #2636, 1.300000000000000711 ) ;
#4975 = CARTESIAN_POINT ( 'NONE',  ( 0.000000000000000000, -9.900000000000002132, -6.200000000000000178 ) ) ;
#4976 = ORIENTED_EDGE ( 'NONE', *, *, #508, .F. ) ;
#4977 = VECTOR ( 'NONE', #181, 1000.000000000000000 ) ;
#4978 = ORIENTED_EDGE ( 'NONE', *, *, #605, .F. ) ;
#4979 = EDGE_CURVE ( 'NONE', #2267, #1228, #1671, .T. ) ;
#4980 = ORIENTED_EDGE ( 'NONE', *, *, #1788, .F. ) ;
#4981 = CARTESIAN_POINT ( 'NONE',  ( 14.81592238163610808, 5.200000000000002842, -0.5749999999999997335 ) ) ;
#4982 = CIRCLE ( 'NONE', #977, 0.9000000000000014655 ) ;
#4983 = LINE ( 'NONE', #3377, #1867 ) ;
#4984 = FACE_OUTER_BOUND ( 'NONE', #957, .T. ) ;
#4985 = LINE ( 'NONE', #1659, #2547 ) ;
#4986 = SURFACE_STYLE_USAGE ( .BOTH. , #1572 ) ;
#4987 = EDGE_CURVE ( 'NONE', #4865, #34, #3740, .T. ) ;
#4988 = CARTESIAN_POINT ( 'NONE',  ( -38.85613382467781207, 6.000000000000000000, -4.233710188513654771 ) ) ;
#4989 = ORIENTED_EDGE ( 'NONE', *, *, #2081, .T. ) ;
#4990 = FACE_OUTER_BOUND ( 'NONE', #4193, .T. ) ;
#4991 = DIRECTION ( 'NONE',  ( 1.000000000000000000, -0.000000000000000000, -0.000000000000000000 ) ) ;
#4992 = CARTESIAN_POINT ( 'NONE',  ( -30.00000000000128253, -109.4041602925917260, 11.00000000000000000 ) ) ;
#4993 = LINE ( 'NONE', #54, #1152 ) ;
#4994 = VECTOR ( 'NONE', #5326, 1000.000000000000000 ) ;
#4995 = VERTEX_POINT ( 'NONE', #4968 ) ;
#4996 = DIRECTION ( 'NONE',  ( -1.000000000000000000, 1.807003620809174878E-16, 0.000000000000000000 ) ) ;
#4997 = DIRECTION ( 'NONE',  ( -1.000000000000000000, -0.000000000000000000, -0.000000000000000000 ) ) ;
#4998 = ORIENTED_EDGE ( 'NONE', *, *, #287, .T. ) ;
#4999 = AXIS2_PLACEMENT_3D ( 'NONE', #3881, #4751, #1807 ) ;
#5000 = VECTOR ( 'NONE', #2519, 1000.000000000000000 ) ;
#5001 = CARTESIAN_POINT ( 'NONE',  ( -4.000000000000000000, 4.418133547371933678E-16, 0.000000000000000000 ) ) ;
#5002 = ORIENTED_EDGE ( 'NONE', *, *, #2589, .F. ) ;
#5003 = AXIS2_PLACEMENT_3D ( 'NONE', #2397, #1155, #1542 ) ;
#5004 = AXIS2_PLACEMENT_3D ( 'NONE', #1932, #1086, #3595 ) ;
#5005 = FACE_BOUND ( 'NONE', #1893, .T. ) ;
#5006 = VERTEX_POINT ( 'NONE', #1255 ) ;
#5007 = VECTOR ( 'NONE', #799, 1000.000000000000000 ) ;
#5008 = VERTEX_POINT ( 'NONE', #4127 ) ;
#5009 = ORIENTED_EDGE ( 'NONE', *, *, #3212, .T. ) ;
#5010 = DIRECTION ( 'NONE',  ( -1.000000000000000000, 4.336808689942018229E-16, -0.000000000000000000 ) ) ;
#5011 = CARTESIAN_POINT ( 'NONE',  ( -47.00000000000128608, -109.4041602925917260, 28.00000000000000000 ) ) ;
#5012 = ADVANCED_FACE ( 'NONE', ( #2025 ), #2105, .F. ) ;
#5013 = CARTESIAN_POINT ( 'NONE',  ( 26.99999999999872813, -106.7591602925917442, 5.000000000000000000 ) ) ;
#5014 = FACE_OUTER_BOUND ( 'NONE', #2700, .T. ) ;
#5015 = DIRECTION ( 'NONE',  ( 0.000000000000000000, 0.000000000000000000, 1.000000000000000000 ) ) ;
#5016 = ORIENTED_EDGE ( 'NONE', *, *, #2112, .F. ) ;
#5017 = CIRCLE ( 'NONE', #4578, 7.499999999999999112 ) ;
#5018 = CYLINDRICAL_SURFACE ( 'NONE', #1952, 6.200000000000001066 ) ;
#5019 = EDGE_CURVE ( 'NONE', #4854, #313, #1226, .T. ) ;
#5020 = EDGE_CURVE ( 'NONE', #4014, #4196, #856, .T. ) ;
#5021 = ORIENTED_EDGE ( 'NONE', *, *, #13, .F. ) ;
#5022 = DIRECTION ( 'NONE',  ( -0.000000000000000000, -0.000000000000000000, -1.000000000000000000 ) ) ;
#5023 = LINE ( 'NONE', #3766, #5347 ) ;
#5024 = DIRECTION ( 'NONE',  ( -0.000000000000000000, -1.000000000000000000, -0.000000000000000000 ) ) ;
#5025 = AXIS2_PLACEMENT_3D ( 'NONE', #2121, #1633, #2595 ) ;
#5026 =( NAMED_UNIT ( * ) PLANE_ANGLE_UNIT ( ) SI_UNIT ( $, .RADIAN. ) );
#5027 = ORIENTED_EDGE ( 'NONE', *, *, #1275, .T. ) ;
#5028 = LINE ( 'NONE', #3392, #4725 ) ;
#5029 = LINE ( 'NONE', #3719, #3864 ) ;
#5030 = VERTEX_POINT ( 'NONE', #3281 ) ;
#5031 = CARTESIAN_POINT ( 'NONE',  ( -11.25000000000000355, 1.639969672667150123E-15, 6.200000000000000178 ) ) ;
#5032 = ORIENTED_EDGE ( 'NONE', *, *, #1085, .T. ) ;
#5033 = EDGE_CURVE ( 'NONE', #4164, #4594, #4158, .T. ) ;
#5034 = ORIENTED_EDGE ( 'NONE', *, *, #4089, .F. ) ;
#5035 = ORIENTED_EDGE ( 'NONE', *, *, #437, .F. ) ;
#5036 = CARTESIAN_POINT ( 'NONE',  ( 2.310000000000000053, 4.001037365484000574, 0.000000000000000000 ) ) ;
#5037 = CARTESIAN_POINT ( 'NONE',  ( -1.834951943477689764E-15, 11.90000000000000391, 6.200000000000000178 ) ) ;
#5038 = CARTESIAN_POINT ( 'NONE',  ( -53.85613382467781207, 28.99999999999999645, -15.23371018851364944 ) ) ;
#5039 = LINE ( 'NONE', #951, #2892 ) ;
#5040 = DIRECTION ( 'NONE',  ( 0.000000000000000000, 0.000000000000000000, 1.000000000000000000 ) ) ;
#5041 = MANIFOLD_SOLID_BREP ( 'Boss-Extrude1', #289 ) ;
#5042 = DIRECTION ( 'NONE',  ( -1.000000000000000000, -0.000000000000000000, -0.000000000000000000 ) ) ;
#5043 = VERTEX_POINT ( 'NONE', #2412 ) ;
#5044 = ADVANCED_FACE ( 'NONE', ( #4535 ), #3689, .F. ) ;
#5045 = CARTESIAN_POINT ( 'NONE',  ( -68.85613382467781207, 36.00000000000000000, 0.7662898114863467836 ) ) ;
#5046 = EDGE_LOOP ( 'NONE', ( #4880, #2724 ) ) ;
#5047 = CARTESIAN_POINT ( 'NONE',  ( -0.6499999999999931388, 16.10000000000000142, -2.799999999999998934 ) ) ;
#5048 = CARTESIAN_POINT ( 'NONE',  ( 9.999999999998724576, -104.4041602925917402, 5.000000000000000000 ) ) ;
#5049 = EDGE_CURVE ( 'NONE', #4595, #3792, #429, .T. ) ;
#5050 = PLANE ( 'NONE',  #820 ) ;
#5051 = ORIENTED_EDGE ( 'NONE', *, *, #173, .T. ) ;
#5052 = DIRECTION ( 'NONE',  ( -1.000000000000000000, 0.000000000000000000, 0.000000000000000000 ) ) ;
#5053 = CARTESIAN_POINT ( 'NONE',  ( -38.85613382467781207, 6.000000000000000000, -4.233710188513654771 ) ) ;
#5054 = EDGE_CURVE ( 'NONE', #5362, #839, #5195, .T. ) ;
#5055 = VERTEX_POINT ( 'NONE', #2900 ) ;
#5056 = VECTOR ( 'NONE', #1277, 1000.000000000000000 ) ;
#5057 = CARTESIAN_POINT ( 'NONE',  ( 5.050000000000006040, 11.90000000000000391, -6.199999999999999289 ) ) ;
#5058 = ORIENTED_EDGE ( 'NONE', *, *, #3446, .F. ) ;
#5059 = VECTOR ( 'NONE', #2296, 1000.000000000000000 ) ;
#5060 =( GEOMETRIC_REPRESENTATION_CONTEXT ( 3 ) GLOBAL_UNCERTAINTY_ASSIGNED_CONTEXT ( ( #4167 ) ) GLOBAL_UNIT_ASSIGNED_CONTEXT ( ( #1959, #1130, #4146 ) ) REPRESENTATION_CONTEXT ( 'NONE', 'WORKASPACE' ) );
#5061 = VERTEX_POINT ( 'NONE', #2211 ) ;
#5062 = ORIENTED_EDGE ( 'NONE', *, *, #1700, .T. ) ;
#5063 = DIRECTION ( 'NONE',  ( -0.000000000000000000, -0.000000000000000000, -1.000000000000000000 ) ) ;
#5064 = CARTESIAN_POINT ( 'NONE',  ( -58.35613382467781918, 28.99999999999999645, -5.233710188513652994 ) ) ;
#5065 = LINE ( 'NONE', #1319, #1630 ) ;
#5066 = CIRCLE ( 'NONE', #2194, 2.500000000000000000 ) ;
#5067 = DIRECTION ( 'NONE',  ( 0.000000000000000000, -0.000000000000000000, 1.000000000000000000 ) ) ;
#5068 = LINE ( 'NONE', #482, #3683 ) ;
#5069 = CARTESIAN_POINT ( 'NONE',  ( 0.000000000000000000, 0.000000000000000000, 0.000000000000000000 ) ) ;
#5070 = ORIENTED_EDGE ( 'NONE', *, *, #2216, .F. ) ;
#5071 = VECTOR ( 'NONE', #4541, 1000.000000000000000 ) ;
#5072 = CARTESIAN_POINT ( 'NONE',  ( -30.00000000000128253, -104.4041602925917260, 23.00000000000000000 ) ) ;
#5073 = DIRECTION ( 'NONE',  ( -1.000000000000000000, 0.000000000000000000, 0.000000000000000000 ) ) ;
#5074 =( LENGTH_UNIT ( ) NAMED_UNIT ( * ) SI_UNIT ( .MILLI., .METRE. ) );
#5075 = CYLINDRICAL_SURFACE ( 'NONE', #228, 2.600000000000003197 ) ;
#5076 = DIRECTION ( 'NONE',  ( 1.000000000000000000, 0.000000000000000000, 0.000000000000000000 ) ) ;
#5077 = EDGE_LOOP ( 'NONE', ( #2421, #3214, #144, #2616 ) ) ;
#5078 = DIRECTION ( 'NONE',  ( -0.000000000000000000, -1.000000000000000000, -0.000000000000000000 ) ) ;
#5079 = EDGE_CURVE ( 'NONE', #273, #4014, #2322, .T. ) ;
#5080 = VECTOR ( 'NONE', #3338, 1000.000000000000000 ) ;
#5081 = CARTESIAN_POINT ( 'NONE',  ( -51.77955355113704172, 27.33138807292363381, -13.63341239525840898 ) ) ;
#5082 = VERTEX_POINT ( 'NONE', #5130 ) ;
#5083 = AXIS2_PLACEMENT_3D ( 'NONE', #217, #2246, #4370 ) ;
#5084 = DIRECTION ( 'NONE',  ( 0.000000000000000000, 0.000000000000000000, 1.000000000000000000 ) ) ;
#5085 = VECTOR ( 'NONE', #2778, 1000.000000000000000 ) ;
#5086 = VERTEX_POINT ( 'NONE', #3512 ) ;
#5087 = EDGE_CURVE ( 'NONE', #3383, #1710, #1381, .T. ) ;
#5088 = AXIS2_PLACEMENT_3D ( 'NONE', #3980, #1105, #3671 ) ;
#5089 = VECTOR ( 'NONE', #3237, 1000.000000000000000 ) ;
#5090 = ORIENTED_EDGE ( 'NONE', *, *, #722, .F. ) ;
#5091 = ORIENTED_EDGE ( 'NONE', *, *, #5247, .T. ) ;
#5092 = DIRECTION ( 'NONE',  ( 1.000000000000000000, 0.000000000000000000, -0.000000000000000000 ) ) ;
#5093 = CARTESIAN_POINT ( 'NONE',  ( 9.551219330881977498, -11.07157287525381584, 3.300000000000002487 ) ) ;
#5094 = CARTESIAN_POINT ( 'NONE',  ( 14.86167644321005277, -21.90792339692136892, -13.86171701013480551 ) ) ;
#5095 = DIRECTION ( 'NONE',  ( -0.000000000000000000, -0.000000000000000000, 1.000000000000000000 ) ) ;
#5096 = DIRECTION ( 'NONE',  ( 0.000000000000000000, 0.000000000000000000, 1.000000000000000000 ) ) ;
#5097 = PRODUCT ( 'PenAssembley', 'PenAssembley', '', ( #4410 ) ) ;
#5098 = CARTESIAN_POINT ( 'NONE',  ( -43.85613382467781207, 28.99999999999999645, -5.233710188513652994 ) ) ;
#5099 = VERTEX_POINT ( 'NONE', #2551 ) ;
#5100 = EDGE_CURVE ( 'NONE', #3359, #71, #3805, .T. ) ;
#5101 = ORIENTED_EDGE ( 'NONE', *, *, #2470, .T. ) ;
#5102 = CARTESIAN_POINT ( 'NONE',  ( 0.000000000000000000, 0.000000000000000000, 3.601628314258999985 ) ) ;
#5103 = CARTESIAN_POINT ( 'NONE',  ( -37.49000000000128097, -93.40416029259172603, 25.00000000000000000 ) ) ;
#5104 = CARTESIAN_POINT ( 'NONE',  ( -68.85613382467781207, 6.000000000000000000, -28.73371018851364767 ) ) ;
#5105 = CARTESIAN_POINT ( 'NONE',  ( -49.35613382467781207, 28.99999999999999645, 0.7662898114863467836 ) ) ;
#5106 = EDGE_CURVE ( 'NONE', #3863, #5161, #1183, .T. ) ;
#5107 = FACE_BOUND ( 'NONE', #892, .T. ) ;
#5108 = VECTOR ( 'NONE', #5275, 1000.000000000000000 ) ;
#5109 = EDGE_LOOP ( 'NONE', ( #2783, #4617, #1953, #4501, #2376, #3245, #5236, #3485, #1814, #3831, #1652, #431, #4655, #880, #2678, #422 ) ) ;
#5110 = DIRECTION ( 'NONE',  ( 0.000000000000000000, -1.000000000000000000, 0.000000000000000000 ) ) ;
#5111 = CARTESIAN_POINT ( 'NONE',  ( -52.54997133435218615, 27.15381325021923331, -12.97923606197718271 ) ) ;
#5112 = AXIS2_PLACEMENT_3D ( 'NONE', #4718, #4791, #4317 ) ;
#5113 = ORIENTED_EDGE ( 'NONE', *, *, #2602, .F. ) ;
#5114 = EDGE_CURVE ( 'NONE', #2556, #5006, #635, .T. ) ;
#5115 = DIRECTION ( 'NONE',  ( 1.000000000000000000, 0.000000000000000000, 0.000000000000000000 ) ) ;
#5116 = ORIENTED_EDGE ( 'NONE', *, *, #1077, .T. ) ;
#5117 = CIRCLE ( 'NONE', #3718, 0.9000000000000014655 ) ;
#5118 = ORIENTED_EDGE ( 'NONE', *, *, #3454, .T. ) ;
#5119 = ORIENTED_EDGE ( 'NONE', *, *, #4412, .F. ) ;
#5120 = CARTESIAN_POINT ( 'NONE',  ( 16.05000000000000071, 7.600000000000003197, 6.200000000000000178 ) ) ;
#5121 = ADVANCED_FACE ( 'NONE', ( #1032 ), #4214, .F. ) ;
#5122 = ADVANCED_FACE ( 'NONE', ( #2295 ), #2505, .T. ) ;
#5123 = DIRECTION ( 'NONE',  ( -1.000000000000000000, 0.000000000000000000, 0.000000000000000000 ) ) ;
#5124 = DIRECTION ( 'NONE',  ( -1.000000000000000000, -7.228014483236699514E-16, 1.757105317124067965E-16 ) ) ;
#5125 = CARTESIAN_POINT ( 'NONE',  ( 5.050000000000006040, 16.10000000000000142, -4.336808689942017736E-16 ) ) ;
#5126 = ORIENTED_EDGE ( 'NONE', *, *, #523, .T. ) ;
#5127 = EDGE_CURVE ( 'NONE', #3661, #3909, #3639, .T. ) ;
#5128 = EDGE_LOOP ( 'NONE', ( #3310, #2087, #183, #4303 ) ) ;
#5129 = CARTESIAN_POINT ( 'NONE',  ( -14.81592238163611519, -11.90100000000000513, -0.5749999999999962919 ) ) ;
#5130 = CARTESIAN_POINT ( 'NONE',  ( -2.500000000000000000, -3.202451379770326846E-16, 0.3983716857409999590 ) ) ;
#5131 = CARTESIAN_POINT ( 'NONE',  ( -49.35613382467781207, 33.49999999999999289, -25.23371018851364767 ) ) ;
#5132 = DIRECTION ( 'NONE',  ( 0.000000000000000000, 0.000000000000000000, 1.000000000000000000 ) ) ;
#5133 = CARTESIAN_POINT ( 'NONE',  ( 0.000000000000000000, 0.000000000000000000, 3.601628314258999985 ) ) ;
#5134 = CARTESIAN_POINT ( 'NONE',  ( -35.00000000000127898, -104.4041602925917260, 5.000000000000000000 ) ) ;
#5135 = ORIENTED_EDGE ( 'NONE', *, *, #4226, .T. ) ;
#5136 = CARTESIAN_POINT ( 'NONE',  ( -51.25605404889699201, 27.50002765560135032, -15.40364278426273081 ) ) ;
#5137 = ORIENTED_EDGE ( 'NONE', *, *, #4226, .F. ) ;
#5138 = CARTESIAN_POINT ( 'NONE',  ( 5.050000000000006040, 18.95000000000000284, -4.336808689942017736E-16 ) ) ;
#5139 = ORIENTED_EDGE ( 'NONE', *, *, #1940, .F. ) ;
#5140 = ADVANCED_FACE ( 'NONE', ( #1801 ), #3466, .T. ) ;
#5141 = ORIENTED_EDGE ( 'NONE', *, *, #1182, .F. ) ;
#5142 = CARTESIAN_POINT ( 'NONE',  ( -2.310000000000000053, -4.001037365484000574, 0.3579571668980000010 ) ) ;
#5143 = CARTESIAN_POINT ( 'NONE',  ( -38.85613382467781207, 6.000000000000000000, -26.23371018851364767 ) ) ;
#5144 = ADVANCED_FACE ( 'NONE', ( #240 ), #5206, .F. ) ;
#5145 = DIRECTION ( 'NONE',  ( -1.000000000000000000, -0.000000000000000000, -0.000000000000000000 ) ) ;
#5146 = ORIENTED_EDGE ( 'NONE', *, *, #1375, .T. ) ;
#5147 = ORIENTED_EDGE ( 'NONE', *, *, #2609, .T. ) ;
#5148 = DIRECTION ( 'NONE',  ( 0.000000000000000000, 0.000000000000000000, 1.000000000000000000 ) ) ;
#5149 = VECTOR ( 'NONE', #3154, 1000.000000000000000 ) ;
#5150 = CARTESIAN_POINT ( 'NONE',  ( 5.050000000000006040, 16.10000000000000142, -4.336808689942017736E-16 ) ) ;
#5151 = DIRECTION ( 'NONE',  ( 0.000000000000000000, 1.000000000000000000, -0.000000000000000000 ) ) ;
#5152 = EDGE_CURVE ( 'NONE', #2028, #3661, #4207, .T. ) ;
#5153 = CARTESIAN_POINT ( 'NONE',  ( 13.65000000000000568, 7.599999999999995204, -3.851859888774471706E-31 ) ) ;
#5154 = VECTOR ( 'NONE', #1028, 1000.000000000000000 ) ;
#5155 = ADVANCED_FACE ( 'NONE', ( #1053 ), #2726, .F. ) ;
#5156 = DIRECTION ( 'NONE',  ( 0.000000000000000000, 1.000000000000000000, 0.000000000000000000 ) ) ;
#5157 = DIRECTION ( 'NONE',  ( -1.000000000000000000, 0.000000000000000000, 0.000000000000000000 ) ) ;
#5158 = AXIS2_PLACEMENT_3D ( 'NONE', #806, #4023, #3289 ) ;
#5159 = VERTEX_POINT ( 'NONE', #186 ) ;
#5160 = CARTESIAN_POINT ( 'NONE',  ( 26.99999999999872813, -104.4041602925917545, 5.000000000000000000 ) ) ;
#5161 = VERTEX_POINT ( 'NONE', #1406 ) ;
#5162 = EDGE_CURVE ( 'NONE', #720, #151, #2239, .T. ) ;
#5163 = FACE_OUTER_BOUND ( 'NONE', #5077, .T. ) ;
#5164 = ORIENTED_EDGE ( 'NONE', *, *, #241, .F. ) ;
#5165 = CIRCLE ( 'NONE', #1856, 2.425000000000000266 ) ;
#5166 = ORIENTED_EDGE ( 'NONE', *, *, #1269, .T. ) ;
#5167 = VECTOR ( 'NONE', #1728, 1000.000000000000000 ) ;
#5168 = VECTOR ( 'NONE', #3971, 999.9999999999998863 ) ;
#5169 = DIRECTION ( 'NONE',  ( 0.000000000000000000, 0.000000000000000000, 1.000000000000000000 ) ) ;
#5170 = FACE_OUTER_BOUND ( 'NONE', #2199, .T. ) ;
#5171 = DIRECTION ( 'NONE',  ( 6.982962677686254878E-15, -1.000000000000000000, -3.491481338843157810E-15 ) ) ;
#5172 = FACE_OUTER_BOUND ( 'NONE', #1679, .T. ) ;
#5173 = CIRCLE ( 'NONE', #4735, 2.900000000000000799 ) ;
#5174 = AXIS2_PLACEMENT_3D ( 'NONE', #3906, #4212, #190 ) ;
#5175 = ORIENTED_EDGE ( 'NONE', *, *, #2155, .F. ) ;
#5176 = VERTEX_POINT ( 'NONE', #1282 ) ;
#5177 = AXIS2_PLACEMENT_3D ( 'NONE', #4955, #4112, #3728 ) ;
#5178 = CARTESIAN_POINT ( 'NONE',  ( -53.85613382467781207, 33.49999999999999289, -17.83371018851365264 ) ) ;
#5179 = CIRCLE ( 'NONE', #2828, 2.355000000000002647 ) ;
#5180 = DIRECTION ( 'NONE',  ( 0.000000000000000000, 0.000000000000000000, 1.000000000000000000 ) ) ;
#5181 = EDGE_CURVE ( 'NONE', #2842, #5006, #2954, .T. ) ;
#5182 = CARTESIAN_POINT ( 'NONE',  ( -63.85613382467780497, 10.99999999999999645, -5.233710188513652994 ) ) ;
#5183 = DIRECTION ( 'NONE',  ( -1.000000000000000000, 4.336808689942018229E-16, -0.000000000000000000 ) ) ;
#5184 = VECTOR ( 'NONE', #5063, 1000.000000000000000 ) ;
#5185 = DIRECTION ( 'NONE',  ( 1.000000000000000000, -5.799999999999999583E-16, 0.000000000000000000 ) ) ;
#5186 = ADVANCED_FACE ( 'NONE', ( #4744, #4342 ), #2269, .F. ) ;
#5187 = FACE_BOUND ( 'NONE', #583, .T. ) ;
#5188 = ADVANCED_FACE ( 'NONE', ( #2861 ), #1543, .F. ) ;
#5189 = ORIENTED_EDGE ( 'NONE', *, *, #5304, .T. ) ;
#5190 = CARTESIAN_POINT ( 'NONE',  ( -52.70128856822685748, 27.12739008093769044, -17.56930965870867212 ) ) ;
#5191 = ORIENTED_EDGE ( 'NONE', *, *, #2289, .T. ) ;
#5192 = AXIS2_PLACEMENT_3D ( 'NONE', #551, #578, #2195 ) ;
#5193 = DIRECTION ( 'NONE',  ( 0.000000000000000000, 1.000000000000000000, 0.000000000000000000 ) ) ;
#5194 = EDGE_LOOP ( 'NONE', ( #863, #3271, #5328, #809 ) ) ;
#5195 = CIRCLE ( 'NONE', #1803, 2.900000000000002576 ) ;
#5196 = CARTESIAN_POINT ( 'NONE',  ( 26.99999999999873879, -82.40416029259175446, 5.000000000000000000 ) ) ;
#5197 = VERTEX_POINT ( 'NONE', #686 ) ;
#5198 = CARTESIAN_POINT ( 'NONE',  ( -63.85613382467780497, 28.99999999999999645, -5.233710188513652994 ) ) ;
#5199 = LINE ( 'NONE', #1976, #427 ) ;
#5200 = AXIS2_PLACEMENT_3D ( 'NONE', #2175, #124, #1762 ) ;
#5201 = EDGE_CURVE ( 'NONE', #459, #631, #4467, .T. ) ;
#5202 = CARTESIAN_POINT ( 'NONE',  ( -35.00000000000127898, -102.0491602925917221, 5.000000000000000000 ) ) ;
#5203 = ORIENTED_EDGE ( 'NONE', *, *, #4163, .F. ) ;
#5204 = ORIENTED_EDGE ( 'NONE', *, *, #4860, .F. ) ;
#5205 = FACE_OUTER_BOUND ( 'NONE', #5194, .T. ) ;
#5206 = PLANE ( 'NONE',  #5112 ) ;
#5207 = LINE ( 'NONE', #1464, #886 ) ;
#5208 = CARTESIAN_POINT ( 'NONE',  ( 8.350000000000006750, -11.90000000000000213, -6.200000000000000178 ) ) ;
#5209 = CARTESIAN_POINT ( 'NONE',  ( -18.00000000000127187, -77.40416029259172603, 23.00000000000000000 ) ) ;
#5210 = ADVANCED_FACE ( 'NONE', ( #2039 ), #397, .F. ) ;
#5211 = DIRECTION ( 'NONE',  ( 0.000000000000000000, 0.000000000000000000, -1.000000000000000000 ) ) ;
#5212 = ORIENTED_EDGE ( 'NONE', *, *, #4077, .T. ) ;
#5213 = LINE ( 'NONE', #4373, #2301 ) ;
#5214 = EDGE_CURVE ( 'NONE', #1062, #3677, #4523, .T. ) ;
#5215 = EDGE_CURVE ( 'NONE', #5325, #3010, #1602, .T. ) ;
#5216 = EDGE_LOOP ( 'NONE', ( #576, #738, #4155, #4689 ) ) ;
#5217 = LINE ( 'NONE', #3936, #3895 ) ;
#5218 = ORIENTED_EDGE ( 'NONE', *, *, #4013, .T. ) ;
#5219 = DIRECTION ( 'NONE',  ( -1.000000000000000000, -0.000000000000000000, -0.000000000000000000 ) ) ;
#5220 = ORIENTED_EDGE ( 'NONE', *, *, #3115, .T. ) ;
#5221 = DIRECTION ( 'NONE',  ( -0.000000000000000000, -0.000000000000000000, -1.000000000000000000 ) ) ;
#5222 = CARTESIAN_POINT ( 'NONE',  ( 8.350000000000006750, -11.90000000000000213, 6.200000000000001954 ) ) ;
#5223 = EDGE_LOOP ( 'NONE', ( #2771, #417, #2838, #1497 ) ) ;
#5224 = ORIENTED_EDGE ( 'NONE', *, *, #553, .F. ) ;
#5225 = LINE ( 'NONE', #3203, #4658 ) ;
#5226 = DIRECTION ( 'NONE',  ( 0.000000000000000000, 1.000000000000000000, 0.000000000000000000 ) ) ;
#5227 = DIRECTION ( 'NONE',  ( 0.000000000000000000, 0.000000000000000000, -1.000000000000000000 ) ) ;
#5228 = CARTESIAN_POINT ( 'NONE',  ( -11.25000000000000178, 11.90000000000000213, -6.200000000000000178 ) ) ;
#5229 = DIRECTION ( 'NONE',  ( 0.000000000000000000, 0.000000000000000000, 1.000000000000000000 ) ) ;
#5230 = AXIS2_PLACEMENT_3D ( 'NONE', #243, #1010, #4442 ) ;
#5231 = DIRECTION ( 'NONE',  ( -0.000000000000000000, 1.000000000000000000, -0.000000000000000000 ) ) ;
#5232 = EDGE_CURVE ( 'NONE', #852, #5197, #2344, .T. ) ;
#5233 = VECTOR ( 'NONE', #3674, 1000.000000000000000 ) ;
#5234 = ORIENTED_EDGE ( 'NONE', *, *, #4404, .T. ) ;
#5235 = CARTESIAN_POINT ( 'NONE',  ( -68.85613382467781207, 10.99999999999999645, 0.7662898114863467836 ) ) ;
#5236 = ORIENTED_EDGE ( 'NONE', *, *, #2292, .T. ) ;
#5237 = VECTOR ( 'NONE', #726, 1000.000000000000000 ) ;
#5238 = DIRECTION ( 'NONE',  ( 0.000000000000000000, 0.000000000000000000, -1.000000000000000000 ) ) ;
#5239 = ADVANCED_FACE ( 'NONE', ( #346 ), #1928, .T. ) ;
#5240 = ORIENTED_EDGE ( 'NONE', *, *, #599, .T. ) ;
#5241 = CARTESIAN_POINT ( 'NONE',  ( 14.99999999999872280, -109.4041602925917260, 25.00000000000000000 ) ) ;
#5242 = ORIENTED_EDGE ( 'NONE', *, *, #1269, .F. ) ;
#5243 = ADVANCED_FACE ( 'NONE', ( #4113 ), #4496, .F. ) ;
#5244 = EDGE_CURVE ( 'NONE', #2814, #4680, #681, .T. ) ;
#5245 = CARTESIAN_POINT ( 'NONE',  ( 22.48999999999873012, -93.40416029259172603, 28.00000000000000000 ) ) ;
#5246 = DIRECTION ( 'NONE',  ( 1.000000000000000000, 0.000000000000000000, 0.000000000000000000 ) ) ;
#5247 = EDGE_CURVE ( 'NONE', #1525, #4595, #4895, .T. ) ;
#5248 = FACE_OUTER_BOUND ( 'NONE', #5290, .T. ) ;
#5249 = DIRECTION ( 'NONE',  ( -1.000000000000000000, 0.000000000000000000, 0.000000000000000000 ) ) ;
#5250 = VECTOR ( 'NONE', #1620, 1000.000000000000000 ) ;
#5251 = ORIENTED_EDGE ( 'NONE', *, *, #3153, .T. ) ;
#5252 = ORIENTED_EDGE ( 'NONE', *, *, #2817, .T. ) ;
#5253 = CARTESIAN_POINT ( 'NONE',  ( -30.00000000000128253, -106.7591602925917158, 5.000000000000000000 ) ) ;
#5254 = DIRECTION ( 'NONE',  ( 1.084202172485504434E-16, 1.000000000000000000, 0.000000000000000000 ) ) ;
#5255 = CIRCLE ( 'NONE', #1612, 0.9000000000000014655 ) ;
#5256 = CIRCLE ( 'NONE', #496, 2.354999999999995985 ) ;
#5257 = CARTESIAN_POINT ( 'NONE',  ( -13.65000000000001279, 5.199999999999996625, 1.300000000000004041 ) ) ;
#5258 = EDGE_CURVE ( 'NONE', #5176, #1235, #5117, .T. ) ;
#5259 = CARTESIAN_POINT ( 'NONE',  ( -13.65000000000001279, 5.199999999999996625, 3.469446951953613794E-15 ) ) ;
#5260 = CARTESIAN_POINT ( 'NONE',  ( 0.000000000000000000, 0.000000000000000000, 0.3579571668980000010 ) ) ;
#5261 = CIRCLE ( 'NONE', #2913, 2.500000000000000000 ) ;
#5262 = CIRCLE ( 'NONE', #1696, 2.500000000000004885 ) ;
#5263 = CARTESIAN_POINT ( 'NONE',  ( -30.00000000000128253, -82.40416029259172603, 23.00000000000000000 ) ) ;
#5264 = ORIENTED_EDGE ( 'NONE', *, *, #2882, .T. ) ;
#5265 = AXIS2_PLACEMENT_3D ( 'NONE', #3837, #122, #4097 ) ;
#5266 = EDGE_CURVE ( 'NONE', #741, #273, #4931, .T. ) ;
#5267 = DIRECTION ( 'NONE',  ( 1.000000000000000000, -0.000000000000000000, 1.757105317124067718E-16 ) ) ;
#5268 = ORIENTED_EDGE ( 'NONE', *, *, #2705, .F. ) ;
#5269 = CARTESIAN_POINT ( 'NONE',  ( -30.00000000000128253, -104.4041602925917260, 11.00000000000000000 ) ) ;
#5270 = EDGE_LOOP ( 'NONE', ( #4324, #2874, #158, #1732 ) ) ;
#5271 = CARTESIAN_POINT ( 'NONE',  ( 0.000000000000000000, 0.000000000000000000, 6.200000000000000178 ) ) ;
#5272 = AXIS2_PLACEMENT_3D ( 'NONE', #3022, #2696, #4357 ) ;
#5273 = VERTEX_POINT ( 'NONE', #764 ) ;
#5274 = EDGE_CURVE ( 'NONE', #2476, #3667, #1488, .T. ) ;
#5275 = DIRECTION ( 'NONE',  ( 0.000000000000000000, 0.000000000000000000, 1.000000000000000000 ) ) ;
#5276 = APPLICATION_PROTOCOL_DEFINITION ( 'draft international standard', 'automotive_design', 1998, #2126 ) ;
#5277 = DIRECTION ( 'NONE',  ( -0.000000000000000000, 1.000000000000000000, -0.000000000000000000 ) ) ;
#5278 = AXIS2_PLACEMENT_3D ( 'NONE', #4377, #3991, #1913 ) ;
#5279 = DIRECTION ( 'NONE',  ( 1.000000000000000000, -0.000000000000000000, 0.000000000000000000 ) ) ;
#5280 = EDGE_LOOP ( 'NONE', ( #1367, #3893, #2128, #3475 ) ) ;
#5281 = EDGE_CURVE ( 'NONE', #1340, #3029, #1106, .T. ) ;
#5282 = ORIENTED_EDGE ( 'NONE', *, *, #457, .F. ) ;
#5283 = ORIENTED_EDGE ( 'NONE', *, *, #42, .F. ) ;
#5284 = CARTESIAN_POINT ( 'NONE',  ( 22.48999999999873012, -93.40416029259172603, 28.00000000000000000 ) ) ;
#5285 = CARTESIAN_POINT ( 'NONE',  ( -68.85613382467781207, 10.99999999999999645, -25.23371018851364767 ) ) ;
#5286 = DIRECTION ( 'NONE',  ( 0.000000000000000000, 0.000000000000000000, 1.000000000000000000 ) ) ;
#5287 = PRODUCT_DEFINITION_FORMATION_WITH_SPECIFIED_SOURCE ( 'ANY', '', #5097, .NOT_KNOWN. ) ;
#5288 = EDGE_CURVE ( 'NONE', #3723, #839, #1957, .T. ) ;
#5289 = CARTESIAN_POINT ( 'NONE',  ( 16.05000000000000426, 7.599999999999995204, 0.5749999999999999556 ) ) ;
#5290 = EDGE_LOOP ( 'NONE', ( #276, #4980, #3532, #4425 ) ) ;
#5291 = FACE_OUTER_BOUND ( 'NONE', #5109, .T. ) ;
#5292 = ORIENTED_EDGE ( 'NONE', *, *, #4749, .T. ) ;
#5293 = DIRECTION ( 'NONE',  ( 1.457750820148577388E-16, 1.000000000000000000, 0.000000000000000000 ) ) ;
#5294 = CARTESIAN_POINT ( 'NONE',  ( -51.60261294171640145, 27.38649356807592739, -16.54142429974069017 ) ) ;
#5295 = ORIENTED_EDGE ( 'NONE', *, *, #1891, .T. ) ;
#5296 = DIRECTION ( 'NONE',  ( -0.000000000000000000, 1.000000000000000000, -0.000000000000000000 ) ) ;
#5297 = CARTESIAN_POINT ( 'NONE',  ( -43.85613382467781207, 0.000000000000000000, -31.23371018851364767 ) ) ;
#5298 = ORIENTED_EDGE ( 'NONE', *, *, #4132, .F. ) ;
#5299 = LINE ( 'NONE', #3610, #3244 ) ;
#5300 = ORIENTED_EDGE ( 'NONE', *, *, #1879, .F. ) ;
#5301 = DIRECTION ( 'NONE',  ( -1.000000000000000000, -0.000000000000000000, -0.000000000000000000 ) ) ;
#5302 =( NAMED_UNIT ( * ) SI_UNIT ( $, .STERADIAN. ) SOLID_ANGLE_UNIT ( ) );
#5303 = DIRECTION ( 'NONE',  ( 1.000000000000000000, -0.000000000000000000, -0.000000000000000000 ) ) ;
#5304 = EDGE_CURVE ( 'NONE', #1637, #1681, #2774, .T. ) ;
#5305 = LINE ( 'NONE', #2978, #4295 ) ;
#5306 = ORIENTED_EDGE ( 'NONE', *, *, #722, .T. ) ;
#5307 = ORIENTED_EDGE ( 'NONE', *, *, #365, .T. ) ;
#5308 = FACE_BOUND ( 'NONE', #5046, .T. ) ;
#5309 = DIRECTION ( 'NONE',  ( 0.000000000000000000, 1.000000000000000000, 0.000000000000000000 ) ) ;
#5310 = ADVANCED_FACE ( 'NONE', ( #4868, #2801 ), #2007, .F. ) ;
#5311 = PLANE ( 'NONE',  #1926 ) ;
#5312 = CARTESIAN_POINT ( 'NONE',  ( -43.85613382467781207, 28.99999999999999645, 0.7662898114863467836 ) ) ;
#5313 = CARTESIAN_POINT ( 'NONE',  ( 7.499999999998722799, -82.40416029259172603, 17.00000000000000000 ) ) ;
#5314 = VERTEX_POINT ( 'NONE', #4573 ) ;
#5315 = AXIS2_PLACEMENT_3D ( 'NONE', #824, #4151, #434 ) ;
#5316 = EDGE_CURVE ( 'NONE', #3541, #1629, #762, .T. ) ;
#5317 = DIRECTION ( 'NONE',  ( 0.000000000000000000, -1.000000000000000000, 0.000000000000000000 ) ) ;
#5318 = EDGE_CURVE ( 'NONE', #1995, #1895, #5065, .T. ) ;
#5319 = ORIENTED_EDGE ( 'NONE', *, *, #2673, .F. ) ;
#5320 = DIRECTION ( 'NONE',  ( 0.000000000000000000, 1.000000000000000000, -0.000000000000000000 ) ) ;
#5321 = CIRCLE ( 'NONE', #3322, 1.300000000000000488 ) ;
#5322 = PLANE ( 'NONE',  #3161 ) ;
#5323 = ORIENTED_EDGE ( 'NONE', *, *, #2782, .F. ) ;
#5324 = CARTESIAN_POINT ( 'NONE',  ( -30.00000000000128253, -104.4041602925917260, 5.000000000000000000 ) ) ;
#5325 = VERTEX_POINT ( 'NONE', #3754 ) ;
#5326 = DIRECTION ( 'NONE',  ( -0.000000000000000000, -1.000000000000000000, -0.000000000000000000 ) ) ;
#5327 = CIRCLE ( 'NONE', #1491, 2.729999999999999982 ) ;
#5328 = ORIENTED_EDGE ( 'NONE', *, *, #4719, .T. ) ;
#5329 = FACE_BOUND ( 'NONE', #1823, .T. ) ;
#5330 = PRODUCT_CONTEXT ( 'NONE', #1943, 'mechanical' ) ;
#5331 = VECTOR ( 'NONE', #2000, 1000.000000000000000 ) ;
#5332 = PLANE ( 'NONE',  #2981 ) ;
#5333 = CARTESIAN_POINT ( 'NONE',  ( -53.85613382467781207, 28.99999999999999645, -15.23371018851364944 ) ) ;
#5334 = ORIENTED_EDGE ( 'NONE', *, *, #3687, .T. ) ;
#5335 = ORIENTED_EDGE ( 'NONE', *, *, #4910, .F. ) ;
#5336 = LINE ( 'NONE', #4597, #1784 ) ;
#5337 = CARTESIAN_POINT ( 'NONE',  ( -11.25000000000000355, 1.639969672667150123E-15, -6.200000000000000178 ) ) ;
#5338 = CARTESIAN_POINT ( 'NONE',  ( -35.00000000000127898, -77.40416029259172603, 25.00000000000000000 ) ) ;
#5339 = LINE ( 'NONE', #2451, #4018 ) ;
#5340 = VECTOR ( 'NONE', #4131, 1000.000000000000000 ) ;
#5341 = LINE ( 'NONE', #4469, #3061 ) ;
#5342 = PLANE ( 'NONE',  #410 ) ;
#5343 = ORIENTED_EDGE ( 'NONE', *, *, #2745, .T. ) ;
#5344 = ADVANCED_FACE ( 'NONE', ( #480, #4626 ), #3814, .F. ) ;
#5345 = AXIS2_PLACEMENT_3D ( 'NONE', #4481, #2695, #4354 ) ;
#5346 = PLANE ( 'NONE',  #1777 ) ;
#5347 = VECTOR ( 'NONE', #4584, 1000.000000000000000 ) ;
#5348 = ORIENTED_EDGE ( 'NONE', *, *, #5049, .F. ) ;
#5349 = DIRECTION ( 'NONE',  ( 0.000000000000000000, -1.000000000000000000, 0.000000000000000000 ) ) ;
#5350 = VECTOR ( 'NONE', #2210, 1000.000000000000000 ) ;
#5351 = VECTOR ( 'NONE', #4311, 1000.000000000000000 ) ;
#5352 = DIRECTION ( 'NONE',  ( 0.000000000000000000, -1.000000000000000000, 0.000000000000000000 ) ) ;
#5353 = ORIENTED_EDGE ( 'NONE', *, *, #3499, .F. ) ;
#5354 = ADVANCED_FACE ( 'NONE', ( #4984 ), #2510, .F. ) ;
#5355 = DIRECTION ( 'NONE',  ( -0.000000000000000000, -1.000000000000000000, -0.000000000000000000 ) ) ;
#5356 = LINE ( 'NONE', #4943, #3979 ) ;
#5357 = VERTEX_POINT ( 'NONE', #4173 ) ;
#5358 = CARTESIAN_POINT ( 'NONE',  ( -58.35613382467781918, 33.49999999999999289, -25.23371018851364767 ) ) ;
#5359 = VERTEX_POINT ( 'NONE', #2993 ) ;
#5360 = LINE ( 'NONE', #2878, #2754 ) ;
#5361 = DIRECTION ( 'NONE',  ( 0.000000000000000000, -1.000000000000000000, 0.000000000000000000 ) ) ;
#5362 = VERTEX_POINT ( 'NONE', #4956 ) ;
#5363 = LINE ( 'NONE', #3297, #3141 ) ;
#5364 = NEXT_ASSEMBLY_USAGE_OCCURRENCE ( 'NAUO1', ' ', ' ', #2995, #3862, $ ) ;
#5365 = NEXT_ASSEMBLY_USAGE_OCCURRENCE ( 'NAUO2', ' ', ' ', #2995, #1858, $ ) ;
#5366 = NEXT_ASSEMBLY_USAGE_OCCURRENCE ( 'NAUO3', ' ', ' ', #2995, #4823, $ ) ;
#5367 = NEXT_ASSEMBLY_USAGE_OCCURRENCE ( 'NAUO4', ' ', ' ', #2995, #1287, $ ) ;
#5368 = NEXT_ASSEMBLY_USAGE_OCCURRENCE ( 'NAUO5', ' ', ' ', #2995, #1287, $ ) ;
#5369 = NEXT_ASSEMBLY_USAGE_OCCURRENCE ( 'NAUO6', ' ', ' ', #2995, #1627, $ ) ;
ENDSEC;
END-ISO-10303-21;
