ISO-10303-21;
HEADER;
FILE_DESCRIPTION (( 'STEP AP203' ),
    '1' );
FILE_NAME ('PenHolderPlateFixed.step',
    '2026-02-14T19:24:07',
    ( '' ),
    ( '' ),
    'SwSTEP 2.0',
    'SolidWorks 2024',
    '' );
FILE_SCHEMA (( 'CONFIG_CONTROL_DESIGN' ));
ENDSEC;

DATA;
#1 = CYLINDRICAL_SURFACE ( 'NONE', #476, 2.600000000000003197 ) ;
#2 = CARTESIAN_POINT ( 'NONE',  ( -38.85613382467781207, 19.99999999999999645, -15.23371018851364944 ) ) ;
#3 = CARTESIAN_POINT ( 'NONE',  ( -53.85613382467781207, 28.99999999999999645, -17.83371018851365264 ) ) ;
#4 = EDGE_CURVE ( 'NONE', #468, #1147, #1288, .T. ) ;
#5 = DIRECTION ( 'NONE',  ( 0.000000000000000000, 1.000000000000000000, 0.000000000000000000 ) ) ;
#6 = ORIENTED_EDGE ( 'NONE', *, *, #991, .F. ) ;
#7 = VECTOR ( 'NONE', #623, 1000.000000000000000 ) ;
#8 = CARTESIAN_POINT ( 'NONE',  ( -63.85613382467780497, 28.99999999999999645, -25.23371018851364767 ) ) ;
#9 = VECTOR ( 'NONE', #1083, 1000.000000000000000 ) ;
#10 = ADVANCED_FACE ( 'NONE', ( #308 ), #1081, .F. ) ;
#11 = DIRECTION ( 'NONE',  ( -0.000000000000000000, -0.000000000000000000, 1.000000000000000000 ) ) ;
#12 = LINE ( 'NONE', #342, #1349 ) ;
#13 = EDGE_CURVE ( 'NONE', #369, #761, #303, .T. ) ;
#14 = LINE ( 'NONE', #432, #603 ) ;
#15 = EDGE_LOOP ( 'NONE', ( #484, #514, #927, #822, #958, #43 ) ) ;
#16 = DIRECTION ( 'NONE',  ( 0.000000000000000000, -0.000000000000000000, -1.000000000000000000 ) ) ;
#17 = DIRECTION ( 'NONE',  ( 0.000000000000000000, 1.000000000000000000, 0.000000000000000000 ) ) ;
#18 = VECTOR ( 'NONE', #126, 1000.000000000000000 ) ;
#19 = CARTESIAN_POINT ( 'NONE',  ( -63.85613382467780497, 28.99999999999999645, -31.23371018851364767 ) ) ;
#20 = ORIENTED_EDGE ( 'NONE', *, *, #971, .T. ) ;
#21 = DIRECTION ( 'NONE',  ( 0.000000000000000000, -1.000000000000000000, 0.000000000000000000 ) ) ;
#22 = COORDINATED_UNIVERSAL_TIME_OFFSET ( 0, 0, .AHEAD. ) ;
#23 = CARTESIAN_POINT ( 'NONE',  ( -51.27302859892815690, 27.49409310373528470, -14.89168394046351196 ) ) ;
#24 = CARTESIAN_POINT ( 'NONE',  ( -54.19868593619960251, 27.04124029229001280, -17.81677567363223247 ) ) ;
#25 = VERTEX_POINT ( 'NONE', #296 ) ;
#26 = DIRECTION ( 'NONE',  ( 0.000000000000000000, 1.000000000000000000, -0.000000000000000000 ) ) ;
#27 = AXIS2_PLACEMENT_3D ( 'NONE', #179, #50, #132 ) ;
#28 = ORIENTED_EDGE ( 'NONE', *, *, #991, .T. ) ;
#29 = VECTOR ( 'NONE', #784, 1000.000000000000000 ) ;
#30 = EDGE_CURVE ( 'NONE', #71, #111, #545, .T. ) ;
#31 = AXIS2_PLACEMENT_3D ( 'NONE', #584, #38, #569 ) ;
#32 = CARTESIAN_POINT ( 'NONE',  ( -38.85613382467781207, 10.99999999999999645, -31.23371018851364767 ) ) ;
#33 = CARTESIAN_POINT ( 'NONE',  ( -54.53302912740655017, 27.06544422432841301, -12.71761053899009752 ) ) ;
#34 = ORIENTED_EDGE ( 'NONE', *, *, #1137, .F. ) ;
#35 = DIRECTION ( 'NONE',  ( 1.000000000000000000, 0.000000000000000000, 0.000000000000000000 ) ) ;
#36 = ORIENTED_EDGE ( 'NONE', *, *, #99, .F. ) ;
#37 = ORIENTED_EDGE ( 'NONE', *, *, #1077, .T. ) ;
#38 = DIRECTION ( 'NONE',  ( 0.000000000000000000, 0.000000000000000000, -1.000000000000000000 ) ) ;
#39 = CIRCLE ( 'NONE', #853, 2.600000000000003197 ) ;
#40 = DIRECTION ( 'NONE',  ( 0.000000000000000000, 0.000000000000000000, 1.000000000000000000 ) ) ;
#41 = ORIENTED_EDGE ( 'NONE', *, *, #55, .T. ) ;
#42 = CARTESIAN_POINT ( 'NONE',  ( -68.85613382467781207, 0.000000000000000000, 0.7662898114863467836 ) ) ;
#43 = ORIENTED_EDGE ( 'NONE', *, *, #665, .T. ) ;
#44 = ORIENTED_EDGE ( 'NONE', *, *, #55, .F. ) ;
#45 = CARTESIAN_POINT ( 'NONE',  ( -51.34033820359397993, 27.47115964541128719, -14.55533937945282119 ) ) ;
#46 = ADVANCED_FACE ( 'NONE', ( #739 ), #538, .F. ) ;
#47 = CARTESIAN_POINT ( 'NONE',  ( -56.32231909642731438, 27.45440838856216814, -16.07464526101167834 ) ) ;
#48 = EDGE_LOOP ( 'NONE', ( #1018, #256, #578, #1042 ) ) ;
#49 = LINE ( 'NONE', #467, #117 ) ;
#50 = DIRECTION ( 'NONE',  ( 0.000000000000000000, 0.000000000000000000, 1.000000000000000000 ) ) ;
#51 = VERTEX_POINT ( 'NONE', #870 ) ;
#52 = VECTOR ( 'NONE', #90, 1000.000000000000000 ) ;
#53 = ORIENTED_EDGE ( 'NONE', *, *, #1142, .T. ) ;
#54 = VECTOR ( 'NONE', #196, 1000.000000000000000 ) ;
#55 = EDGE_CURVE ( 'NONE', #1245, #377, #502, .T. ) ;
#56 = AXIS2_PLACEMENT_3D ( 'NONE', #1335, #115, #783 ) ;
#57 = DIRECTION ( 'NONE',  ( 0.000000000000000000, -1.000000000000000000, -0.000000000000000000 ) ) ;
#58 = VECTOR ( 'NONE', #528, 1000.000000000000000 ) ;
#59 = CARTESIAN_POINT ( 'NONE',  ( -56.43928472922925010, 27.49410882121524580, -14.89197858473749747 ) ) ;
#60 = AXIS2_PLACEMENT_3D ( 'NONE', #1079, #972, #397 ) ;
#61 = ORIENTED_EDGE ( 'NONE', *, *, #1226, .T. ) ;
#62 = DIRECTION ( 'NONE',  ( -1.000000000000000000, -0.000000000000000000, -0.000000000000000000 ) ) ;
#63 = ORIENTED_EDGE ( 'NONE', *, *, #624, .T. ) ;
#64 = EDGE_LOOP ( 'NONE', ( #282, #1033, #36, #475 ) ) ;
#65 = DIRECTION ( 'NONE',  ( -1.000000000000000000, 0.000000000000000000, 0.000000000000000000 ) ) ;
#66 = CARTESIAN_POINT ( 'NONE',  ( -38.85613382467781207, 6.000000000000000000, -4.233710188513654771 ) ) ;
#67 = ORIENTED_EDGE ( 'NONE', *, *, #478, .T. ) ;
#68 = AXIS2_PLACEMENT_3D ( 'NONE', #261, #279, #178 ) ;
#69 = CARTESIAN_POINT ( 'NONE',  ( -63.85613382467780497, 28.99999999999999645, -25.23371018851364767 ) ) ;
#70 = LINE ( 'NONE', #272, #933 ) ;
#71 = VERTEX_POINT ( 'NONE', #532 ) ;
#72 = CARTESIAN_POINT ( 'NONE',  ( -63.85613382467780497, 0.000000000000000000, 0.7662898114863467836 ) ) ;
#73 = CARTESIAN_POINT ( 'NONE',  ( -63.85613382467780497, 6.000000000000000000, -4.233710188513654771 ) ) ;
#74 = ORIENTED_EDGE ( 'NONE', *, *, #539, .F. ) ;
#75 = EDGE_CURVE ( 'NONE', #660, #369, #87, .T. ) ;
#76 = CARTESIAN_POINT ( 'NONE',  ( -38.85613382467781207, 10.99999999999999645, -5.233710188513652994 ) ) ;
#77 = APPROVAL_ROLE ( '' ) ;
#78 = VERTEX_POINT ( 'NONE', #981 ) ;
#79 = ORIENTED_EDGE ( 'NONE', *, *, #371, .T. ) ;
#80 = EDGE_CURVE ( 'NONE', #254, #153, #1428, .T. ) ;
#81 = LINE ( 'NONE', #72, #1259 ) ;
#82 = VECTOR ( 'NONE', #338, 1000.000000000000000 ) ;
#83 = DIRECTION ( 'NONE',  ( 0.000000000000000000, 0.000000000000000000, 1.000000000000000000 ) ) ;
#84 = VECTOR ( 'NONE', #444, 1000.000000000000000 ) ;
#85 = CARTESIAN_POINT ( 'NONE',  ( -53.85613382467781207, 28.99999999999999645, -12.63371018851364624 ) ) ;
#86 = VERTEX_POINT ( 'NONE', #8 ) ;
#87 = LINE ( 'NONE', #862, #732 ) ;
#88 = FACE_OUTER_BOUND ( 'NONE', #1399, .T. ) ;
#89 = DIRECTION ( 'NONE',  ( -1.000000000000000000, -0.000000000000000000, -0.000000000000000000 ) ) ;
#90 = DIRECTION ( 'NONE',  ( 0.000000000000000000, -1.000000000000000000, 0.000000000000000000 ) ) ;
#91 = ORIENTED_EDGE ( 'NONE', *, *, #971, .F. ) ;
#92 = AXIS2_PLACEMENT_3D ( 'NONE', #455, #1319, #345 ) ;
#93 = CARTESIAN_POINT ( 'NONE',  ( -38.85613382467781207, 0.000000000000000000, -31.23371018851364767 ) ) ;
#94 = DIRECTION ( 'NONE',  ( -0.000000000000000000, 1.000000000000000000, -0.000000000000000000 ) ) ;
#95 = EDGE_CURVE ( 'NONE', #559, #726, #1336, .T. ) ;
#96 = CARTESIAN_POINT ( 'NONE',  ( -43.85613382467781207, 0.000000000000000000, -25.23371018851364767 ) ) ;
#97 = ORIENTED_EDGE ( 'NONE', *, *, #582, .T. ) ;
#98 = LINE ( 'NONE', #664, #1001 ) ;
#99 = EDGE_CURVE ( 'NONE', #396, #287, #560, .T. ) ;
#100 =( GEOMETRIC_REPRESENTATION_CONTEXT ( 3 ) GLOBAL_UNCERTAINTY_ASSIGNED_CONTEXT ( ( #306 ) ) GLOBAL_UNIT_ASSIGNED_CONTEXT ( ( #1170, #929, #1052 ) ) REPRESENTATION_CONTEXT ( 'NONE', 'WORKASPACE' ) );
#101 = LINE ( 'NONE', #128, #1093 ) ;
#102 = DESIGN_CONTEXT ( 'detailed design', #353, 'design' ) ;
#103 = AXIS2_PLACEMENT_3D ( 'NONE', #216, #1216, #1090 ) ;
#104 = CARTESIAN_POINT ( 'NONE',  ( -63.85613382467780497, 28.99999999999999645, -5.233710188513652994 ) ) ;
#105 = VECTOR ( 'NONE', #426, 1000.000000000000000 ) ;
#106 = ORIENTED_EDGE ( 'NONE', *, *, #1410, .F. ) ;
#107 = CARTESIAN_POINT ( 'NONE',  ( -63.85613382467780497, 6.000000000000000000, -4.233710188513654771 ) ) ;
#108 = CARTESIAN_POINT ( 'NONE',  ( -43.85613382467781207, 0.000000000000000000, 0.000000000000000000 ) ) ;
#109 = DIRECTION ( 'NONE',  ( 0.000000000000000000, 0.000000000000000000, -1.000000000000000000 ) ) ;
#110 = DIRECTION ( 'NONE',  ( 0.000000000000000000, 0.000000000000000000, 1.000000000000000000 ) ) ;
#111 = VERTEX_POINT ( 'NONE', #220 ) ;
#112 = CARTESIAN_POINT ( 'NONE',  ( -49.35613382467781207, 28.99999999999999645, -25.23371018851364767 ) ) ;
#113 = VECTOR ( 'NONE', #340, 1000.000000000000000 ) ;
#114 = FACE_BOUND ( 'NONE', #274, .T. ) ;
#115 = DIRECTION ( 'NONE',  ( -1.000000000000000000, -0.000000000000000000, -0.000000000000000000 ) ) ;
#116 = CARTESIAN_POINT ( 'NONE',  ( -38.85613382467781207, 6.000000000000000000, -4.233710188513654771 ) ) ;
#117 = VECTOR ( 'NONE', #594, 1000.000000000000000 ) ;
#118 = ORIENTED_EDGE ( 'NONE', *, *, #435, .F. ) ;
#119 = ADVANCED_FACE ( 'NONE', ( #1232 ), #242, .F. ) ;
#120 = CARTESIAN_POINT ( 'NONE',  ( -38.85613382467781207, 6.000000000000000000, -23.73371018851364411 ) ) ;
#121 = DIRECTION ( 'NONE',  ( 0.000000000000000000, 0.000000000000000000, 1.000000000000000000 ) ) ;
#122 = FACE_BOUND ( 'NONE', #1087, .T. ) ;
#123 = CARTESIAN_POINT ( 'NONE',  ( -43.85613382467781207, 10.99999999999999645, -25.23371018851364767 ) ) ;
#124 = VERTEX_POINT ( 'NONE', #1346 ) ;
#125 = AXIS2_PLACEMENT_3D ( 'NONE', #66, #89, #83 ) ;
#126 = DIRECTION ( 'NONE',  ( -0.000000000000000000, 1.000000000000000000, -0.000000000000000000 ) ) ;
#127 = VECTOR ( 'NONE', #880, 1000.000000000000000 ) ;
#128 = CARTESIAN_POINT ( 'NONE',  ( -68.85613382467781207, 0.000000000000000000, -31.23371018851364767 ) ) ;
#129 = DIRECTION ( 'NONE',  ( 0.000000000000000000, -1.000000000000000000, 0.000000000000000000 ) ) ;
#130 = ORIENTED_EDGE ( 'NONE', *, *, #797, .T. ) ;
#131 = CARTESIAN_POINT ( 'NONE',  ( -63.85613382467780497, 6.000000000000000000, -28.73371018851364767 ) ) ;
#132 = DIRECTION ( 'NONE',  ( 1.000000000000000000, 0.000000000000000000, 0.000000000000000000 ) ) ;
#133 = CARTESIAN_POINT ( 'NONE',  ( -38.85613382467781207, 36.00000000000000000, -31.23371018851364767 ) ) ;
#134 = DIRECTION ( 'NONE',  ( -0.000000000000000000, -1.000000000000000000, -0.000000000000000000 ) ) ;
#135 = ORIENTED_EDGE ( 'NONE', *, *, #644, .T. ) ;
#136 = ADVANCED_FACE ( 'NONE', ( #1006, #552, #786 ), #1225, .F. ) ;
#137 = DIRECTION ( 'NONE',  ( -0.000000000000000000, 1.000000000000000000, -0.000000000000000000 ) ) ;
#138 = VERTEX_POINT ( 'NONE', #893 ) ;
#139 = CARTESIAN_POINT ( 'NONE',  ( -43.85613382467781207, 28.99999999999999645, -25.23371018851364767 ) ) ;
#140 = EDGE_CURVE ( 'NONE', #761, #1101, #656, .T. ) ;
#141 = CARTESIAN_POINT ( 'NONE',  ( -63.85613382467780497, 0.000000000000000000, -25.23371018851364767 ) ) ;
#142 = EDGE_LOOP ( 'NONE', ( #836, #41 ) ) ;
#143 = DIRECTION ( 'NONE',  ( 0.000000000000000000, 0.000000000000000000, -1.000000000000000000 ) ) ;
#144 = EDGE_CURVE ( 'NONE', #421, #1194, #233, .T. ) ;
#145 = ORIENTED_EDGE ( 'NONE', *, *, #1082, .T. ) ;
#146 = CIRCLE ( 'NONE', #1212, 7.499999999999999112 ) ;
#147 = ORIENTED_EDGE ( 'NONE', *, *, #624, .F. ) ;
#148 = CIRCLE ( 'NONE', #402, 2.500000000000002220 ) ;
#149 = DIRECTION ( 'NONE',  ( 0.000000000000000000, 0.000000000000000000, -1.000000000000000000 ) ) ;
#150 = DIRECTION ( 'NONE',  ( -0.000000000000000000, 1.000000000000000000, -0.000000000000000000 ) ) ;
#151 = VERTEX_POINT ( 'NONE', #112 ) ;
#152 = CARTESIAN_POINT ( 'NONE',  ( -68.85613382467781207, 36.00000000000000000, -31.23371018851364767 ) ) ;
#153 = VERTEX_POINT ( 'NONE', #662 ) ;
#154 = VERTEX_POINT ( 'NONE', #131 ) ;
#155 = ADVANCED_FACE ( 'NONE', ( #683 ), #905, .F. ) ;
#156 = CARTESIAN_POINT ( 'NONE',  ( -52.69874833847944018, 27.12778778665275681, -12.89931163795577795 ) ) ;
#157 = CARTESIAN_POINT ( 'NONE',  ( -55.01307054048841394, 27.12771084894775342, -12.89907579922702396 ) ) ;
#158 = VERTEX_POINT ( 'NONE', #1213 ) ;
#159 = CIRCLE ( 'NONE', #900, 2.500000000000000888 ) ;
#160 = CARTESIAN_POINT ( 'NONE',  ( -53.85613382467781207, 36.00000000000000000, -17.83371018851365264 ) ) ;
#161 = ORIENTED_EDGE ( 'NONE', *, *, #716, .F. ) ;
#162 = EDGE_CURVE ( 'NONE', #158, #605, #1012, .T. ) ;
#163 = EDGE_LOOP ( 'NONE', ( #1382, #1301, #106, #487 ) ) ;
#164 = CARTESIAN_POINT ( 'NONE',  ( -43.85613382467781207, 6.000000000000000000, -26.23371018851364767 ) ) ;
#165 = APPROVAL ( #1191, 'UNSPECIFIED' ) ;
#166 = DIRECTION ( 'NONE',  ( 0.000000000000000000, 0.000000000000000000, -1.000000000000000000 ) ) ;
#167 = ORIENTED_EDGE ( 'NONE', *, *, #1082, .F. ) ;
#168 = FACE_BOUND ( 'NONE', #1241, .T. ) ;
#169 = COORDINATED_UNIVERSAL_TIME_OFFSET ( 0, 0, .AHEAD. ) ;
#170 = ORIENTED_EDGE ( 'NONE', *, *, #144, .T. ) ;
#171 = CC_DESIGN_APPROVAL ( #781, ( #978 ) ) ;
#172 = EDGE_LOOP ( 'NONE', ( #1109, #954, #1324, #1386 ) ) ;
#173 = VECTOR ( 'NONE', #719, 1000.000000000000000 ) ;
#174 = VECTOR ( 'NONE', #208, 1000.000000000000000 ) ;
#175 = FACE_OUTER_BOUND ( 'NONE', #1026, .T. ) ;
#176 = DIRECTION ( 'NONE',  ( -1.000000000000000000, -0.000000000000000000, -0.000000000000000000 ) ) ;
#177 = ORIENTED_EDGE ( 'NONE', *, *, #1412, .T. ) ;
#178 = DIRECTION ( 'NONE',  ( 0.000000000000000000, -0.000000000000000000, 1.000000000000000000 ) ) ;
#179 = CARTESIAN_POINT ( 'NONE',  ( 0.000000000000000000, 0.000000000000000000, 0.000000000000000000 ) ) ;
#180 = EDGE_LOOP ( 'NONE', ( #1005, #199, #1372, #381 ) ) ;
#181 = ORIENTED_EDGE ( 'NONE', *, *, #1016, .F. ) ;
#182 = LINE ( 'NONE', #1055, #266 ) ;
#183 = EDGE_CURVE ( 'NONE', #850, #270, #1359, .T. ) ;
#184 = CARTESIAN_POINT ( 'NONE',  ( -53.85613382467781207, 33.49999999999999289, -17.83371018851365264 ) ) ;
#185 = VERTEX_POINT ( 'NONE', #998 ) ;
#186 = DIRECTION ( 'NONE',  ( 0.000000000000000000, 0.000000000000000000, 1.000000000000000000 ) ) ;
#187 = EDGE_CURVE ( 'NONE', #936, #973, #1333, .T. ) ;
#188 = ORIENTED_EDGE ( 'NONE', *, *, #1030, .F. ) ;
#189 = CARTESIAN_POINT ( 'NONE',  ( -63.85613382467780497, 0.000000000000000000, -31.23371018851364767 ) ) ;
#190 = CARTESIAN_POINT ( 'NONE',  ( -68.85613382467781207, 36.00000000000000000, -25.23371018851364767 ) ) ;
#191 = LINE ( 'NONE', #1312, #793 ) ;
#192 = CC_DESIGN_PERSON_AND_ORGANIZATION_ASSIGNMENT ( #235, #679, ( #978 ) ) ;
#193 = DIRECTION ( 'NONE',  ( -1.000000000000000000, -0.000000000000000000, -0.000000000000000000 ) ) ;
#194 = CARTESIAN_POINT ( 'NONE',  ( -58.35613382467781918, 28.99999999999999645, -25.23371018851364767 ) ) ;
#195 = AXIS2_PLACEMENT_3D ( 'NONE', #771, #459, #896 ) ;
#196 = DIRECTION ( 'NONE',  ( -1.000000000000000000, -0.000000000000000000, -0.000000000000000000 ) ) ;
#197 = CIRCLE ( 'NONE', #606, 2.500000000000002220 ) ;
#198 = DIRECTION ( 'NONE',  ( -1.000000000000000000, 0.000000000000000000, 0.000000000000000000 ) ) ;
#199 = ORIENTED_EDGE ( 'NONE', *, *, #669, .T. ) ;
#200 = FACE_OUTER_BOUND ( 'NONE', #1230, .T. ) ;
#201 = EDGE_CURVE ( 'NONE', #270, #1285, #1129, .T. ) ;
#202 = DIRECTION ( 'NONE',  ( 0.000000000000000000, 0.000000000000000000, 1.000000000000000000 ) ) ;
#203 = DIRECTION ( 'NONE',  ( -1.000000000000000000, -0.000000000000000000, -0.000000000000000000 ) ) ;
#204 = ORIENTED_EDGE ( 'NONE', *, *, #1380, .T. ) ;
#205 = ORIENTED_EDGE ( 'NONE', *, *, #224, .T. ) ;
#206 = VECTOR ( 'NONE', #21, 1000.000000000000000 ) ;
#207 = EDGE_CURVE ( 'NONE', #615, #697, #1434, .T. ) ;
#208 = DIRECTION ( 'NONE',  ( -1.000000000000000000, -0.000000000000000000, -0.000000000000000000 ) ) ;
#209 = EDGE_CURVE ( 'NONE', #124, #247, #765, .T. ) ;
#210 = CARTESIAN_POINT ( 'NONE',  ( -43.85613382467781207, 36.00000000000000000, -5.233710188513652994 ) ) ;
#211 = VECTOR ( 'NONE', #286, 1000.000000000000000 ) ;
#212 = CARTESIAN_POINT ( 'NONE',  ( -43.85613382467781207, 36.00000000000000000, -31.23371018851364767 ) ) ;
#213 = DIRECTION ( 'NONE',  ( 0.000000000000000000, -0.000000000000000000, 1.000000000000000000 ) ) ;
#214 = FACE_BOUND ( 'NONE', #601, .T. ) ;
#215 = LOCAL_TIME ( 19, 24, 7.000000000000000000, #953 ) ;
#216 = CARTESIAN_POINT ( 'NONE',  ( -63.85613382467780497, 0.000000000000000000, 0.000000000000000000 ) ) ;
#217 = VECTOR ( 'NONE', #1032, 1000.000000000000000 ) ;
#218 = FACE_OUTER_BOUND ( 'NONE', #374, .T. ) ;
#219 = AXIS2_PLACEMENT_3D ( 'NONE', #1322, #563, #554 ) ;
#220 = CARTESIAN_POINT ( 'NONE',  ( -43.85613382467781207, 6.000000000000000000, -1.733710188513654105 ) ) ;
#221 = ADVANCED_FACE ( 'NONE', ( #992 ), #1, .F. ) ;
#222 = DIRECTION ( 'NONE',  ( -0.000000000000000000, -0.000000000000000000, -1.000000000000000000 ) ) ;
#223 = CARTESIAN_POINT ( 'NONE',  ( -38.85613382467781207, 28.99999999999999645, -25.23371018851364767 ) ) ;
#224 = EDGE_CURVE ( 'NONE', #1268, #285, #1219, .T. ) ;
#225 = LINE ( 'NONE', #1108, #29 ) ;
#226 = ORIENTED_EDGE ( 'NONE', *, *, #1011, .F. ) ;
#227 = DIRECTION ( 'NONE',  ( 1.000000000000000000, 0.000000000000000000, 0.000000000000000000 ) ) ;
#228 = EDGE_CURVE ( 'NONE', #1245, #922, #721, .T. ) ;
#229 = LINE ( 'NONE', #1220, #676 ) ;
#230 = CARTESIAN_POINT ( 'NONE',  ( -38.85613382467781207, 19.99999999999999645, -15.23371018851364944 ) ) ;
#231 = FACE_OUTER_BOUND ( 'NONE', #1154, .T. ) ;
#232 = ORIENTED_EDGE ( 'NONE', *, *, #716, .T. ) ;
#233 = LINE ( 'NONE', #1110, #1180 ) ;
#234 = ORIENTED_EDGE ( 'NONE', *, *, #438, .F. ) ;
#235 = PERSON_AND_ORGANIZATION ( #1162, #861 ) ;
#236 = LINE ( 'NONE', #673, #127 ) ;
#237 = LOCAL_TIME ( 19, 24, 7.000000000000000000, #390 ) ;
#238 = LINE ( 'NONE', #212, #627 ) ;
#239 = VECTOR ( 'NONE', #1303, 1000.000000000000000 ) ;
#240 = ORIENTED_EDGE ( 'NONE', *, *, #1040, .F. ) ;
#241 = CIRCLE ( 'NONE', #425, 2.500000000000002220 ) ;
#242 = PLANE ( 'NONE',  #92 ) ;
#243 = PERSON_AND_ORGANIZATION ( #1162, #861 ) ;
#244 = DIRECTION ( 'NONE',  ( 1.000000000000000000, -0.000000000000000000, 0.000000000000000000 ) ) ;
#245 = EDGE_CURVE ( 'NONE', #844, #138, #1262, .T. ) ;
#246 = CARTESIAN_POINT ( 'NONE',  ( -54.02934355144573431, 27.03491293478462865, -12.63371018851364802 ) ) ;
#247 = VERTEX_POINT ( 'NONE', #496 ) ;
#248 = CARTESIAN_POINT ( 'NONE',  ( -68.85613382467781207, 10.99999999999999645, -5.233710188513652994 ) ) ;
#249 = ORIENTED_EDGE ( 'NONE', *, *, #671, .F. ) ;
#250 = ADVANCED_FACE ( 'NONE', ( #472 ), #939, .T. ) ;
#251 = VECTOR ( 'NONE', #807, 1000.000000000000000 ) ;
#252 = CARTESIAN_POINT ( 'NONE',  ( -51.39002000797241720, 27.45438276288223989, -16.07496037421302759 ) ) ;
#253 = CARTESIAN_POINT ( 'NONE',  ( -56.45609238504843574, 27.49998563426217402, -15.06177090520655604 ) ) ;
#254 = VERTEX_POINT ( 'NONE', #713 ) ;
#255 = DIRECTION ( 'NONE',  ( -1.000000000000000000, 0.000000000000000000, 0.000000000000000000 ) ) ;
#256 = ORIENTED_EDGE ( 'NONE', *, *, #13, .F. ) ;
#257 = ORIENTED_EDGE ( 'NONE', *, *, #1119, .F. ) ;
#258 = DIRECTION ( 'NONE',  ( 0.000000000000000000, 0.000000000000000000, -1.000000000000000000 ) ) ;
#259 = CARTESIAN_POINT ( 'NONE',  ( -55.01217700998482485, 27.12757442090106252, -17.56875472354184708 ) ) ;
#260 = ORIENTED_EDGE ( 'NONE', *, *, #346, .F. ) ;
#261 = CARTESIAN_POINT ( 'NONE',  ( 0.000000000000000000, 10.99999999999999645, 0.000000000000000000 ) ) ;
#262 = ADVANCED_FACE ( 'NONE', ( #1151, #1043 ), #481, .F. ) ;
#263 = ORIENTED_EDGE ( 'NONE', *, *, #1429, .T. ) ;
#264 = VECTOR ( 'NONE', #518, 1000.000000000000000 ) ;
#265 = EDGE_LOOP ( 'NONE', ( #607, #806, #641, #240 ) ) ;
#266 = VECTOR ( 'NONE', #622, 1000.000000000000000 ) ;
#267 = DIRECTION ( 'NONE',  ( -1.000000000000000000, -0.000000000000000000, -0.000000000000000000 ) ) ;
#268 = CARTESIAN_POINT ( 'NONE',  ( -56.37182225304992045, 27.47112411122803621, -15.91219242728378624 ) ) ;
#269 = EDGE_CURVE ( 'NONE', #491, #396, #692, .T. ) ;
#270 = VERTEX_POINT ( 'NONE', #1034 ) ;
#271 = CARTESIAN_POINT ( 'NONE',  ( -68.85613382467781207, 10.99999999999999645, 0.7662898114863467836 ) ) ;
#272 = CARTESIAN_POINT ( 'NONE',  ( -49.35613382467781207, 28.99999999999999645, -25.23371018851364767 ) ) ;
#273 = EDGE_LOOP ( 'NONE', ( #724, #1381, #668, #531 ) ) ;
#274 = EDGE_LOOP ( 'NONE', ( #511, #428 ) ) ;
#275 = LINE ( 'NONE', #133, #938 ) ;
#276 = DIRECTION ( 'NONE',  ( 0.000000000000000000, 0.000000000000000000, 1.000000000000000000 ) ) ;
#277 = ORIENTED_EDGE ( 'NONE', *, *, #331, .F. ) ;
#278 = VECTOR ( 'NONE', #742, 1000.000000000000000 ) ;
#279 = DIRECTION ( 'NONE',  ( 0.000000000000000000, 1.000000000000000000, 0.000000000000000000 ) ) ;
#280 = APPLICATION_PROTOCOL_DEFINITION ( 'international standard', 'config_control_design', 1994, #1095 ) ;
#281 = EDGE_LOOP ( 'NONE', ( #1218, #614, #466, #1416 ) ) ;
#282 = ORIENTED_EDGE ( 'NONE', *, *, #907, .F. ) ;
#283 = CARTESIAN_POINT ( 'NONE',  ( -68.85613382467781207, 10.99999999999999645, 0.7662898114863467836 ) ) ;
#284 = LINE ( 'NONE', #1402, #1047 ) ;
#285 = VERTEX_POINT ( 'NONE', #1246 ) ;
#286 = DIRECTION ( 'NONE',  ( -1.000000000000000000, -0.000000000000000000, -0.000000000000000000 ) ) ;
#287 = VERTEX_POINT ( 'NONE', #815 ) ;
#288 = EDGE_LOOP ( 'NONE', ( #170, #707, #53, #802 ) ) ;
#289 = AXIS2_PLACEMENT_3D ( 'NONE', #1330, #1323, #446 ) ;
#290 = CIRCLE ( 'NONE', #354, 2.600000000000001421 ) ;
#291 = CARTESIAN_POINT ( 'NONE',  ( -53.68551619877624859, 27.03491293478461444, -17.83371018851364909 ) ) ;
#292 = PRODUCT ( 'PenHolderPlateFixed', 'PenHolderPlateFixed', '', ( #1159 ) ) ;
#293 = EDGE_CURVE ( 'NONE', #634, #441, #389, .T. ) ;
#294 = CARTESIAN_POINT ( 'NONE',  ( -53.85613382467781207, 25.99999999999999645, -15.23371018851364944 ) ) ;
#295 = DIRECTION ( 'NONE',  ( 0.000000000000000000, 1.000000000000000000, 0.000000000000000000 ) ) ;
#296 = CARTESIAN_POINT ( 'NONE',  ( -53.85613382467781207, 27.03491293478461799, -12.63371018851364624 ) ) ;
#297 = EDGE_CURVE ( 'NONE', #495, #922, #1294, .T. ) ;
#298 = CARTESIAN_POINT ( 'NONE',  ( 0.000000000000000000, 36.00000000000000000, 0.000000000000000000 ) ) ;
#299 = FACE_OUTER_BOUND ( 'NONE', #180, .T. ) ;
#300 = CC_DESIGN_DATE_AND_TIME_ASSIGNMENT ( #1370, #562, ( #1084 ) ) ;
#301 = AXIS2_PLACEMENT_3D ( 'NONE', #1240, #678, #1122 ) ;
#302 = DIRECTION ( 'NONE',  ( 0.000000000000000000, 0.000000000000000000, 1.000000000000000000 ) ) ;
#303 = LINE ( 'NONE', #321, #1152 ) ;
#304 = CARTESIAN_POINT ( 'NONE',  ( -63.85613382467780497, 11.00000000000000000, -31.23371018851364767 ) ) ;
#305 = FACE_OUTER_BOUND ( 'NONE', #1247, .T. ) ;
#306 = UNCERTAINTY_MEASURE_WITH_UNIT (LENGTH_MEASURE( 1.000000000000000082E-05 ), #1170, 'distance_accuracy_value', 'NONE');
#307 = CARTESIAN_POINT ( 'NONE',  ( -58.35613382467781918, 33.49999999999999289, -25.23371018851364767 ) ) ;
#308 = FACE_OUTER_BOUND ( 'NONE', #1409, .T. ) ;
#309 = EDGE_CURVE ( 'NONE', #726, #559, #39, .T. ) ;
#310 = SECURITY_CLASSIFICATION ( '', '', #1235 ) ;
#311 = DIRECTION ( 'NONE',  ( 0.000000000000000000, 1.000000000000000000, 0.000000000000000000 ) ) ;
#312 = AXIS2_PLACEMENT_3D ( 'NONE', #856, #1287, #1305 ) ;
#313 = CARTESIAN_POINT ( 'NONE',  ( -38.85613382467781207, 6.000000000000000000, -6.733710188513656547 ) ) ;
#314 = VECTOR ( 'NONE', #267, 1000.000000000000000 ) ;
#315 = EDGE_CURVE ( 'NONE', #1265, #615, #946, .T. ) ;
#316 = CARTESIAN_POINT ( 'NONE',  ( -43.85613382467781207, 10.99999999999999645, 0.7662898114863467836 ) ) ;
#317 = DIRECTION ( 'NONE',  ( 0.000000000000000000, -1.000000000000000000, 0.000000000000000000 ) ) ;
#318 = FACE_OUTER_BOUND ( 'NONE', #1264, .T. ) ;
#319 = LINE ( 'NONE', #1031, #1193 ) ;
#320 = CARTESIAN_POINT ( 'NONE',  ( -68.85613382467781207, 6.000000000000000000, -1.733710188513654105 ) ) ;
#321 = CARTESIAN_POINT ( 'NONE',  ( -58.35613382467781918, 28.99999999999999645, -5.233710188513652994 ) ) ;
#322 = CARTESIAN_POINT ( 'NONE',  ( -68.85613382467781207, 10.99999999999999645, -25.23371018851364767 ) ) ;
#323 = CARTESIAN_POINT ( 'NONE',  ( -38.85613382467781207, 10.99999999999999645, -25.23371018851364767 ) ) ;
#324 = DIRECTION ( 'NONE',  ( -1.000000000000000000, 0.000000000000000000, 0.000000000000000000 ) ) ;
#325 = DIRECTION ( 'NONE',  ( -0.000000000000000000, -0.000000000000000000, 1.000000000000000000 ) ) ;
#326 = ADVANCED_FACE ( 'NONE', ( #488, #168, #833, #800 ), #1378, .F. ) ;
#327 = PLANE ( 'NONE',  #884 ) ;
#328 = APPROVAL_PERSON_ORGANIZATION ( #482, #420, #901 ) ;
#329 = CARTESIAN_POINT ( 'NONE',  ( -68.85613382467781207, 6.000000000000000000, -26.23371018851364767 ) ) ;
#330 = CIRCLE ( 'NONE', #1138, 2.500000000000000888 ) ;
#331 = EDGE_CURVE ( 'NONE', #904, #158, #1277, .T. ) ;
#332 = CYLINDRICAL_SURFACE ( 'NONE', #1401, 2.500000000000000888 ) ;
#333 = AXIS2_PLACEMENT_3D ( 'NONE', #403, #943, #1383 ) ;
#334 = ORIENTED_EDGE ( 'NONE', *, *, #1173, .T. ) ;
#335 = DIRECTION ( 'NONE',  ( -0.000000000000000000, 1.000000000000000000, -0.000000000000000000 ) ) ;
#336 = DIRECTION ( 'NONE',  ( -0.000000000000000000, 1.000000000000000000, -0.000000000000000000 ) ) ;
#337 = CARTESIAN_POINT ( 'NONE',  ( -38.85613382467781207, 28.99999999999999645, 0.7662898114863467836 ) ) ;
#338 = DIRECTION ( 'NONE',  ( 0.000000000000000000, 0.000000000000000000, 1.000000000000000000 ) ) ;
#339 = VERTEX_POINT ( 'NONE', #160 ) ;
#340 = DIRECTION ( 'NONE',  ( -1.000000000000000000, -0.000000000000000000, -0.000000000000000000 ) ) ;
#341 = DIRECTION ( 'NONE',  ( 0.000000000000000000, 0.000000000000000000, 1.000000000000000000 ) ) ;
#342 = CARTESIAN_POINT ( 'NONE',  ( -49.35613382467781207, 33.49999999999999289, -5.233710188513652994 ) ) ;
#343 = CARTESIAN_POINT ( 'NONE',  ( -38.85613382467781207, 6.000000000000000000, -1.733710188513654105 ) ) ;
#344 = ORIENTED_EDGE ( 'NONE', *, *, #315, .F. ) ;
#345 = DIRECTION ( 'NONE',  ( 0.000000000000000000, -0.000000000000000000, -1.000000000000000000 ) ) ;
#346 = EDGE_CURVE ( 'NONE', #377, #495, #49, .T. ) ;
#347 = APPROVAL_ROLE ( '' ) ;
#348 = DIRECTION ( 'NONE',  ( 1.000000000000000000, -0.000000000000000000, 0.000000000000000000 ) ) ;
#349 = LINE ( 'NONE', #1091, #82 ) ;
#350 = VECTOR ( 'NONE', #536, 1000.000000000000000 ) ;
#351 = EDGE_LOOP ( 'NONE', ( #951, #1331, #188, #1145 ) ) ;
#352 = ADVANCED_FACE ( 'NONE', ( #915, #1354 ), #361, .F. ) ;
#353 = APPLICATION_CONTEXT ( 'configuration controlled 3d designs of mechanical parts and assemblies' ) ;
#354 = AXIS2_PLACEMENT_3D ( 'NONE', #540, #878, #642 ) ;
#355 = DIRECTION ( 'NONE',  ( 0.000000000000000000, -1.000000000000000000, 0.000000000000000000 ) ) ;
#356 = EDGE_LOOP ( 'NONE', ( #947, #97, #720, #177 ) ) ;
#357 = VECTOR ( 'NONE', #519, 1000.000000000000000 ) ;
#358 = LINE ( 'NONE', #1258, #962 ) ;
#359 = LINE ( 'NONE', #798, #1325 ) ;
#360 = ORIENTED_EDGE ( 'NONE', *, *, #80, .T. ) ;
#361 = PLANE ( 'NONE',  #640 ) ;
#362 = EDGE_LOOP ( 'NONE', ( #1172, #1276 ) ) ;
#363 = VECTOR ( 'NONE', #780, 1000.000000000000000 ) ;
#364 = CARTESIAN_POINT ( 'NONE',  ( -51.39101787718821157, 27.45405936551314952, -14.38999761879287220 ) ) ;
#365 = FACE_OUTER_BOUND ( 'NONE', #163, .T. ) ;
#366 = ORIENTED_EDGE ( 'NONE', *, *, #1188, .F. ) ;
#367 = EDGE_CURVE ( 'NONE', #1211, #247, #686, .T. ) ;
#368 = DIRECTION ( 'NONE',  ( 0.000000000000000000, 0.000000000000000000, 1.000000000000000000 ) ) ;
#369 = VERTEX_POINT ( 'NONE', #1369 ) ;
#370 = ORIENTED_EDGE ( 'NONE', *, *, #201, .F. ) ;
#371 = EDGE_CURVE ( 'NONE', #1364, #1168, #159, .T. ) ;
#372 = LINE ( 'NONE', #810, #314 ) ;
#373 = LINE ( 'NONE', #465, #788 ) ;
#374 = EDGE_LOOP ( 'NONE', ( #611, #1252, #818, #67 ) ) ;
#375 = CARTESIAN_POINT ( 'NONE',  ( -68.85613382467781207, 6.000000000000000000, -4.233710188513654771 ) ) ;
#376 = VERTEX_POINT ( 'NONE', #76 ) ;
#377 = VERTEX_POINT ( 'NONE', #633 ) ;
#378 = VECTOR ( 'NONE', #1105, 1000.000000000000000 ) ;
#379 = LINE ( 'NONE', #932, #1214 ) ;
#380 = CARTESIAN_POINT ( 'NONE',  ( -55.93490668855653070, 27.33193512476898945, -16.83187737440626819 ) ) ;
#381 = ORIENTED_EDGE ( 'NONE', *, *, #628, .F. ) ;
#382 = DIRECTION ( 'NONE',  ( 0.000000000000000000, -0.000000000000000000, -1.000000000000000000 ) ) ;
#383 = ORIENTED_EDGE ( 'NONE', *, *, #1404, .F. ) ;
#384 = ORIENTED_EDGE ( 'NONE', *, *, #955, .F. ) ;
#385 = CARTESIAN_POINT ( 'NONE',  ( -68.85613382467781207, 10.99999999999999645, -25.23371018851364767 ) ) ;
#386 = CARTESIAN_POINT ( 'NONE',  ( -56.37196117019301767, 27.47117030062716125, -14.55543159364115979 ) ) ;
#387 = ORIENTED_EDGE ( 'NONE', *, *, #576, .T. ) ;
#388 = CIRCLE ( 'NONE', #876, 2.600000000000003197 ) ;
#389 = LINE ( 'NONE', #1019, #1435 ) ;
#390 = COORDINATED_UNIVERSAL_TIME_OFFSET ( 0, 0, .AHEAD. ) ;
#391 = ORIENTED_EDGE ( 'NONE', *, *, #297, .F. ) ;
#392 = ORIENTED_EDGE ( 'NONE', *, *, #346, .T. ) ;
#393 = EDGE_CURVE ( 'NONE', #86, #513, #758, .T. ) ;
#394 = DIRECTION ( 'NONE',  ( -0.000000000000000000, 1.000000000000000000, -0.000000000000000000 ) ) ;
#395 = DIRECTION ( 'NONE',  ( 0.000000000000000000, 0.000000000000000000, -1.000000000000000000 ) ) ;
#396 = VERTEX_POINT ( 'NONE', #1419 ) ;
#397 = DIRECTION ( 'NONE',  ( 0.000000000000000000, 0.000000000000000000, 1.000000000000000000 ) ) ;
#398 = EDGE_CURVE ( 'NONE', #1121, #339, #388, .T. ) ;
#399 = CC_DESIGN_APPROVAL ( #420, ( #1084 ) ) ;
#400 = DIRECTION ( 'NONE',  ( 0.000000000000000000, 0.000000000000000000, 1.000000000000000000 ) ) ;
#401 = CIRCLE ( 'NONE', #1424, 2.500000000000001332 ) ;
#402 = AXIS2_PLACEMENT_3D ( 'NONE', #1125, #244, #804 ) ;
#403 = CARTESIAN_POINT ( 'NONE',  ( -58.35613382467781918, 33.49999999999999289, 0.7662898114863467836 ) ) ;
#404 = DIRECTION ( 'NONE',  ( -1.000000000000000000, 0.000000000000000000, 0.000000000000000000 ) ) ;
#405 = VERTEX_POINT ( 'NONE', #85 ) ;
#406 = DIRECTION ( 'NONE',  ( 0.000000000000000000, -0.000000000000000000, 1.000000000000000000 ) ) ;
#407 = ORIENTED_EDGE ( 'NONE', *, *, #209, .F. ) ;
#408 = DIRECTION ( 'NONE',  ( 0.000000000000000000, 1.000000000000000000, 0.000000000000000000 ) ) ;
#409 = DIRECTION ( 'NONE',  ( -0.000000000000000000, -1.000000000000000000, -0.000000000000000000 ) ) ;
#410 = DIRECTION ( 'NONE',  ( 1.000000000000000000, 0.000000000000000000, -0.000000000000000000 ) ) ;
#411 = VECTOR ( 'NONE', #851, 1000.000000000000000 ) ;
#412 = ADVANCED_FACE ( 'NONE', ( #1183, #530 ), #1203, .F. ) ;
#413 = FACE_OUTER_BOUND ( 'NONE', #621, .T. ) ;
#414 = ORIENTED_EDGE ( 'NONE', *, *, #162, .T. ) ;
#415 = ORIENTED_EDGE ( 'NONE', *, *, #1356, .T. ) ;
#416 = DIRECTION ( 'NONE',  ( 0.000000000000000000, 0.000000000000000000, 1.000000000000000000 ) ) ;
#417 = ADVANCED_FACE ( 'NONE', ( #612 ), #639, .F. ) ;
#418 = CARTESIAN_POINT ( 'NONE',  ( -68.85613382467781207, 10.99999999999999645, 0.7662898114863467836 ) ) ;
#419 = DIRECTION ( 'NONE',  ( 0.000000000000000000, 0.000000000000000000, 1.000000000000000000 ) ) ;
#420 = APPROVAL ( #456, 'UNSPECIFIED' ) ;
#421 = VERTEX_POINT ( 'NONE', #316 ) ;
#422 = ORIENTED_EDGE ( 'NONE', *, *, #671, .T. ) ;
#423 = FACE_BOUND ( 'NONE', #500, .T. ) ;
#424 = VECTOR ( 'NONE', #1100, 1000.000000000000000 ) ;
#425 = AXIS2_PLACEMENT_3D ( 'NONE', #516, #65, #416 ) ;
#426 = DIRECTION ( 'NONE',  ( -0.000000000000000000, -0.000000000000000000, -1.000000000000000000 ) ) ;
#427 = CARTESIAN_POINT ( 'NONE',  ( -43.85613382467781207, 6.000000000000000000, -23.73371018851364411 ) ) ;
#428 = ORIENTED_EDGE ( 'NONE', *, *, #539, .T. ) ;
#429 = ORIENTED_EDGE ( 'NONE', *, *, #498, .F. ) ;
#430 = CARTESIAN_POINT ( 'NONE',  ( -68.85613382467781207, 10.99999999999999645, -31.23371018851364767 ) ) ;
#431 = CARTESIAN_POINT ( 'NONE',  ( -43.85613382467781207, 28.99999999999999645, -5.233710188513652994 ) ) ;
#432 = CARTESIAN_POINT ( 'NONE',  ( -38.85613382467781207, 19.99999999999999645, -7.733710188513651218 ) ) ;
#433 = VECTOR ( 'NONE', #227, 1000.000000000000000 ) ;
#434 = ADVANCED_BREP_SHAPE_REPRESENTATION ( 'PenHolderPlateFixed', ( #879, #27 ), #100 ) ;
#435 = EDGE_CURVE ( 'NONE', #634, #936, #191, .T. ) ;
#436 = CARTESIAN_POINT ( 'NONE',  ( -63.85613382467780497, 11.00000000000000000, -31.23371018851364767 ) ) ;
#437 = LINE ( 'NONE', #430, #9 ) ;
#438 = EDGE_CURVE ( 'NONE', #920, #844, #1058, .T. ) ;
#439 = PLANE ( 'NONE',  #219 ) ;
#440 = DIRECTION ( 'NONE',  ( -1.000000000000000000, 0.000000000000000000, 0.000000000000000000 ) ) ;
#441 = VERTEX_POINT ( 'NONE', #620 ) ;
#442 = DIRECTION ( 'NONE',  ( 0.000000000000000000, 0.000000000000000000, 1.000000000000000000 ) ) ;
#443 = LINE ( 'NONE', #553, #698 ) ;
#444 = DIRECTION ( 'NONE',  ( -0.000000000000000000, -1.000000000000000000, -0.000000000000000000 ) ) ;
#445 = CIRCLE ( 'NONE', #672, 2.500000000000000888 ) ;
#446 = DIRECTION ( 'NONE',  ( 0.000000000000000000, 0.000000000000000000, 1.000000000000000000 ) ) ;
#447 = CIRCLE ( 'NONE', #888, 2.500000000000002220 ) ;
#448 = ORIENTED_EDGE ( 'NONE', *, *, #1341, .T. ) ;
#449 = DIRECTION ( 'NONE',  ( 0.000000000000000000, 0.000000000000000000, 1.000000000000000000 ) ) ;
#450 = DIRECTION ( 'NONE',  ( -1.000000000000000000, -0.000000000000000000, -0.000000000000000000 ) ) ;
#451 = DIRECTION ( 'NONE',  ( -1.000000000000000000, 0.000000000000000000, 0.000000000000000000 ) ) ;
#452 = CARTESIAN_POINT ( 'NONE',  ( -53.85613382467781207, 25.99999999999999645, -17.83371018851365264 ) ) ;
#453 = EDGE_LOOP ( 'NONE', ( #91, #1421, #655, #1150 ) ) ;
#454 = EDGE_CURVE ( 'NONE', #1393, #1088, #1406, .T. ) ;
#455 = CARTESIAN_POINT ( 'NONE',  ( 0.000000000000000000, 10.99999999999999645, 0.000000000000000000 ) ) ;
#456 = APPROVAL_STATUS ( 'not_yet_approved' ) ;
#457 = DIRECTION ( 'NONE',  ( -0.000000000000000000, -0.000000000000000000, 1.000000000000000000 ) ) ;
#458 = ADVANCED_FACE ( 'NONE', ( #1198 ), #860, .F. ) ;
#459 = DIRECTION ( 'NONE',  ( -1.000000000000000000, 0.000000000000000000, 0.000000000000000000 ) ) ;
#460 = ORIENTED_EDGE ( 'NONE', *, *, #438, .T. ) ;
#461 = CARTESIAN_POINT ( 'NONE',  ( -38.85613382467781207, 6.000000000000000000, -26.23371018851364767 ) ) ;
#462 = EDGE_CURVE ( 'NONE', #1101, #1147, #625, .T. ) ;
#463 = ORIENTED_EDGE ( 'NONE', *, *, #1429, .F. ) ;
#464 = CARTESIAN_POINT ( 'NONE',  ( -51.25621416938918173, 27.49997214716939453, -15.06134512950704263 ) ) ;
#465 = CARTESIAN_POINT ( 'NONE',  ( -63.85613382467780497, 10.99999999999999645, -31.23371018851364767 ) ) ;
#466 = ORIENTED_EDGE ( 'NONE', *, *, #1320, .T. ) ;
#467 = CARTESIAN_POINT ( 'NONE',  ( -38.85613382467781207, 6.000000000000000000, -1.733710188513654105 ) ) ;
#468 = VERTEX_POINT ( 'NONE', #307 ) ;
#469 = CARTESIAN_POINT ( 'NONE',  ( -58.35613382467781918, 33.49999999999999289, -25.23371018851364767 ) ) ;
#470 = LINE ( 'NONE', #926, #841 ) ;
#471 = ORIENTED_EDGE ( 'NONE', *, *, #1296, .F. ) ;
#472 = FACE_OUTER_BOUND ( 'NONE', #693, .T. ) ;
#473 = ORIENTED_EDGE ( 'NONE', *, *, #582, .F. ) ;
#474 = ADVANCED_FACE ( 'NONE', ( #413 ), #1086, .F. ) ;
#475 = ORIENTED_EDGE ( 'NONE', *, *, #269, .F. ) ;
#476 = AXIS2_PLACEMENT_3D ( 'NONE', #1326, #335, #774 ) ;
#477 = CARTESIAN_POINT ( 'NONE',  ( -53.85613382467781207, 36.00000000000000000, -12.63371018851364624 ) ) ;
#478 = EDGE_CURVE ( 'NONE', #153, #605, #1298, .T. ) ;
#479 = CARTESIAN_POINT ( 'NONE',  ( -53.85613382467781207, 25.99999999999999645, -12.63371018851364624 ) ) ;
#480 = EDGE_LOOP ( 'NONE', ( #1371, #968 ) ) ;
#481 = PLANE ( 'NONE',  #874 ) ;
#482 = PERSON_AND_ORGANIZATION ( #1162, #861 ) ;
#483 = VERTEX_POINT ( 'NONE', #427 ) ;
#484 = ORIENTED_EDGE ( 'NONE', *, *, #1188, .T. ) ;
#485 = CARTESIAN_POINT ( 'NONE',  ( -51.25605404889699201, 27.50002765560135032, -15.40364278426273081 ) ) ;
#486 = CARTESIAN_POINT ( 'NONE',  ( -54.19937837581691298, 27.04131604589129267, -12.65085752618425019 ) ) ;
#487 = ORIENTED_EDGE ( 'NONE', *, *, #1123, .F. ) ;
#488 = FACE_BOUND ( 'NONE', #1427, .T. ) ;
#489 = APPROVAL_DATE_TIME ( #595, #420 ) ;
#490 = CIRCLE ( 'NONE', #1306, 7.499999999999999112 ) ;
#491 = VERTEX_POINT ( 'NONE', #868 ) ;
#492 = VECTOR ( 'NONE', #109, 1000.000000000000000 ) ;
#493 = PLANE ( 'NONE',  #333 ) ;
#494 = CARTESIAN_POINT ( 'NONE',  ( -56.32132509851487612, 27.45408310431773558, -14.39014571417453681 ) ) ;
#495 = VERTEX_POINT ( 'NONE', #320 ) ;
#496 = CARTESIAN_POINT ( 'NONE',  ( -68.85613382467781207, 6.000000000000000000, -23.73371018851364411 ) ) ;
#497 = PERSON_AND_ORGANIZATION_ROLE ( 'design_owner' ) ;
#498 = EDGE_CURVE ( 'NONE', #920, #581, #952, .T. ) ;
#499 = ORIENTED_EDGE ( 'NONE', *, *, #691, .F. ) ;
#500 = EDGE_LOOP ( 'NONE', ( #715, #28 ) ) ;
#501 = CARTESIAN_POINT ( 'NONE',  ( -38.85613382467781207, 10.99999999999999645, 0.7662898114863467836 ) ) ;
#502 = CIRCLE ( 'NONE', #988, 2.500000000000000888 ) ;
#503 = CARTESIAN_POINT ( 'NONE',  ( -43.85613382467781207, 0.000000000000000000, 0.7662898114863467836 ) ) ;
#504 = ADVANCED_FACE ( 'NONE', ( #729 ), #1178, .F. ) ;
#505 = ORIENTED_EDGE ( 'NONE', *, *, #561, .T. ) ;
#506 = CARTESIAN_POINT ( 'NONE',  ( -49.35613382467781207, 33.49999999999999289, 0.7662898114863467836 ) ) ;
#507 = EDGE_CURVE ( 'NONE', #1300, #979, #146, .T. ) ;
#508 = ORIENTED_EDGE ( 'NONE', *, *, #863, .F. ) ;
#509 = FACE_OUTER_BOUND ( 'NONE', #751, .T. ) ;
#510 = CARTESIAN_POINT ( 'NONE',  ( -49.35613382467781207, 28.99999999999999645, 0.7662898114863467836 ) ) ;
#511 = ORIENTED_EDGE ( 'NONE', *, *, #183, .T. ) ;
#512 = CARTESIAN_POINT ( 'NONE',  ( -53.85613382467781207, 36.00000000000000000, -15.23371018851364944 ) ) ;
#513 = VERTEX_POINT ( 'NONE', #645 ) ;
#514 = ORIENTED_EDGE ( 'NONE', *, *, #1316, .F. ) ;
#515 = CIRCLE ( 'NONE', #1308, 2.600000000000003197 ) ;
#516 = CARTESIAN_POINT ( 'NONE',  ( -63.85613382467780497, 6.000000000000000000, -26.23371018851364767 ) ) ;
#517 = EDGE_CURVE ( 'NONE', #520, #1265, #349, .T. ) ;
#518 = DIRECTION ( 'NONE',  ( -1.000000000000000000, -0.000000000000000000, -0.000000000000000000 ) ) ;
#519 = DIRECTION ( 'NONE',  ( -0.000000000000000000, -0.000000000000000000, 1.000000000000000000 ) ) ;
#520 = VERTEX_POINT ( 'NONE', #557 ) ;
#521 = ADVANCED_FACE ( 'NONE', ( #1433 ), #332, .F. ) ;
#522 = CARTESIAN_POINT ( 'NONE',  ( -52.70128856822685748, 27.12739008093769044, -17.56930965870867212 ) ) ;
#523 = CARTESIAN_POINT ( 'NONE',  ( -68.85613382467781207, 36.00000000000000000, -31.23371018851364767 ) ) ;
#524 = AXIS2_PLACEMENT_3D ( 'NONE', #647, #1094, #752 ) ;
#525 = CARTESIAN_POINT ( 'NONE',  ( -38.85613382467781207, 6.000000000000000000, -4.233710188513654771 ) ) ;
#526 = VERTEX_POINT ( 'NONE', #875 ) ;
#527 = DIRECTION ( 'NONE',  ( 1.000000000000000000, 0.000000000000000000, 0.000000000000000000 ) ) ;
#528 = DIRECTION ( 'NONE',  ( -0.000000000000000000, -0.000000000000000000, -1.000000000000000000 ) ) ;
#529 = CARTESIAN_POINT ( 'NONE',  ( -43.85613382467781207, 0.000000000000000000, 0.7662898114863467836 ) ) ;
#530 = FACE_OUTER_BOUND ( 'NONE', #930, .T. ) ;
#531 = ORIENTED_EDGE ( 'NONE', *, *, #733, .T. ) ;
#532 = CARTESIAN_POINT ( 'NONE',  ( -43.85613382467781207, 6.000000000000000000, -6.733710188513656547 ) ) ;
#533 = LINE ( 'NONE', #982, #1167 ) ;
#534 = VECTOR ( 'NONE', #891, 1000.000000000000000 ) ;
#535 = AXIS2_PLACEMENT_3D ( 'NONE', #872, #753, #121 ) ;
#536 = DIRECTION ( 'NONE',  ( 1.000000000000000000, 0.000000000000000000, 0.000000000000000000 ) ) ;
#537 = CARTESIAN_POINT ( 'NONE',  ( -68.85613382467781207, 36.00000000000000000, 0.7662898114863467836 ) ) ;
#538 = CYLINDRICAL_SURFACE ( 'NONE', #638, 2.500000000000002220 ) ;
#539 = EDGE_CURVE ( 'NONE', #270, #850, #556, .T. ) ;
#540 = CARTESIAN_POINT ( 'NONE',  ( -53.85613382467781207, 28.99999999999999645, -15.23371018851364944 ) ) ;
#541 = CARTESIAN_POINT ( 'NONE',  ( -38.85613382467781207, 10.99999999999999645, 0.7662898114863467836 ) ) ;
#542 = EDGE_CURVE ( 'NONE', #185, #979, #14, .T. ) ;
#543 = PLANE ( 'NONE',  #1373 ) ;
#544 = ORIENTED_EDGE ( 'NONE', *, *, #975, .F. ) ;
#545 = CIRCLE ( 'NONE', #524, 2.500000000000001332 ) ;
#546 = DIRECTION ( 'NONE',  ( -1.000000000000000000, -0.000000000000000000, -0.000000000000000000 ) ) ;
#547 = ADVANCED_FACE ( 'NONE', ( #218 ), #659, .F. ) ;
#548 = LINE ( 'NONE', #767, #1236 ) ;
#549 = DIRECTION ( 'NONE',  ( -1.000000000000000000, -0.000000000000000000, -0.000000000000000000 ) ) ;
#550 = DIRECTION ( 'NONE',  ( -1.000000000000000000, 0.000000000000000000, -0.000000000000000000 ) ) ;
#551 = ORIENTED_EDGE ( 'NONE', *, *, #207, .F. ) ;
#552 = FACE_BOUND ( 'NONE', #1348, .T. ) ;
#553 = CARTESIAN_POINT ( 'NONE',  ( -38.85613382467781207, 10.99999999999999645, -5.233710188513652994 ) ) ;
#554 = DIRECTION ( 'NONE',  ( 0.000000000000000000, 0.000000000000000000, -1.000000000000000000 ) ) ;
#555 = ADVANCED_FACE ( 'NONE', ( #764, #1438 ), #903, .F. ) ;
#556 = CIRCLE ( 'NONE', #195, 2.500000000000002220 ) ;
#557 = CARTESIAN_POINT ( 'NONE',  ( -68.85613382467781207, 10.99999999999999645, -31.23371018851364767 ) ) ;
#558 = CIRCLE ( 'NONE', #790, 2.500000000000002220 ) ;
#559 = VERTEX_POINT ( 'NONE', #996 ) ;
#560 = LINE ( 'NONE', #1340, #433 ) ;
#561 = EDGE_CURVE ( 'NONE', #1364, #111, #1210, .T. ) ;
#562 = DATE_TIME_ROLE ( 'creation_date' ) ;
#563 = DIRECTION ( 'NONE',  ( 1.000000000000000000, -0.000000000000000000, 0.000000000000000000 ) ) ;
#564 = DIRECTION ( 'NONE',  ( -1.000000000000000000, 0.000000000000000000, -0.000000000000000000 ) ) ;
#565 = ORIENTED_EDGE ( 'NONE', *, *, #576, .F. ) ;
#566 = CARTESIAN_POINT ( 'NONE',  ( -63.85613382467780497, 0.000000000000000000, -5.233710188513652994 ) ) ;
#567 = AXIS2_PLACEMENT_3D ( 'NONE', #877, #899, #442 ) ;
#568 = PERSON_AND_ORGANIZATION ( #1162, #861 ) ;
#569 = DIRECTION ( 'NONE',  ( -1.000000000000000000, 0.000000000000000000, -0.000000000000000000 ) ) ;
#570 = DIRECTION ( 'NONE',  ( -0.000000000000000000, -0.000000000000000000, -1.000000000000000000 ) ) ;
#571 = ORIENTED_EDGE ( 'NONE', *, *, #1320, .F. ) ;
#572 = CARTESIAN_POINT ( 'NONE',  ( -38.85613382467781207, 6.000000000000000000, -28.73371018851364767 ) ) ;
#573 = ORIENTED_EDGE ( 'NONE', *, *, #224, .F. ) ;
#574 = CARTESIAN_POINT ( 'NONE',  ( -38.85613382467781207, 0.000000000000000000, -31.23371018851364767 ) ) ;
#575 = CARTESIAN_POINT ( 'NONE',  ( -63.85613382467780497, 10.99999999999999645, -5.233710188513652994 ) ) ;
#576 = EDGE_CURVE ( 'NONE', #979, #1300, #909, .T. ) ;
#577 = AXIS2_PLACEMENT_3D ( 'NONE', #696, #1127, #276 ) ;
#578 = ORIENTED_EDGE ( 'NONE', *, *, #75, .F. ) ;
#579 = VECTOR ( 'NONE', #1076, 1000.000000000000000 ) ;
#580 = CARTESIAN_POINT ( 'NONE',  ( -68.85613382467781207, 10.99999999999999645, -25.23371018851364767 ) ) ;
#581 = VERTEX_POINT ( 'NONE', #791 ) ;
#582 = EDGE_CURVE ( 'NONE', #1393, #904, #238, .T. ) ;
#583 = EDGE_LOOP ( 'NONE', ( #906, #334, #586, #407 ) ) ;
#584 = CARTESIAN_POINT ( 'NONE',  ( -68.85613382467781207, 36.00000000000000000, 0.7662898114863467836 ) ) ;
#585 = CARTESIAN_POINT ( 'NONE',  ( -54.02670841679272939, 27.03491293478462865, -17.83371018851365974 ) ) ;
#586 = ORIENTED_EDGE ( 'NONE', *, *, #367, .T. ) ;
#587 = CARTESIAN_POINT ( 'NONE',  ( -68.85613382467781207, 36.00000000000000000, -5.233710188513652994 ) ) ;
#588 = ORIENTED_EDGE ( 'NONE', *, *, #1146, .T. ) ;
#589 = ORIENTED_EDGE ( 'NONE', *, *, #228, .F. ) ;
#590 = EDGE_CURVE ( 'NONE', #1368, #892, #1338, .T. ) ;
#591 = DIRECTION ( 'NONE',  ( -1.000000000000000000, -0.000000000000000000, -0.000000000000000000 ) ) ;
#592 = CARTESIAN_POINT ( 'NONE',  ( -54.69855432911523252, 27.08346184348538443, -12.76807680341079454 ) ) ;
#593 = ORIENTED_EDGE ( 'NONE', *, *, #1077, .F. ) ;
#594 = DIRECTION ( 'NONE',  ( -1.000000000000000000, -0.000000000000000000, -0.000000000000000000 ) ) ;
#595 = DATE_AND_TIME ( #714, #215 ) ;
#596 = ORIENTED_EDGE ( 'NONE', *, *, #30, .F. ) ;
#597 = ORIENTED_EDGE ( 'NONE', *, *, #1432, .F. ) ;
#598 = LINE ( 'NONE', #680, #864 ) ;
#599 = ADVANCED_FACE ( 'NONE', ( #1217 ), #1223, .T. ) ;
#600 = CARTESIAN_POINT ( 'NONE',  ( -55.57455113733374930, 27.24081846713415800, -17.19225574146362234 ) ) ;
#601 = EDGE_LOOP ( 'NONE', ( #79, #415 ) ) ;
#602 = DIRECTION ( 'NONE',  ( 1.000000000000000000, 0.000000000000000000, 0.000000000000000000 ) ) ;
#603 = VECTOR ( 'NONE', #1318, 1000.000000000000000 ) ;
#604 = APPLICATION_PROTOCOL_DEFINITION ( 'international standard', 'config_control_design', 1994, #353 ) ;
#605 = VERTEX_POINT ( 'NONE', #104 ) ;
#606 = AXIS2_PLACEMENT_3D ( 'NONE', #329, #770, #1106 ) ;
#607 = ORIENTED_EDGE ( 'NONE', *, *, #590, .F. ) ;
#608 = ADVANCED_FACE ( 'NONE', ( #231 ), #543, .F. ) ;
#609 = CYLINDRICAL_SURFACE ( 'NONE', #1140, 7.499999999999999112 ) ;
#610 = DIRECTION ( 'NONE',  ( 1.000000000000000000, 0.000000000000000000, 0.000000000000000000 ) ) ;
#611 = ORIENTED_EDGE ( 'NONE', *, *, #1299, .F. ) ;
#612 = FACE_OUTER_BOUND ( 'NONE', #172, .T. ) ;
#613 = PERSON_AND_ORGANIZATION ( #1162, #861 ) ;
#614 = ORIENTED_EDGE ( 'NONE', *, *, #435, .T. ) ;
#615 = VERTEX_POINT ( 'NONE', #984 ) ;
#616 = FACE_BOUND ( 'NONE', #480, .T. ) ;
#617 = VECTOR ( 'NONE', #826, 1000.000000000000000 ) ;
#618 = CARTESIAN_POINT ( 'NONE',  ( -49.35613382467781207, 28.99999999999999645, -5.233710188513652994 ) ) ;
#619 = ORIENTED_EDGE ( 'NONE', *, *, #1231, .F. ) ;
#620 = CARTESIAN_POINT ( 'NONE',  ( -43.85613382467781207, 10.99999999999999645, -5.233710188513652994 ) ) ;
#621 = EDGE_LOOP ( 'NONE', ( #74, #1224, #593, #1068 ) ) ;
#622 = DIRECTION ( 'NONE',  ( -0.000000000000000000, -0.000000000000000000, -1.000000000000000000 ) ) ;
#623 = DIRECTION ( 'NONE',  ( 0.000000000000000000, 1.000000000000000000, 0.000000000000000000 ) ) ;
#624 = EDGE_CURVE ( 'NONE', #922, #495, #330, .T. ) ;
#625 = LINE ( 'NONE', #506, #650 ) ;
#626 = ORIENTED_EDGE ( 'NONE', *, *, #644, .F. ) ;
#627 = VECTOR ( 'NONE', #110, 1000.000000000000000 ) ;
#628 = EDGE_CURVE ( 'NONE', #520, #491, #225, .T. ) ;
#629 = AXIS2_PLACEMENT_3D ( 'NONE', #986, #762, #341 ) ;
#630 = DIRECTION ( 'NONE',  ( -1.000000000000000000, 0.000000000000000000, 0.000000000000000000 ) ) ;
#631 = AXIS2_PLACEMENT_3D ( 'NONE', #735, #840, #419 ) ;
#632 = DIRECTION ( 'NONE',  ( 0.000000000000000000, 0.000000000000000000, -1.000000000000000000 ) ) ;
#633 = CARTESIAN_POINT ( 'NONE',  ( -63.85613382467780497, 6.000000000000000000, -1.733710188513654105 ) ) ;
#634 = VERTEX_POINT ( 'NONE', #123 ) ;
#635 = CARTESIAN_POINT ( 'NONE',  ( -43.85613382467781207, 11.00000000000000000, -31.23371018851364767 ) ) ;
#636 = CARTESIAN_POINT ( 'NONE',  ( -38.85613382467781207, 6.000000000000000000, -1.733710188513654105 ) ) ;
#637 = FACE_OUTER_BOUND ( 'NONE', #916, .T. ) ;
#638 = AXIS2_PLACEMENT_3D ( 'NONE', #1184, #193, #1075 ) ;
#639 = CYLINDRICAL_SURFACE ( 'NONE', #631, 2.500000000000002220 ) ;
#640 = AXIS2_PLACEMENT_3D ( 'NONE', #580, #1027, #35 ) ;
#641 = ORIENTED_EDGE ( 'NONE', *, *, #1123, .T. ) ;
#642 = DIRECTION ( 'NONE',  ( 0.000000000000000000, 0.000000000000000000, -1.000000000000000000 ) ) ;
#643 = PLANE ( 'NONE',  #103 ) ;
#644 = EDGE_CURVE ( 'NONE', #111, #71, #401, .T. ) ;
#645 = CARTESIAN_POINT ( 'NONE',  ( -68.85613382467781207, 28.99999999999999645, -25.23371018851364767 ) ) ;
#646 = ORIENTED_EDGE ( 'NONE', *, *, #297, .T. ) ;
#647 = CARTESIAN_POINT ( 'NONE',  ( -43.85613382467781207, 6.000000000000000000, -4.233710188513654771 ) ) ;
#648 = VECTOR ( 'NONE', #1124, 1000.000000000000000 ) ;
#649 = DIRECTION ( 'NONE',  ( 0.000000000000000000, 0.000000000000000000, 1.000000000000000000 ) ) ;
#650 = VECTOR ( 'NONE', #1414, 1000.000000000000000 ) ;
#651 = EDGE_CURVE ( 'NONE', #1368, #25, #1388, .T. ) ;
#652 = AXIS2_PLACEMENT_3D ( 'NONE', #710, #695, #258 ) ;
#653 = LINE ( 'NONE', #987, #1024 ) ;
#654 = DIRECTION ( 'NONE',  ( 0.000000000000000000, 0.000000000000000000, 1.000000000000000000 ) ) ;
#655 = ORIENTED_EDGE ( 'NONE', *, *, #803, .F. ) ;
#656 = LINE ( 'NONE', #1102, #363 ) ;
#657 = DIRECTION ( 'NONE',  ( -0.000000000000000000, 1.000000000000000000, -0.000000000000000000 ) ) ;
#658 = CYLINDRICAL_SURFACE ( 'NONE', #56, 2.500000000000000888 ) ;
#659 = PLANE ( 'NONE',  #768 ) ;
#660 = VERTEX_POINT ( 'NONE', #1384 ) ;
#661 = AXIS2_PLACEMENT_3D ( 'NONE', #375, #255, #1134 ) ;
#662 = CARTESIAN_POINT ( 'NONE',  ( -68.85613382467781207, 28.99999999999999645, -5.233710188513652994 ) ) ;
#663 = ADVANCED_FACE ( 'NONE', ( #1360, #1041 ), #919, .F. ) ;
#664 = CARTESIAN_POINT ( 'NONE',  ( -53.85613382467781207, 25.99999999999999645, -17.83371018851365264 ) ) ;
#665 = EDGE_CURVE ( 'NONE', #697, #285, #373, .T. ) ;
#666 = FACE_OUTER_BOUND ( 'NONE', #273, .T. ) ;
#667 = DIRECTION ( 'NONE',  ( 0.000000000000000000, 0.000000000000000000, -1.000000000000000000 ) ) ;
#668 = ORIENTED_EDGE ( 'NONE', *, *, #162, .F. ) ;
#669 = EDGE_CURVE ( 'NONE', #51, #1160, #934, .T. ) ;
#670 = DIRECTION ( 'NONE',  ( 1.000000000000000000, 0.000000000000000000, 0.000000000000000000 ) ) ;
#671 = EDGE_CURVE ( 'NONE', #761, #151, #470, .T. ) ;
#672 = AXIS2_PLACEMENT_3D ( 'NONE', #73, #404, #202 ) ;
#673 = CARTESIAN_POINT ( 'NONE',  ( -43.85613382467781207, 28.99999999999999645, -25.23371018851364767 ) ) ;
#674 = VECTOR ( 'NONE', #1175, 1000.000000000000000 ) ;
#675 = DIRECTION ( 'NONE',  ( 0.000000000000000000, 0.000000000000000000, -1.000000000000000000 ) ) ;
#676 = VECTOR ( 'NONE', #1334, 1000.000000000000000 ) ;
#677 = ORIENTED_EDGE ( 'NONE', *, *, #561, .F. ) ;
#678 = DIRECTION ( 'NONE',  ( -1.000000000000000000, 0.000000000000000000, 0.000000000000000000 ) ) ;
#679 = PERSON_AND_ORGANIZATION_ROLE ( 'creator' ) ;
#680 = CARTESIAN_POINT ( 'NONE',  ( -68.85613382467781207, 0.000000000000000000, -31.23371018851364767 ) ) ;
#681 = CARTESIAN_POINT ( 'NONE',  ( -56.43884892213760907, 27.49395920000731408, -15.57810696887768565 ) ) ;
#682 = ORIENTED_EDGE ( 'NONE', *, *, #824, .F. ) ;
#683 = FACE_OUTER_BOUND ( 'NONE', #288, .T. ) ;
#684 = VECTOR ( 'NONE', #1254, 1000.000000000000000 ) ;
#685 = ORIENTED_EDGE ( 'NONE', *, *, #187, .T. ) ;
#686 = CIRCLE ( 'NONE', #755, 2.500000000000002220 ) ;
#687 = EDGE_CURVE ( 'NONE', #86, #526, #1352, .T. ) ;
#688 = CARTESIAN_POINT ( 'NONE',  ( -51.58630331108251710, 27.39100454069374635, -13.92128511292229831 ) ) ;
#689 = CARTESIAN_POINT ( 'NONE',  ( -54.69845567069400971, 27.08345871530740823, -17.69934656368816661 ) ) ;
#690 = ORIENTED_EDGE ( 'NONE', *, *, #371, .F. ) ;
#691 = EDGE_CURVE ( 'NONE', #513, #153, #359, .T. ) ;
#692 = LINE ( 'NONE', #705, #617 ) ;
#693 = EDGE_LOOP ( 'NONE', ( #1279, #744, #839, #701 ) ) ;
#694 = ORIENTED_EDGE ( 'NONE', *, *, #228, .T. ) ;
#695 = DIRECTION ( 'NONE',  ( 0.000000000000000000, -1.000000000000000000, 0.000000000000000000 ) ) ;
#696 = CARTESIAN_POINT ( 'NONE',  ( -38.85613382467781207, 19.99999999999999645, -15.23371018851364944 ) ) ;
#697 = VERTEX_POINT ( 'NONE', #575 ) ;
#698 = VECTOR ( 'NONE', #336, 1000.000000000000000 ) ;
#699 = CARTESIAN_POINT ( 'NONE',  ( -68.85613382467781207, 10.99999999999999645, -25.23371018851364767 ) ) ;
#700 = ORIENTED_EDGE ( 'NONE', *, *, #1332, .T. ) ;
#701 = ORIENTED_EDGE ( 'NONE', *, *, #315, .T. ) ;
#702 = CARTESIAN_POINT ( 'NONE',  ( -43.85613382467781207, 28.99999999999999645, -5.233710188513652994 ) ) ;
#703 = DIRECTION ( 'NONE',  ( 1.000000000000000000, -0.000000000000000000, 0.000000000000000000 ) ) ;
#704 = ORIENTED_EDGE ( 'NONE', *, *, #1332, .F. ) ;
#705 = CARTESIAN_POINT ( 'NONE',  ( -68.85613382467781207, 0.000000000000000000, -31.23371018851364767 ) ) ;
#706 = LINE ( 'NONE', #1270, #648 ) ;
#707 = ORIENTED_EDGE ( 'NONE', *, *, #925, .T. ) ;
#708 = ORIENTED_EDGE ( 'NONE', *, *, #955, .T. ) ;
#709 = ADVANCED_FACE ( 'NONE', ( #365 ), #805, .F. ) ;
#710 = CARTESIAN_POINT ( 'NONE',  ( -53.85613382467781207, 28.99999999999999645, -15.23371018851364944 ) ) ;
#711 = CARTESIAN_POINT ( 'NONE',  ( -53.85613382467781207, 27.03491293478461799, -17.83371018851365619 ) ) ;
#712 = EDGE_LOOP ( 'NONE', ( #181, #1192 ) ) ;
#713 = CARTESIAN_POINT ( 'NONE',  ( -68.85613382467781207, 10.99999999999999645, -5.233710188513652994 ) ) ;
#714 = CALENDAR_DATE ( 2026, 14, 2 ) ;
#715 = ORIENTED_EDGE ( 'NONE', *, *, #845, .T. ) ;
#716 = EDGE_CURVE ( 'NONE', #559, #1121, #823, .T. ) ;
#717 = ORIENTED_EDGE ( 'NONE', *, *, #1103, .T. ) ;
#718 = CARTESIAN_POINT ( 'NONE',  ( -53.85613382467781207, 36.00000000000000000, -15.23371018851364944 ) ) ;
#719 = DIRECTION ( 'NONE',  ( 1.000000000000000000, 0.000000000000000000, 0.000000000000000000 ) ) ;
#720 = ORIENTED_EDGE ( 'NONE', *, *, #1103, .F. ) ;
#721 = LINE ( 'NONE', #1269, #1314 ) ;
#722 = VECTOR ( 'NONE', #549, 1000.000000000000000 ) ;
#723 = PERSON_AND_ORGANIZATION_ROLE ( 'design_supplier' ) ;
#724 = ORIENTED_EDGE ( 'NONE', *, *, #687, .F. ) ;
#725 = VECTOR ( 'NONE', #1311, 1000.000000000000000 ) ;
#726 = VERTEX_POINT ( 'NONE', #184 ) ;
#727 = CARTESIAN_POINT ( 'NONE',  ( -52.26852006279901985, 27.21052050655532639, -17.29963449556851174 ) ) ;
#728 = CARTESIAN_POINT ( 'NONE',  ( -38.85613382467781207, 6.000000000000000000, -23.73371018851364411 ) ) ;
#729 = FACE_OUTER_BOUND ( 'NONE', #64, .T. ) ;
#730 = CARTESIAN_POINT ( 'NONE',  ( -49.35613382467781207, 33.49999999999999289, -25.23371018851364767 ) ) ;
#731 = CARTESIAN_POINT ( 'NONE',  ( -52.13860907380761489, 27.24061411144801781, -17.19296830937430443 ) ) ;
#732 = VECTOR ( 'NONE', #317, 1000.000000000000000 ) ;
#733 = EDGE_CURVE ( 'NONE', #158, #526, #284, .T. ) ;
#734 = DIRECTION ( 'NONE',  ( 0.000000000000000000, 0.000000000000000000, 1.000000000000000000 ) ) ;
#735 = CARTESIAN_POINT ( 'NONE',  ( -38.85613382467781207, 6.000000000000000000, -26.23371018851364767 ) ) ;
#736 = APPROVAL_DATE_TIME ( #750, #165 ) ;
#737 = EDGE_CURVE ( 'NONE', #1168, #71, #1197, .T. ) ;
#738 = ORIENTED_EDGE ( 'NONE', *, *, #797, .F. ) ;
#739 = FACE_OUTER_BOUND ( 'NONE', #1029, .T. ) ;
#740 = DIRECTION ( 'NONE',  ( 0.000000000000000000, 1.000000000000000000, 0.000000000000000000 ) ) ;
#741 = CYLINDRICAL_SURFACE ( 'NONE', #1000, 2.600000000000003197 ) ;
#742 = DIRECTION ( 'NONE',  ( -1.000000000000000000, 0.000000000000000000, 0.000000000000000000 ) ) ;
#743 = APPROVAL_PERSON_ORGANIZATION ( #243, #165, #77 ) ;
#744 = ORIENTED_EDGE ( 'NONE', *, *, #1358, .T. ) ;
#745 = ORIENTED_EDGE ( 'NONE', *, *, #1040, .T. ) ;
#746 = VECTOR ( 'NONE', #134, 1000.000000000000000 ) ;
#747 = LINE ( 'NONE', #304, #1117 ) ;
#748 = DIRECTION ( 'NONE',  ( 0.000000000000000000, -0.000000000000000000, 1.000000000000000000 ) ) ;
#749 = DIRECTION ( 'NONE',  ( 0.000000000000000000, 0.000000000000000000, 1.000000000000000000 ) ) ;
#750 = DATE_AND_TIME ( #1204, #1233 ) ;
#751 = EDGE_LOOP ( 'NONE', ( #708, #1161, #1396, #961 ) ) ;
#752 = DIRECTION ( 'NONE',  ( 0.000000000000000000, 0.000000000000000000, -1.000000000000000000 ) ) ;
#753 = DIRECTION ( 'NONE',  ( -1.000000000000000000, 0.000000000000000000, 0.000000000000000000 ) ) ;
#754 = ADVANCED_FACE ( 'NONE', ( #305 ), #1070, .F. ) ;
#755 = AXIS2_PLACEMENT_3D ( 'NONE', #921, #1362, #368 ) ;
#756 = LINE ( 'NONE', #337, #1350 ) ;
#757 = VECTOR ( 'NONE', #546, 1000.000000000000000 ) ;
#758 = LINE ( 'NONE', #69, #278 ) ;
#759 = ORIENTED_EDGE ( 'NONE', *, *, #4, .F. ) ;
#760 = EDGE_CURVE ( 'NONE', #377, #1245, #445, .T. ) ;
#761 = VERTEX_POINT ( 'NONE', #618 ) ;
#762 = DIRECTION ( 'NONE',  ( -1.000000000000000000, 0.000000000000000000, 0.000000000000000000 ) ) ;
#763 = CARTESIAN_POINT ( 'NONE',  ( -38.85613382467781207, 36.00000000000000000, 0.7662898114863467836 ) ) ;
#764 = FACE_BOUND ( 'NONE', #48, .T. ) ;
#765 = LINE ( 'NONE', #120, #757 ) ;
#766 = APPROVAL_PERSON_ORGANIZATION ( #940, #781, #347 ) ;
#767 = CARTESIAN_POINT ( 'NONE',  ( -63.85613382467780497, 0.000000000000000000, -31.23371018851364767 ) ) ;
#768 = AXIS2_PLACEMENT_3D ( 'NONE', #19, #129, #1009 ) ;
#769 = CIRCLE ( 'NONE', #652, 2.600000000000001421 ) ;
#770 = DIRECTION ( 'NONE',  ( -1.000000000000000000, 0.000000000000000000, 0.000000000000000000 ) ) ;
#771 = CARTESIAN_POINT ( 'NONE',  ( -38.85613382467781207, 6.000000000000000000, -26.23371018851364767 ) ) ;
#772 = ORIENTED_EDGE ( 'NONE', *, *, #30, .T. ) ;
#773 = ADVANCED_FACE ( 'NONE', ( #637 ), #965, .F. ) ;
#774 = DIRECTION ( 'NONE',  ( 0.000000000000000000, 0.000000000000000000, 1.000000000000000000 ) ) ;
#775 = CARTESIAN_POINT ( 'NONE',  ( -68.85613382467781207, 10.99999999999999645, -31.23371018851364767 ) ) ;
#776 = CARTESIAN_POINT ( 'NONE',  ( -68.85613382467781207, 36.00000000000000000, 0.7662898114863467836 ) ) ;
#777 = ADVANCED_FACE ( 'NONE', ( #1063 ), #859, .F. ) ;
#778 = CARTESIAN_POINT ( 'NONE',  ( -68.85613382467781207, 10.99999999999999645, -5.233710188513652994 ) ) ;
#779 = ORIENTED_EDGE ( 'NONE', *, *, #737, .F. ) ;
#780 = DIRECTION ( 'NONE',  ( -0.000000000000000000, 1.000000000000000000, 0.000000000000000000 ) ) ;
#781 = APPROVAL ( #1342, 'UNSPECIFIED' ) ;
#782 = LINE ( 'NONE', #1436, #1426 ) ;
#783 = DIRECTION ( 'NONE',  ( 0.000000000000000000, 0.000000000000000000, 1.000000000000000000 ) ) ;
#784 = DIRECTION ( 'NONE',  ( -0.000000000000000000, -1.000000000000000000, -0.000000000000000000 ) ) ;
#785 = ORIENTED_EDGE ( 'NONE', *, *, #1165, .T. ) ;
#786 = FACE_OUTER_BOUND ( 'NONE', #15, .T. ) ;
#787 = DATE_AND_TIME ( #1007, #811 ) ;
#788 = VECTOR ( 'NONE', #912, 1000.000000000000000 ) ;
#789 = CARTESIAN_POINT ( 'NONE',  ( -52.13626030326282290, 27.24118300352237654, -13.27658992260643700 ) ) ;
#790 = AXIS2_PLACEMENT_3D ( 'NONE', #974, #1422, #649 ) ;
#791 = CARTESIAN_POINT ( 'NONE',  ( -43.85613382467781207, 10.99999999999999645, -31.23371018851364767 ) ) ;
#792 = EDGE_LOOP ( 'NONE', ( #704, #1061, #232, #942 ) ) ;
#793 = VECTOR ( 'NONE', #966, 1000.000000000000000 ) ;
#794 = CARTESIAN_POINT ( 'NONE',  ( -38.85613382467781207, 10.99999999999999645, -25.23371018851364767 ) ) ;
#795 = ORIENTED_EDGE ( 'NONE', *, *, #687, .T. ) ;
#796 = CARTESIAN_POINT ( 'NONE',  ( -51.27330716220046014, 27.49399751121751123, -15.57742134642604626 ) ) ;
#797 = EDGE_CURVE ( 'NONE', #526, #1393, #957, .T. ) ;
#798 = CARTESIAN_POINT ( 'NONE',  ( -68.85613382467781207, 28.99999999999999645, -31.23371018851364767 ) ) ;
#799 = ORIENTED_EDGE ( 'NONE', *, *, #871, .T. ) ;
#800 = FACE_OUTER_BOUND ( 'NONE', #997, .T. ) ;
#801 = EDGE_LOOP ( 'NONE', ( #589, #1355, #392, #646 ) ) ;
#802 = ORIENTED_EDGE ( 'NONE', *, *, #1119, .T. ) ;
#803 = EDGE_CURVE ( 'NONE', #844, #421, #1056, .T. ) ;
#804 = DIRECTION ( 'NONE',  ( 0.000000000000000000, 0.000000000000000000, -1.000000000000000000 ) ) ;
#805 = CYLINDRICAL_SURFACE ( 'NONE', #935, 2.600000000000003197 ) ;
#806 = ORIENTED_EDGE ( 'NONE', *, *, #1146, .F. ) ;
#807 = DIRECTION ( 'NONE',  ( 1.000000000000000000, 0.000000000000000000, 0.000000000000000000 ) ) ;
#808 = ORIENTED_EDGE ( 'NONE', *, *, #293, .F. ) ;
#809 = ORIENTED_EDGE ( 'NONE', *, *, #183, .F. ) ;
#810 = CARTESIAN_POINT ( 'NONE',  ( -68.85613382467781207, 10.99999999999999645, -5.233710188513652994 ) ) ;
#811 = LOCAL_TIME ( 19, 24, 7.000000000000000000, #22 ) ;
#812 = CARTESIAN_POINT ( 'NONE',  ( -53.85613382467781207, 27.03491293478461799, -12.63371018851364624 ) ) ;
#813 = EDGE_LOOP ( 'NONE', ( #897, #263, #249, #1010 ) ) ;
#814 = CIRCLE ( 'NONE', #843, 7.499999999999999112 ) ;
#815 = CARTESIAN_POINT ( 'NONE',  ( -63.85613382467780497, 0.000000000000000000, 0.7662898114863467836 ) ) ;
#816 = DATE_AND_TIME ( #842, #237 ) ;
#817 = ADVANCED_FACE ( 'NONE', ( #1078 ), #741, .F. ) ;
#818 = ORIENTED_EDGE ( 'NONE', *, *, #691, .T. ) ;
#819 = ORIENTED_EDGE ( 'NONE', *, *, #1030, .T. ) ;
#820 = ADVANCED_FACE ( 'NONE', ( #848 ), #1290, .F. ) ;
#821 = CARTESIAN_POINT ( 'NONE',  ( -51.60261294171640145, 27.38649356807592739, -16.54142429974069017 ) ) ;
#822 = ORIENTED_EDGE ( 'NONE', *, *, #1209, .T. ) ;
#823 = LINE ( 'NONE', #479, #674 ) ;
#824 = EDGE_CURVE ( 'NONE', #697, #254, #1413, .T. ) ;
#825 = ORIENTED_EDGE ( 'NONE', *, *, #1356, .F. ) ;
#826 = DIRECTION ( 'NONE',  ( 0.000000000000000000, 0.000000000000000000, 1.000000000000000000 ) ) ;
#827 = ORIENTED_EDGE ( 'NONE', *, *, #393, .F. ) ;
#828 = CC_DESIGN_DATE_AND_TIME_ASSIGNMENT ( #787, #1263, ( #310 ) ) ;
#829 = EDGE_LOOP ( 'NONE', ( #34, #619, #463, #759 ) ) ;
#830 = DIRECTION ( 'NONE',  ( 0.000000000000000000, 0.000000000000000000, -1.000000000000000000 ) ) ;
#831 = DIRECTION ( 'NONE',  ( 0.000000000000000000, 0.000000000000000000, 1.000000000000000000 ) ) ;
#832 = ORIENTED_EDGE ( 'NONE', *, *, #309, .F. ) ;
#833 = FACE_BOUND ( 'NONE', #712, .T. ) ;
#834 = APPROVAL_DATE_TIME ( #816, #781 ) ;
#835 = ORIENTED_EDGE ( 'NONE', *, *, #1385, .T. ) ;
#836 = ORIENTED_EDGE ( 'NONE', *, *, #760, .T. ) ;
#837 = CARTESIAN_POINT ( 'NONE',  ( -51.79054412268482821, 27.33134310193317873, -16.82173152012924433 ) ) ;
#838 = DIRECTION ( 'NONE',  ( -1.000000000000000000, 0.000000000000000000, 0.000000000000000000 ) ) ;
#839 = ORIENTED_EDGE ( 'NONE', *, *, #517, .T. ) ;
#840 = DIRECTION ( 'NONE',  ( -1.000000000000000000, -0.000000000000000000, -0.000000000000000000 ) ) ;
#841 = VECTOR ( 'NONE', #570, 1000.000000000000000 ) ;
#842 = CALENDAR_DATE ( 2026, 14, 2 ) ;
#843 = AXIS2_PLACEMENT_3D ( 'NONE', #230, #451, #1228 ) ;
#844 = VERTEX_POINT ( 'NONE', #529 ) ;
#845 = EDGE_CURVE ( 'NONE', #185, #78, #490, .T. ) ;
#846 = CARTESIAN_POINT ( 'NONE',  ( -53.51319242605740101, 27.04126320209071821, -17.81671295600276039 ) ) ;
#847 = ADVANCED_FACE ( 'NONE', ( #299 ), #1182, .F. ) ;
#848 = FACE_OUTER_BOUND ( 'NONE', #1361, .T. ) ;
#849 = CARTESIAN_POINT ( 'NONE',  ( -68.85613382467781207, 19.99999999999999645, -15.23371018851364944 ) ) ;
#850 = VERTEX_POINT ( 'NONE', #728 ) ;
#851 = DIRECTION ( 'NONE',  ( 1.000000000000000000, 0.000000000000000000, 0.000000000000000000 ) ) ;
#852 = PLANE ( 'NONE',  #1403 ) ;
#853 = AXIS2_PLACEMENT_3D ( 'NONE', #928, #26, #1158 ) ;
#854 = CYLINDRICAL_SURFACE ( 'NONE', #980, 2.500000000000002220 ) ;
#855 = ADVANCED_FACE ( 'NONE', ( #976 ), #854, .F. ) ;
#856 = CARTESIAN_POINT ( 'NONE',  ( -38.85613382467781207, 6.000000000000000000, -26.23371018851364767 ) ) ;
#857 = EDGE_LOOP ( 'NONE', ( #1171, #745 ) ) ;
#858 = CARTESIAN_POINT ( 'NONE',  ( -38.85613382467781207, 6.000000000000000000, -28.73371018851364767 ) ) ;
#859 = PLANE ( 'NONE',  #1116 ) ;
#860 = CYLINDRICAL_SURFACE ( 'NONE', #1190, 2.500000000000000888 ) ;
#861 = ORGANIZATION ( 'UNSPECIFIED', 'UNSPECIFIED', '' ) ;
#862 = CARTESIAN_POINT ( 'NONE',  ( -58.35613382467781918, 33.49999999999999289, -5.233710188513652994 ) ) ;
#863 = EDGE_CURVE ( 'NONE', #254, #1268, #1418, .T. ) ;
#864 = VECTOR ( 'NONE', #1237, 1000.000000000000000 ) ;
#865 = DIRECTION ( 'NONE',  ( 1.000000000000000000, 0.000000000000000000, -0.000000000000000000 ) ) ;
#866 = DIRECTION ( 'NONE',  ( 0.000000000000000000, 0.000000000000000000, -1.000000000000000000 ) ) ;
#867 = EDGE_CURVE ( 'NONE', #1143, #1313, #895, .T. ) ;
#868 = CARTESIAN_POINT ( 'NONE',  ( -68.85613382467781207, 0.000000000000000000, -31.23371018851364767 ) ) ;
#869 = COORDINATED_UNIVERSAL_TIME_OFFSET ( 0, 0, .AHEAD. ) ;
#870 = CARTESIAN_POINT ( 'NONE',  ( -63.85613382467780497, 10.99999999999999645, -31.23371018851364767 ) ) ;
#871 = EDGE_CURVE ( 'NONE', #1101, #660, #12, .T. ) ;
#872 = CARTESIAN_POINT ( 'NONE',  ( -38.85613382467781207, 36.00000000000000000, -31.23371018851364767 ) ) ;
#873 = LINE ( 'NONE', #995, #722 ) ;
#874 = AXIS2_PLACEMENT_3D ( 'NONE', #1169, #1389, #382 ) ;
#875 = CARTESIAN_POINT ( 'NONE',  ( -63.85613382467780497, 36.00000000000000000, -25.23371018851364767 ) ) ;
#876 = AXIS2_PLACEMENT_3D ( 'NONE', #512, #1071, #749 ) ;
#877 = CARTESIAN_POINT ( 'NONE',  ( -53.85613382467781207, 33.49999999999999289, -15.23371018851364944 ) ) ;
#878 = DIRECTION ( 'NONE',  ( 0.000000000000000000, -1.000000000000000000, 0.000000000000000000 ) ) ;
#879 = MANIFOLD_SOLID_BREP ( 'Cut-Extrude9', #1035 ) ;
#880 = DIRECTION ( 'NONE',  ( -1.000000000000000000, 0.000000000000000000, 0.000000000000000000 ) ) ;
#881 = DIRECTION ( 'NONE',  ( 0.000000000000000000, -0.000000000000000000, 1.000000000000000000 ) ) ;
#882 = ORIENTED_EDGE ( 'NONE', *, *, #975, .T. ) ;
#883 = DIRECTION ( 'NONE',  ( -1.000000000000000000, 0.000000000000000000, 0.000000000000000000 ) ) ;
#884 = AXIS2_PLACEMENT_3D ( 'NONE', #108, #865, #1310 ) ;
#885 = EDGE_CURVE ( 'NONE', #441, #697, #873, .T. ) ;
#886 = LINE ( 'NONE', #93, #58 ) ;
#887 = AXIS2_PLACEMENT_3D ( 'NONE', #1120, #5, #881 ) ;
#888 = AXIS2_PLACEMENT_3D ( 'NONE', #164, #348, #149 ) ;
#889 = FACE_OUTER_BOUND ( 'NONE', #1206, .T. ) ;
#890 = ADVANCED_FACE ( 'NONE', ( #666 ), #643, .T. ) ;
#891 = DIRECTION ( 'NONE',  ( -0.000000000000000000, 1.000000000000000000, -0.000000000000000000 ) ) ;
#892 = VERTEX_POINT ( 'NONE', #3 ) ;
#893 = CARTESIAN_POINT ( 'NONE',  ( -38.85613382467781207, 0.000000000000000000, 0.7662898114863467836 ) ) ;
#894 = DIRECTION ( 'NONE',  ( 0.000000000000000000, 0.000000000000000000, 1.000000000000000000 ) ) ;
#895 = LINE ( 'NONE', #431, #350 ) ;
#896 = DIRECTION ( 'NONE',  ( 0.000000000000000000, 0.000000000000000000, 1.000000000000000000 ) ) ;
#897 = ORIENTED_EDGE ( 'NONE', *, *, #462, .T. ) ;
#898 = AXIS2_PLACEMENT_3D ( 'NONE', #1115, #355, #16 ) ;
#899 = DIRECTION ( 'NONE',  ( 0.000000000000000000, 1.000000000000000000, -0.000000000000000000 ) ) ;
#900 = AXIS2_PLACEMENT_3D ( 'NONE', #1189, #198, #302 ) ;
#901 = APPROVAL_ROLE ( '' ) ;
#902 = CARTESIAN_POINT ( 'NONE',  ( -53.68288039931250211, 27.03491293478461799, -12.63371018851364802 ) ) ;
#903 = PLANE ( 'NONE',  #1164 ) ;
#904 = VERTEX_POINT ( 'NONE', #210 ) ;
#905 = PLANE ( 'NONE',  #898 ) ;
#906 = ORIENTED_EDGE ( 'NONE', *, *, #1385, .F. ) ;
#907 = EDGE_CURVE ( 'NONE', #1160, #491, #101, .T. ) ;
#908 = LOCAL_TIME ( 19, 24, 7.000000000000000000, #169 ) ;
#909 = CIRCLE ( 'NONE', #289, 7.499999999999999112 ) ;
#910 = CARTESIAN_POINT ( 'NONE',  ( -49.35613382467781207, 33.49999999999999289, -5.233710188513652994 ) ) ;
#911 = AXIS2_PLACEMENT_3D ( 'NONE', #1274, #394, #1046 ) ;
#912 = DIRECTION ( 'NONE',  ( 0.000000000000000000, 0.000000000000000000, 1.000000000000000000 ) ) ;
#913 = EDGE_LOOP ( 'NONE', ( #597, #1345, #1130, #387 ) ) ;
#914 = ADVANCED_FACE ( 'NONE', ( #889 ), #658, .F. ) ;
#915 = FACE_BOUND ( 'NONE', #829, .T. ) ;
#916 = EDGE_LOOP ( 'NONE', ( #383, #145, #1128, #1391 ) ) ;
#917 = CC_DESIGN_PERSON_AND_ORGANIZATION_ASSIGNMENT ( #1278, #723, ( #978 ) ) ;
#918 = CARTESIAN_POINT ( 'NONE',  ( -53.85613382467781207, 27.03491293478461799, -12.63371018851364624 ) ) ;
#919 = CYLINDRICAL_SURFACE ( 'NONE', #577, 7.499999999999999112 ) ;
#920 = VERTEX_POINT ( 'NONE', #1329 ) ;
#921 = CARTESIAN_POINT ( 'NONE',  ( -68.85613382467781207, 6.000000000000000000, -26.23371018851364767 ) ) ;
#922 = VERTEX_POINT ( 'NONE', #1431 ) ;
#923 = ORIENTED_EDGE ( 'NONE', *, *, #80, .F. ) ;
#924 = LINE ( 'NONE', #469, #1049 ) ;
#925 = EDGE_CURVE ( 'NONE', #1194, #376, #1003, .T. ) ;
#926 = CARTESIAN_POINT ( 'NONE',  ( -49.35613382467781207, 28.99999999999999645, 0.7662898114863467836 ) ) ;
#927 = ORIENTED_EDGE ( 'NONE', *, *, #669, .F. ) ;
#928 = CARTESIAN_POINT ( 'NONE',  ( -53.85613382467781207, 33.49999999999999289, -15.23371018851364944 ) ) ;
#929 =( NAMED_UNIT ( * ) PLANE_ANGLE_UNIT ( ) SI_UNIT ( $, .RADIAN. ) );
#930 = EDGE_LOOP ( 'NONE', ( #819, #1153, #1239, #799 ) ) ;
#931 = EDGE_CURVE ( 'NONE', #581, #634, #653, .T. ) ;
#932 = CARTESIAN_POINT ( 'NONE',  ( -43.85613382467781207, 0.000000000000000000, -5.233710188513652994 ) ) ;
#933 = VECTOR ( 'NONE', #1379, 1000.000000000000000 ) ;
#934 = LINE ( 'NONE', #1376, #746 ) ;
#935 = AXIS2_PLACEMENT_3D ( 'NONE', #1141, #150, #40 ) ;
#936 = VERTEX_POINT ( 'NONE', #323 ) ;
#937 = CC_DESIGN_PERSON_AND_ORGANIZATION_ASSIGNMENT ( #613, #1059, ( #310 ) ) ;
#938 = VECTOR ( 'NONE', #1365, 1000.000000000000000 ) ;
#939 = PLANE ( 'NONE',  #68 ) ;
#940 = PERSON_AND_ORGANIZATION ( #1162, #861 ) ;
#941 = ORIENTED_EDGE ( 'NONE', *, *, #733, .F. ) ;
#942 = ORIENTED_EDGE ( 'NONE', *, *, #398, .T. ) ;
#943 = DIRECTION ( 'NONE',  ( -1.000000000000000000, 0.000000000000000000, 0.000000000000000000 ) ) ;
#944 = CARTESIAN_POINT ( 'NONE',  ( -55.44219247460093669, 27.21018027439222564, -13.16660906755896754 ) ) ;
#945 = ORIENTED_EDGE ( 'NONE', *, *, #1337, .F. ) ;
#946 = LINE ( 'NONE', #699, #1222 ) ;
#947 = ORIENTED_EDGE ( 'NONE', *, *, #454, .F. ) ;
#948 = ORIENTED_EDGE ( 'NONE', *, *, #1060, .F. ) ;
#949 = DIRECTION ( 'NONE',  ( -0.000000000000000000, -0.000000000000000000, 1.000000000000000000 ) ) ;
#950 = CARTESIAN_POINT ( 'NONE',  ( 0.000000000000000000, 0.000000000000000000, 0.000000000000000000 ) ) ;
#951 = ORIENTED_EDGE ( 'NONE', *, *, #1185, .T. ) ;
#952 = LINE ( 'NONE', #1397, #960 ) ;
#953 = COORDINATED_UNIVERSAL_TIME_OFFSET ( 0, 0, .AHEAD. ) ;
#954 = ORIENTED_EDGE ( 'NONE', *, *, #1165, .F. ) ;
#955 = EDGE_CURVE ( 'NONE', #1313, #973, #756, .T. ) ;
#956 = CARTESIAN_POINT ( 'NONE',  ( -68.85613382467781207, 6.000000000000000000, -28.73371018851364767 ) ) ;
#957 = LINE ( 'NONE', #190, #173 ) ;
#958 = ORIENTED_EDGE ( 'NONE', *, *, #207, .T. ) ;
#959 = DIRECTION ( 'NONE',  ( 0.000000000000000000, 1.000000000000000000, 0.000000000000000000 ) ) ;
#960 = VECTOR ( 'NONE', #295, 1000.000000000000000 ) ;
#961 = ORIENTED_EDGE ( 'NONE', *, *, #867, .T. ) ;
#962 = VECTOR ( 'NONE', #1357, 1000.000000000000000 ) ;
#963 = EDGE_LOOP ( 'NONE', ( #37, #1067 ) ) ;
#964 = CARTESIAN_POINT ( 'NONE',  ( -43.85613382467781207, 28.99999999999999645, 0.7662898114863467836 ) ) ;
#965 = PLANE ( 'NONE',  #1257 ) ;
#966 = DIRECTION ( 'NONE',  ( 1.000000000000000000, 0.000000000000000000, 0.000000000000000000 ) ) ;
#967 = EDGE_LOOP ( 'NONE', ( #825, #1281, #626, #677 ) ) ;
#968 = ORIENTED_EDGE ( 'NONE', *, *, #1226, .F. ) ;
#969 = CARTESIAN_POINT ( 'NONE',  ( -53.17632186470976308, 27.06568630630773953, -17.74913615618364915 ) ) ;
#970 = DIRECTION ( 'NONE',  ( 0.000000000000000000, 0.000000000000000000, 1.000000000000000000 ) ) ;
#971 = EDGE_CURVE ( 'NONE', #1194, #138, #1437, .T. ) ;
#972 = DIRECTION ( 'NONE',  ( 0.000000000000000000, 1.000000000000000000, -0.000000000000000000 ) ) ;
#973 = VERTEX_POINT ( 'NONE', #223 ) ;
#974 = CARTESIAN_POINT ( 'NONE',  ( -63.85613382467780497, 6.000000000000000000, -26.23371018851364767 ) ) ;
#975 = EDGE_CURVE ( 'NONE', #1268, #396, #1202, .T. ) ;
#976 = FACE_OUTER_BOUND ( 'NONE', #583, .T. ) ;
#977 = CARTESIAN_POINT ( 'NONE',  ( -63.85613382467780497, 28.99999999999999645, -5.233710188513651218 ) ) ;
#978 = PRODUCT_DEFINITION_FORMATION_WITH_SPECIFIED_SOURCE ( 'ANY', '', #292, .NOT_KNOWN. ) ;
#979 = VERTEX_POINT ( 'NONE', #1208 ) ;
#980 = AXIS2_PLACEMENT_3D ( 'NONE', #1166, #176, #970 ) ;
#981 = CARTESIAN_POINT ( 'NONE',  ( -38.85613382467781207, 19.99999999999999645, -22.73371018851365122 ) ) ;
#982 = CARTESIAN_POINT ( 'NONE',  ( -43.85613382467781207, 28.99999999999999645, 0.7662898114863467836 ) ) ;
#983 = DIRECTION ( 'NONE',  ( -1.000000000000000000, -0.000000000000000000, -0.000000000000000000 ) ) ;
#984 = CARTESIAN_POINT ( 'NONE',  ( -63.85613382467780497, 10.99999999999999645, -25.23371018851364767 ) ) ;
#985 = DIRECTION ( 'NONE',  ( -1.000000000000000000, 0.000000000000000000, 0.000000000000000000 ) ) ;
#986 = CARTESIAN_POINT ( 'NONE',  ( -38.85613382467781207, 6.000000000000000000, -4.233710188513654771 ) ) ;
#987 = CARTESIAN_POINT ( 'NONE',  ( -43.85613382467781207, 11.00000000000000000, -31.23371018851364767 ) ) ;
#988 = AXIS2_PLACEMENT_3D ( 'NONE', #107, #985, #400 ) ;
#989 = CARTESIAN_POINT ( 'NONE',  ( -68.85613382467781207, 6.000000000000000000, -4.233710188513654771 ) ) ;
#990 = ORIENTED_EDGE ( 'NONE', *, *, #269, .T. ) ;
#991 = EDGE_CURVE ( 'NONE', #78, #185, #814, .T. ) ;
#992 = FACE_OUTER_BOUND ( 'NONE', #265, .T. ) ;
#993 = CARTESIAN_POINT ( 'NONE',  ( -43.85613382467781207, 36.00000000000000000, -25.23371018851364767 ) ) ;
#994 = ADVANCED_FACE ( 'NONE', ( #122, #1098, #1112 ), #439, .F. ) ;
#995 = CARTESIAN_POINT ( 'NONE',  ( -68.85613382467781207, 10.99999999999999645, -5.233710188513652994 ) ) ;
#996 = CARTESIAN_POINT ( 'NONE',  ( -53.85613382467781207, 33.49999999999999289, -12.63371018851364624 ) ) ;
#997 = EDGE_LOOP ( 'NONE', ( #499, #1045, #1073, #1255, #990, #544, #508, #360 ) ) ;
#998 = CARTESIAN_POINT ( 'NONE',  ( -38.85613382467781207, 19.99999999999999645, -7.733710188513651218 ) ) ;
#999 = CARTESIAN_POINT ( 'NONE',  ( -43.85613382467781207, 6.000000000000000000, -28.73371018851364767 ) ) ;
#1000 = AXIS2_PLACEMENT_3D ( 'NONE', #294, #94, #1423 ) ;
#1001 = VECTOR ( 'NONE', #657, 1000.000000000000000 ) ;
#1002 = PRODUCT_RELATED_PRODUCT_CATEGORY ( 'detail', '', ( #292 ) ) ;
#1003 = LINE ( 'NONE', #541, #492 ) ;
#1004 = DIRECTION ( 'NONE',  ( 0.000000000000000000, 0.000000000000000000, 1.000000000000000000 ) ) ;
#1005 = ORIENTED_EDGE ( 'NONE', *, *, #1358, .F. ) ;
#1006 = FACE_BOUND ( 'NONE', #142, .T. ) ;
#1007 = CALENDAR_DATE ( 2026, 14, 2 ) ;
#1008 = CARTESIAN_POINT ( 'NONE',  ( -58.35613382467781918, 33.49999999999999289, 0.7662898114863467836 ) ) ;
#1009 = DIRECTION ( 'NONE',  ( 0.000000000000000000, -0.000000000000000000, -1.000000000000000000 ) ) ;
#1010 = ORIENTED_EDGE ( 'NONE', *, *, #140, .T. ) ;
#1011 = EDGE_CURVE ( 'NONE', #973, #1088, #236, .T. ) ;
#1012 = LINE ( 'NONE', #566, #206 ) ;
#1013 = AXIS2_PLACEMENT_3D ( 'NONE', #152, #602, #143 ) ;
#1014 = PERSON_AND_ORGANIZATION_ROLE ( 'creator' ) ;
#1015 = DIRECTION ( 'NONE',  ( 0.000000000000000000, 1.000000000000000000, 0.000000000000000000 ) ) ;
#1016 = EDGE_CURVE ( 'NONE', #247, #1211, #197, .T. ) ;
#1017 = CARTESIAN_POINT ( 'NONE',  ( -56.19083578065145446, 27.41195116907145390, -14.07701843366177030 ) ) ;
#1018 = ORIENTED_EDGE ( 'NONE', *, *, #140, .F. ) ;
#1019 = CARTESIAN_POINT ( 'NONE',  ( -43.85613382467781207, 11.00000000000000000, -31.23371018851364767 ) ) ;
#1020 = ORIENTED_EDGE ( 'NONE', *, *, #931, .F. ) ;
#1021 = CC_DESIGN_APPROVAL ( #165, ( #310 ) ) ;
#1022 = VECTOR ( 'NONE', #1425, 1000.000000000000000 ) ;
#1023 = CARTESIAN_POINT ( 'NONE',  ( -53.01289080271940435, 27.08356381787976019, -12.76837066576475443 ) ) ;
#1024 = VECTOR ( 'NONE', #1317, 1000.000000000000000 ) ;
#1025 = CARTESIAN_POINT ( 'NONE',  ( -55.81329048074192656, 27.30117555037928767, -13.51384593647509291 ) ) ;
#1026 = EDGE_LOOP ( 'NONE', ( #6, #1157, #1065, #1309 ) ) ;
#1027 = DIRECTION ( 'NONE',  ( -0.000000000000000000, 0.000000000000000000, 1.000000000000000000 ) ) ;
#1028 = ORIENTED_EDGE ( 'NONE', *, *, #867, .F. ) ;
#1029 = EDGE_LOOP ( 'NONE', ( #370, #809, #1339, #1104 ) ) ;
#1030 = EDGE_CURVE ( 'NONE', #660, #468, #1118, .T. ) ;
#1031 = CARTESIAN_POINT ( 'NONE',  ( -38.85613382467781207, 6.000000000000000000, -23.73371018851364411 ) ) ;
#1032 = DIRECTION ( 'NONE',  ( 0.000000000000000000, 1.000000000000000000, 0.000000000000000000 ) ) ;
#1033 = ORIENTED_EDGE ( 'NONE', *, *, #1316, .T. ) ;
#1034 = CARTESIAN_POINT ( 'NONE',  ( -38.85613382467781207, 6.000000000000000000, -28.73371018851364767 ) ) ;
#1035 = CLOSED_SHELL ( 'NONE', ( #1249, #709, #1273, #820, #855, #458, #474, #1099, #773, #847, #1195, #504, #326, #608, #1280, #754, #136, #10, #994, #46, #914, #417, #521, #547, #890, #1177, #1392, #663, #412, #1253, #262, #777, #221, #817, #119, #155, #555, #250, #599, #352 ) ) ;
#1036 = ORIENTED_EDGE ( 'NONE', *, *, #665, .F. ) ;
#1037 = EDGE_CURVE ( 'NONE', #850, #483, #319, .T. ) ;
#1038 = ORIENTED_EDGE ( 'NONE', *, *, #885, .F. ) ;
#1039 = CARTESIAN_POINT ( 'NONE',  ( -52.54997133435218615, 27.15381325021923331, -12.97923606197718271 ) ) ;
#1040 = EDGE_CURVE ( 'NONE', #892, #405, #769, .T. ) ;
#1041 = FACE_BOUND ( 'NONE', #1272, .T. ) ;
#1042 = ORIENTED_EDGE ( 'NONE', *, *, #871, .F. ) ;
#1043 = FACE_OUTER_BOUND ( 'NONE', #1353, .T. ) ;
#1044 = VERTEX_POINT ( 'NONE', #32 ) ;
#1045 = ORIENTED_EDGE ( 'NONE', *, *, #1341, .F. ) ;
#1046 = DIRECTION ( 'NONE',  ( 0.000000000000000000, 0.000000000000000000, 1.000000000000000000 ) ) ;
#1047 = VECTOR ( 'NONE', #395, 1000.000000000000000 ) ;
#1048 = CARTESIAN_POINT ( 'NONE',  ( -55.16404585846806441, 27.15414433507069347, -17.48711983916829027 ) ) ;
#1049 = VECTOR ( 'NONE', #1015, 1000.000000000000000 ) ;
#1050 = VERTEX_POINT ( 'NONE', #574 ) ;
#1051 = DIRECTION ( 'NONE',  ( -0.000000000000000000, -0.000000000000000000, 1.000000000000000000 ) ) ;
#1052 =( NAMED_UNIT ( * ) SI_UNIT ( $, .STERADIAN. ) SOLID_ANGLE_UNIT ( ) );
#1053 = EDGE_LOOP ( 'NONE', ( #1199, #257, #808, #1020, #429, #460 ) ) ;
#1054 = ORIENTED_EDGE ( 'NONE', *, *, #925, .F. ) ;
#1055 = CARTESIAN_POINT ( 'NONE',  ( -58.35613382467781918, 28.99999999999999645, 0.7662898114863467836 ) ) ;
#1056 = LINE ( 'NONE', #503, #7 ) ;
#1057 = ORIENTED_EDGE ( 'NONE', *, *, #1231, .T. ) ;
#1058 = LINE ( 'NONE', #1291, #357 ) ;
#1059 = PERSON_AND_ORGANIZATION_ROLE ( 'classification_officer' ) ;
#1060 = EDGE_CURVE ( 'NONE', #1050, #920, #598, .T. ) ;
#1061 = ORIENTED_EDGE ( 'NONE', *, *, #95, .F. ) ;
#1062 = CARTESIAN_POINT ( 'NONE',  ( -53.85613382467781207, 27.03491293478461799, -17.83371018851365619 ) ) ;
#1063 = FACE_OUTER_BOUND ( 'NONE', #813, .T. ) ;
#1064 = EDGE_CURVE ( 'NONE', #1285, #483, #148, .T. ) ;
#1065 = ORIENTED_EDGE ( 'NONE', *, *, #507, .T. ) ;
#1066 = CARTESIAN_POINT ( 'NONE',  ( 0.000000000000000000, 0.000000000000000000, 0.000000000000000000 ) ) ;
#1067 = ORIENTED_EDGE ( 'NONE', *, *, #1064, .T. ) ;
#1068 = ORIENTED_EDGE ( 'NONE', *, *, #1037, .F. ) ;
#1069 = PLANE ( 'NONE',  #1327 ) ;
#1070 = PLANE ( 'NONE',  #1072 ) ;
#1071 = DIRECTION ( 'NONE',  ( 0.000000000000000000, 1.000000000000000000, 0.000000000000000000 ) ) ;
#1072 = AXIS2_PLACEMENT_3D ( 'NONE', #950, #1283, #748 ) ;
#1073 = ORIENTED_EDGE ( 'NONE', *, *, #517, .F. ) ;
#1074 = CIRCLE ( 'NONE', #629, 2.500000000000000888 ) ;
#1075 = DIRECTION ( 'NONE',  ( 0.000000000000000000, 0.000000000000000000, 1.000000000000000000 ) ) ;
#1076 = DIRECTION ( 'NONE',  ( -1.000000000000000000, -0.000000000000000000, -0.000000000000000000 ) ) ;
#1077 = EDGE_CURVE ( 'NONE', #483, #1285, #447, .T. ) ;
#1078 = FACE_OUTER_BOUND ( 'NONE', #792, .T. ) ;
#1079 = CARTESIAN_POINT ( 'NONE',  ( -49.35613382467781207, 33.49999999999999289, 0.7662898114863467836 ) ) ;
#1080 = SHAPE_DEFINITION_REPRESENTATION ( #1286, #434 ) ;
#1081 = PLANE ( 'NONE',  #1107 ) ;
#1082 = EDGE_CURVE ( 'NONE', #1044, #1050, #275, .T. ) ;
#1083 = DIRECTION ( 'NONE',  ( -1.000000000000000000, -0.000000000000000000, -0.000000000000000000 ) ) ;
#1084 = PRODUCT_DEFINITION ( 'UNKNOWN', '', #978, #102 ) ;
#1085 = CARTESIAN_POINT ( 'NONE',  ( -68.85613382467781207, 36.00000000000000000, -31.23371018851364767 ) ) ;
#1086 = CYLINDRICAL_SURFACE ( 'NONE', #312, 2.500000000000002220 ) ;
#1087 = EDGE_LOOP ( 'NONE', ( #135, #772 ) ) ;
#1088 = VERTEX_POINT ( 'NONE', #139 ) ;
#1089 = LINE ( 'NONE', #1215, #1375 ) ;
#1090 = DIRECTION ( 'NONE',  ( -0.000000000000000000, 0.000000000000000000, 1.000000000000000000 ) ) ;
#1091 = CARTESIAN_POINT ( 'NONE',  ( -68.85613382467781207, 10.99999999999999645, -31.23371018851364767 ) ) ;
#1092 = ORIENTED_EDGE ( 'NONE', *, *, #651, .T. ) ;
#1093 = VECTOR ( 'NONE', #983, 1000.000000000000000 ) ;
#1094 = DIRECTION ( 'NONE',  ( 1.000000000000000000, -0.000000000000000000, 0.000000000000000000 ) ) ;
#1095 = APPLICATION_CONTEXT ( 'configuration controlled 3d designs of mechanical parts and assemblies' ) ;
#1096 = VECTOR ( 'NONE', #630, 1000.000000000000000 ) ;
#1097 = FACE_OUTER_BOUND ( 'NONE', #356, .T. ) ;
#1098 = FACE_BOUND ( 'NONE', #963, .T. ) ;
#1099 = ADVANCED_FACE ( 'NONE', ( #1139 ), #1155, .F. ) ;
#1100 = DIRECTION ( 'NONE',  ( -1.000000000000000000, -0.000000000000000000, -0.000000000000000000 ) ) ;
#1101 = VERTEX_POINT ( 'NONE', #910 ) ;
#1102 = CARTESIAN_POINT ( 'NONE',  ( -49.35613382467781207, 28.99999999999999645, -5.233710188513652994 ) ) ;
#1103 = EDGE_CURVE ( 'NONE', #1143, #904, #379, .T. ) ;
#1104 = ORIENTED_EDGE ( 'NONE', *, *, #1064, .F. ) ;
#1105 = DIRECTION ( 'NONE',  ( 1.000000000000000000, 0.000000000000000000, 0.000000000000000000 ) ) ;
#1106 = DIRECTION ( 'NONE',  ( 0.000000000000000000, 0.000000000000000000, 1.000000000000000000 ) ) ;
#1107 = AXIS2_PLACEMENT_3D ( 'NONE', #635, #408, #213 ) ;
#1108 = CARTESIAN_POINT ( 'NONE',  ( -68.85613382467781207, 36.00000000000000000, -31.23371018851364767 ) ) ;
#1109 = ORIENTED_EDGE ( 'NONE', *, *, #1173, .F. ) ;
#1110 = CARTESIAN_POINT ( 'NONE',  ( -68.85613382467781207, 10.99999999999999645, 0.7662898114863467836 ) ) ;
#1111 = PLANE ( 'NONE',  #535 ) ;
#1112 = FACE_OUTER_BOUND ( 'NONE', #1053, .T. ) ;
#1113 = DIRECTION ( 'NONE',  ( 0.000000000000000000, 0.000000000000000000, 1.000000000000000000 ) ) ;
#1114 = ORIENTED_EDGE ( 'NONE', *, *, #187, .F. ) ;
#1115 = CARTESIAN_POINT ( 'NONE',  ( 0.000000000000000000, 10.99999999999999645, 0.000000000000000000 ) ) ;
#1116 = AXIS2_PLACEMENT_3D ( 'NONE', #510, #610, #632 ) ;
#1117 = VECTOR ( 'NONE', #949, 1000.000000000000000 ) ;
#1118 = LINE ( 'NONE', #1008, #105 ) ;
#1119 = EDGE_CURVE ( 'NONE', #441, #421, #1242, .T. ) ;
#1120 = CARTESIAN_POINT ( 'NONE',  ( 0.000000000000000000, 10.99999999999999645, 0.000000000000000000 ) ) ;
#1121 = VERTEX_POINT ( 'NONE', #477 ) ;
#1122 = DIRECTION ( 'NONE',  ( 0.000000000000000000, 0.000000000000000000, 1.000000000000000000 ) ) ;
#1123 = EDGE_CURVE ( 'NONE', #25, #405, #358, .T. ) ;
#1124 = DIRECTION ( 'NONE',  ( -1.000000000000000000, -0.000000000000000000, -0.000000000000000000 ) ) ;
#1125 = CARTESIAN_POINT ( 'NONE',  ( -43.85613382467781207, 6.000000000000000000, -26.23371018851364767 ) ) ;
#1126 = CC_DESIGN_PERSON_AND_ORGANIZATION_ASSIGNMENT ( #568, #497, ( #292 ) ) ;
#1127 = DIRECTION ( 'NONE',  ( -1.000000000000000000, -0.000000000000000000, -0.000000000000000000 ) ) ;
#1128 = ORIENTED_EDGE ( 'NONE', *, *, #1060, .T. ) ;
#1129 = LINE ( 'NONE', #572, #113 ) ;
#1130 = ORIENTED_EDGE ( 'NONE', *, *, #542, .T. ) ;
#1131 = CARTESIAN_POINT ( 'NONE',  ( -51.52190438168487674, 27.41179682068699108, -16.39163598032822833 ) ) ;
#1132 = DIRECTION ( 'NONE',  ( 0.000000000000000000, 0.000000000000000000, 1.000000000000000000 ) ) ;
#1133 = EDGE_LOOP ( 'NONE', ( #1407, #1261, #205, #1036 ) ) ;
#1134 = DIRECTION ( 'NONE',  ( 0.000000000000000000, 0.000000000000000000, 1.000000000000000000 ) ) ;
#1135 = EDGE_LOOP ( 'NONE', ( #923, #682, #1038, #1363, #1136, #1028, #717, #1439, #414, #1293 ) ) ;
#1136 = ORIENTED_EDGE ( 'NONE', *, *, #1296, .T. ) ;
#1137 = EDGE_CURVE ( 'NONE', #1179, #468, #924, .T. ) ;
#1138 = AXIS2_PLACEMENT_3D ( 'NONE', #989, #440, #1113 ) ;
#1139 = FACE_OUTER_BOUND ( 'NONE', #453, .T. ) ;
#1140 = AXIS2_PLACEMENT_3D ( 'NONE', #2, #450, #1207 ) ;
#1141 = CARTESIAN_POINT ( 'NONE',  ( -53.85613382467781207, 25.99999999999999645, -15.23371018851364944 ) ) ;
#1142 = EDGE_CURVE ( 'NONE', #376, #441, #372, .T. ) ;
#1143 = VERTEX_POINT ( 'NONE', #702 ) ;
#1144 = DIRECTION ( 'NONE',  ( 1.000000000000000000, 0.000000000000000000, 0.000000000000000000 ) ) ;
#1145 = ORIENTED_EDGE ( 'NONE', *, *, #75, .T. ) ;
#1146 = EDGE_CURVE ( 'NONE', #25, #1368, #1408, .T. ) ;
#1147 = VERTEX_POINT ( 'NONE', #1174 ) ;
#1148 = CARTESIAN_POINT ( 'NONE',  ( -53.51281602142818627, 27.04131421047658179, -12.65085154972961945 ) ) ;
#1149 = CARTESIAN_POINT ( 'NONE',  ( -56.45617511272716627, 27.50001431319006429, -15.40439391130885838 ) ) ;
#1150 = ORIENTED_EDGE ( 'NONE', *, *, #245, .T. ) ;
#1151 = FACE_BOUND ( 'NONE', #857, .T. ) ;
#1152 = VECTOR ( 'NONE', #527, 1000.000000000000000 ) ;
#1153 = ORIENTED_EDGE ( 'NONE', *, *, #4, .T. ) ;
#1154 = EDGE_LOOP ( 'NONE', ( #366, #573, #882, #1420 ) ) ;
#1155 = PLANE ( 'NONE',  #31 ) ;
#1156 = CARTESIAN_POINT ( 'NONE',  ( -55.44441379863020813, 27.21067129708108823, -17.29910498519020834 ) ) ;
#1157 = ORIENTED_EDGE ( 'NONE', *, *, #1432, .T. ) ;
#1158 = DIRECTION ( 'NONE',  ( 0.000000000000000000, 0.000000000000000000, 1.000000000000000000 ) ) ;
#1159 = MECHANICAL_CONTEXT ( 'NONE', #1095, 'mechanical' ) ;
#1160 = VERTEX_POINT ( 'NONE', #189 ) ;
#1161 = ORIENTED_EDGE ( 'NONE', *, *, #1011, .T. ) ;
#1162 = PERSON ( 'UNSPECIFIED', 'UNSPECIFIED', 'UNSPECIFIED', ('UNSPECIFIED'), ('UNSPECIFIED'), ('UNSPECIFIED') ) ;
#1163 = DIRECTION ( 'NONE',  ( 0.000000000000000000, 0.000000000000000000, 1.000000000000000000 ) ) ;
#1164 = AXIS2_PLACEMENT_3D ( 'NONE', #778, #675, #564 ) ;
#1165 = EDGE_CURVE ( 'NONE', #124, #154, #241, .T. ) ;
#1166 = CARTESIAN_POINT ( 'NONE',  ( -38.85613382467781207, 6.000000000000000000, -26.23371018851364767 ) ) ;
#1167 = VECTOR ( 'NONE', #1430, 1000.000000000000000 ) ;
#1168 = VERTEX_POINT ( 'NONE', #1411 ) ;
#1169 = CARTESIAN_POINT ( 'NONE',  ( -58.35613382467781918, 28.99999999999999645, 0.7662898114863467836 ) ) ;
#1170 =( LENGTH_UNIT ( ) NAMED_UNIT ( * ) SI_UNIT ( .MILLI., .METRE. ) );
#1171 = ORIENTED_EDGE ( 'NONE', *, *, #1410, .T. ) ;
#1172 = ORIENTED_EDGE ( 'NONE', *, *, #95, .T. ) ;
#1173 = EDGE_CURVE ( 'NONE', #154, #1211, #1417, .T. ) ;
#1174 = CARTESIAN_POINT ( 'NONE',  ( -49.35613382467781207, 33.49999999999999289, -25.23371018851364767 ) ) ;
#1175 = DIRECTION ( 'NONE',  ( -0.000000000000000000, 1.000000000000000000, -0.000000000000000000 ) ) ;
#1176 = ORIENTED_EDGE ( 'NONE', *, *, #454, .T. ) ;
#1177 = ADVANCED_FACE ( 'NONE', ( #509 ), #1069, .F. ) ;
#1178 = PLANE ( 'NONE',  #1234 ) ;
#1179 = VERTEX_POINT ( 'NONE', #1302 ) ;
#1180 = VECTOR ( 'NONE', #670, 1000.000000000000000 ) ;
#1181 = CARTESIAN_POINT ( 'NONE',  ( -53.01409010487144258, 27.08343556655717066, -17.69940579532670455 ) ) ;
#1182 = PLANE ( 'NONE',  #1304 ) ;
#1183 = FACE_BOUND ( 'NONE', #362, .T. ) ;
#1184 = CARTESIAN_POINT ( 'NONE',  ( -38.85613382467781207, 6.000000000000000000, -26.23371018851364767 ) ) ;
#1185 = EDGE_CURVE ( 'NONE', #369, #1179, #182, .T. ) ;
#1186 = LINE ( 'NONE', #194, #1096 ) ;
#1187 = CARTESIAN_POINT ( 'NONE',  ( -68.85613382467781207, 10.99999999999999645, -5.233710188513652994 ) ) ;
#1188 = EDGE_CURVE ( 'NONE', #285, #287, #81, .T. ) ;
#1189 = CARTESIAN_POINT ( 'NONE',  ( -38.85613382467781207, 6.000000000000000000, -4.233710188513654771 ) ) ;
#1190 = AXIS2_PLACEMENT_3D ( 'NONE', #525, #203, #186 ) ;
#1191 = APPROVAL_STATUS ( 'not_yet_approved' ) ;
#1192 = ORIENTED_EDGE ( 'NONE', *, *, #367, .F. ) ;
#1193 = VECTOR ( 'NONE', #591, 1000.000000000000000 ) ;
#1194 = VERTEX_POINT ( 'NONE', #501 ) ;
#1195 = ADVANCED_FACE ( 'NONE', ( #200, #616 ), #852, .T. ) ;
#1196 = CYLINDRICAL_SURFACE ( 'NONE', #911, 2.600000000000003197 ) ;
#1197 = LINE ( 'NONE', #313, #264 ) ;
#1198 = FACE_OUTER_BOUND ( 'NONE', #967, .T. ) ;
#1199 = ORIENTED_EDGE ( 'NONE', *, *, #803, .T. ) ;
#1200 = AXIS2_PLACEMENT_3D ( 'NONE', #461, #883, #449 ) ;
#1201 = LINE ( 'NONE', #322, #378 ) ;
#1202 = LINE ( 'NONE', #776, #725 ) ;
#1203 = PLANE ( 'NONE',  #60 ) ;
#1204 = CALENDAR_DATE ( 2026, 14, 2 ) ;
#1205 = ORIENTED_EDGE ( 'NONE', *, *, #13, .T. ) ;
#1206 = EDGE_LOOP ( 'NONE', ( #779, #690, #505, #596 ) ) ;
#1207 = DIRECTION ( 'NONE',  ( 0.000000000000000000, 0.000000000000000000, 1.000000000000000000 ) ) ;
#1208 = CARTESIAN_POINT ( 'NONE',  ( -68.85613382467781207, 19.99999999999999645, -7.733710188513651218 ) ) ;
#1209 = EDGE_CURVE ( 'NONE', #51, #615, #747, .T. ) ;
#1210 = LINE ( 'NONE', #343, #424 ) ;
#1211 = VERTEX_POINT ( 'NONE', #956 ) ;
#1212 = AXIS2_PLACEMENT_3D ( 'NONE', #849, #324, #654 ) ;
#1213 = CARTESIAN_POINT ( 'NONE',  ( -63.85613382467780497, 36.00000000000000000, -5.233710188513652994 ) ) ;
#1214 = VECTOR ( 'NONE', #17, 1000.000000000000000 ) ;
#1215 = CARTESIAN_POINT ( 'NONE',  ( -38.85613382467781207, 10.99999999999999645, -31.23371018851364767 ) ) ;
#1216 = DIRECTION ( 'NONE',  ( -1.000000000000000000, 0.000000000000000000, -0.000000000000000000 ) ) ;
#1217 = FACE_OUTER_BOUND ( 'NONE', #281, .T. ) ;
#1218 = ORIENTED_EDGE ( 'NONE', *, *, #931, .T. ) ;
#1219 = LINE ( 'NONE', #271, #251 ) ;
#1220 = CARTESIAN_POINT ( 'NONE',  ( -68.85613382467781207, 10.99999999999999645, -25.23371018851364767 ) ) ;
#1221 = DIRECTION ( 'NONE',  ( -1.000000000000000000, 0.000000000000000000, 0.000000000000000000 ) ) ;
#1222 = VECTOR ( 'NONE', #1144, 1000.000000000000000 ) ;
#1223 = PLANE ( 'NONE',  #887 ) ;
#1224 = ORIENTED_EDGE ( 'NONE', *, *, #201, .T. ) ;
#1225 = PLANE ( 'NONE',  #301 ) ;
#1226 = EDGE_CURVE ( 'NONE', #339, #1121, #515, .T. ) ;
#1227 = CARTESIAN_POINT ( 'NONE',  ( -53.85613382467781207, 27.03491293478461799, -17.83371018851365619 ) ) ;
#1228 = DIRECTION ( 'NONE',  ( 0.000000000000000000, 0.000000000000000000, 1.000000000000000000 ) ) ;
#1229 = CARTESIAN_POINT ( 'NONE',  ( -43.85613382467781207, 6.000000000000000000, -4.233710188513654771 ) ) ;
#1230 = EDGE_LOOP ( 'NONE', ( #738, #941, #277, #473 ) ) ;
#1231 = EDGE_CURVE ( 'NONE', #151, #1179, #1186, .T. ) ;
#1232 = FACE_OUTER_BOUND ( 'NONE', #1133, .T. ) ;
#1233 = LOCAL_TIME ( 19, 24, 7.000000000000000000, #869 ) ;
#1234 = AXIS2_PLACEMENT_3D ( 'NONE', #1066, #959, #406 ) ;
#1235 = SECURITY_CLASSIFICATION_LEVEL ( 'unclassified' ) ;
#1236 = VECTOR ( 'NONE', #11, 1000.000000000000000 ) ;
#1237 = DIRECTION ( 'NONE',  ( -1.000000000000000000, -0.000000000000000000, -0.000000000000000000 ) ) ;
#1238 = CARTESIAN_POINT ( 'NONE',  ( -55.16162183231041638, 27.15369949650607850, -12.97889530760313725 ) ) ;
#1239 = ORIENTED_EDGE ( 'NONE', *, *, #462, .F. ) ;
#1240 = CARTESIAN_POINT ( 'NONE',  ( -63.85613382467780497, 0.000000000000000000, -31.23371018851364767 ) ) ;
#1241 = EDGE_LOOP ( 'NONE', ( #391, #147 ) ) ;
#1242 = LINE ( 'NONE', #1250, #1284 ) ;
#1243 = VECTOR ( 'NONE', #325, 1000.000000000000000 ) ;
#1244 = CARTESIAN_POINT ( 'NONE',  ( -55.92036263195695511, 27.33095011971959210, -13.64377347736224522 ) ) ;
#1245 = VERTEX_POINT ( 'NONE', #1394 ) ;
#1246 = CARTESIAN_POINT ( 'NONE',  ( -63.85613382467780497, 10.99999999999999645, 0.7662898114863467836 ) ) ;
#1247 = EDGE_LOOP ( 'NONE', ( #1271, #234, #948, #1405 ) ) ;
#1248 = ORIENTED_EDGE ( 'NONE', *, *, #1185, .F. ) ;
#1249 = ADVANCED_FACE ( 'NONE', ( #88 ), #1196, .F. ) ;
#1250 = CARTESIAN_POINT ( 'NONE',  ( -43.85613382467781207, 11.00000000000000000, -31.23371018851364767 ) ) ;
#1251 = CARTESIAN_POINT ( 'NONE',  ( -54.53588843667424158, 27.06567684211432123, -17.74916301394857854 ) ) ;
#1252 = ORIENTED_EDGE ( 'NONE', *, *, #393, .T. ) ;
#1253 = ADVANCED_FACE ( 'NONE', ( #1400 ), #493, .F. ) ;
#1254 = DIRECTION ( 'NONE',  ( 1.000000000000000000, 0.000000000000000000, 0.000000000000000000 ) ) ;
#1255 = ORIENTED_EDGE ( 'NONE', *, *, #628, .T. ) ;
#1256 = ORIENTED_EDGE ( 'NONE', *, *, #293, .T. ) ;
#1257 = AXIS2_PLACEMENT_3D ( 'NONE', #1085, #831, #1297 ) ;
#1258 = CARTESIAN_POINT ( 'NONE',  ( -53.85613382467781207, 25.99999999999999645, -12.63371018851364624 ) ) ;
#1259 = VECTOR ( 'NONE', #409, 1000.000000000000000 ) ;
#1260 = CARTESIAN_POINT ( 'NONE',  ( -56.12524317075769176, 27.39076421893941315, -16.54828583812015452 ) ) ;
#1261 = ORIENTED_EDGE ( 'NONE', *, *, #863, .T. ) ;
#1262 = LINE ( 'NONE', #42, #684 ) ;
#1263 = DATE_TIME_ROLE ( 'classification_date' ) ;
#1264 = EDGE_LOOP ( 'NONE', ( #571, #685, #384, #471, #1054, #20, #204, #167 ) ) ;
#1265 = VERTEX_POINT ( 'NONE', #385 ) ;
#1266 = CARTESIAN_POINT ( 'NONE',  ( -53.17870574420084040, 27.06548989814930906, -12.71773780039991131 ) ) ;
#1267 = CARTESIAN_POINT ( 'NONE',  ( -56.10993348069491304, 27.38656902617705668, -13.92629807873140280 ) ) ;
#1268 = VERTEX_POINT ( 'NONE', #283 ) ;
#1269 = CARTESIAN_POINT ( 'NONE',  ( -38.85613382467781207, 6.000000000000000000, -6.733710188513656547 ) ) ;
#1270 = CARTESIAN_POINT ( 'NONE',  ( -38.85613382467781207, 19.99999999999999645, -22.73371018851365122 ) ) ;
#1271 = ORIENTED_EDGE ( 'NONE', *, *, #245, .F. ) ;
#1272 = EDGE_LOOP ( 'NONE', ( #588, #1092 ) ) ;
#1273 = ADVANCED_FACE ( 'NONE', ( #175 ), #609, .F. ) ;
#1274 = CARTESIAN_POINT ( 'NONE',  ( -53.85613382467781207, 25.99999999999999645, -15.23371018851364944 ) ) ;
#1275 = DIRECTION ( 'NONE',  ( 0.000000000000000000, 0.000000000000000000, 1.000000000000000000 ) ) ;
#1276 = ORIENTED_EDGE ( 'NONE', *, *, #309, .T. ) ;
#1277 = LINE ( 'NONE', #587, #211 ) ;
#1278 = PERSON_AND_ORGANIZATION ( #1162, #861 ) ;
#1279 = ORIENTED_EDGE ( 'NONE', *, *, #1209, .F. ) ;
#1280 = ADVANCED_FACE ( 'NONE', ( #423, #214, #114, #318 ), #1111, .F. ) ;
#1281 = ORIENTED_EDGE ( 'NONE', *, *, #737, .T. ) ;
#1282 = CARTESIAN_POINT ( 'NONE',  ( -51.89934083104080997, 27.30107117216336832, -16.95404295692311791 ) ) ;
#1283 = DIRECTION ( 'NONE',  ( 0.000000000000000000, 1.000000000000000000, 0.000000000000000000 ) ) ;
#1284 = VECTOR ( 'NONE', #457, 1000.000000000000000 ) ;
#1285 = VERTEX_POINT ( 'NONE', #999 ) ;
#1286 = PRODUCT_DEFINITION_SHAPE ( 'NONE', 'NONE',  #1084 ) ;
#1287 = DIRECTION ( 'NONE',  ( -1.000000000000000000, -0.000000000000000000, -0.000000000000000000 ) ) ;
#1288 = LINE ( 'NONE', #730, #411 ) ;
#1289 = CARTESIAN_POINT ( 'NONE',  ( -52.54931764710291731, 27.15393996623673445, -17.48777145152661561 ) ) ;
#1290 = CYLINDRICAL_SURFACE ( 'NONE', #125, 2.500000000000000888 ) ;
#1291 = CARTESIAN_POINT ( 'NONE',  ( -43.85613382467781207, 0.000000000000000000, -31.23371018851364767 ) ) ;
#1292 = ORIENTED_EDGE ( 'NONE', *, *, #1337, .T. ) ;
#1293 = ORIENTED_EDGE ( 'NONE', *, *, #478, .F. ) ;
#1294 = CIRCLE ( 'NONE', #661, 2.500000000000000888 ) ;
#1295 = DIRECTION ( 'NONE',  ( 0.000000000000000000, -0.000000000000000000, 1.000000000000000000 ) ) ;
#1296 = EDGE_CURVE ( 'NONE', #376, #1313, #443, .T. ) ;
#1297 = DIRECTION ( 'NONE',  ( 1.000000000000000000, 0.000000000000000000, -0.000000000000000000 ) ) ;
#1298 = LINE ( 'NONE', #977, #1022 ) ;
#1299 = EDGE_CURVE ( 'NONE', #86, #605, #782, .T. ) ;
#1300 = VERTEX_POINT ( 'NONE', #1321 ) ;
#1301 = ORIENTED_EDGE ( 'NONE', *, *, #590, .T. ) ;
#1302 = CARTESIAN_POINT ( 'NONE',  ( -58.35613382467781918, 28.99999999999999645, -25.23371018851364767 ) ) ;
#1303 = DIRECTION ( 'NONE',  ( -0.000000000000000000, -0.000000000000000000, 1.000000000000000000 ) ) ;
#1304 = AXIS2_PLACEMENT_3D ( 'NONE', #523, #1275, #410 ) ;
#1305 = DIRECTION ( 'NONE',  ( 0.000000000000000000, 0.000000000000000000, 1.000000000000000000 ) ) ;
#1306 = AXIS2_PLACEMENT_3D ( 'NONE', #1395, #838, #734 ) ;
#1307 = EDGE_LOOP ( 'NONE', ( #795, #130, #1176, #226, #1114, #118, #945, #344, #448, #827 ) ) ;
#1308 = AXIS2_PLACEMENT_3D ( 'NONE', #718, #740, #1163 ) ;
#1309 = ORIENTED_EDGE ( 'NONE', *, *, #542, .F. ) ;
#1310 = DIRECTION ( 'NONE',  ( -0.000000000000000000, 0.000000000000000000, -1.000000000000000000 ) ) ;
#1311 = DIRECTION ( 'NONE',  ( -0.000000000000000000, -1.000000000000000000, -0.000000000000000000 ) ) ;
#1312 = CARTESIAN_POINT ( 'NONE',  ( -68.85613382467781207, 10.99999999999999645, -25.23371018851364767 ) ) ;
#1313 = VERTEX_POINT ( 'NONE', #1315 ) ;
#1314 = VECTOR ( 'NONE', #62, 1000.000000000000000 ) ;
#1315 = CARTESIAN_POINT ( 'NONE',  ( -38.85613382467781207, 28.99999999999999645, -5.233710188513652994 ) ) ;
#1316 = EDGE_CURVE ( 'NONE', #1160, #287, #548, .T. ) ;
#1317 = DIRECTION ( 'NONE',  ( -0.000000000000000000, -0.000000000000000000, 1.000000000000000000 ) ) ;
#1318 = DIRECTION ( 'NONE',  ( -1.000000000000000000, -0.000000000000000000, -0.000000000000000000 ) ) ;
#1319 = DIRECTION ( 'NONE',  ( 0.000000000000000000, -1.000000000000000000, 0.000000000000000000 ) ) ;
#1320 = EDGE_CURVE ( 'NONE', #936, #1044, #1089, .T. ) ;
#1321 = CARTESIAN_POINT ( 'NONE',  ( -68.85613382467781207, 19.99999999999999645, -22.73371018851365122 ) ) ;
#1322 = CARTESIAN_POINT ( 'NONE',  ( -43.85613382467781207, 0.000000000000000000, -31.23371018851364767 ) ) ;
#1323 = DIRECTION ( 'NONE',  ( -1.000000000000000000, 0.000000000000000000, 0.000000000000000000 ) ) ;
#1324 = ORIENTED_EDGE ( 'NONE', *, *, #209, .T. ) ;
#1325 = VECTOR ( 'NONE', #1132, 1000.000000000000000 ) ;
#1326 = CARTESIAN_POINT ( 'NONE',  ( -53.85613382467781207, 25.99999999999999645, -15.23371018851364944 ) ) ;
#1327 = AXIS2_PLACEMENT_3D ( 'NONE', #964, #57, #830 ) ;
#1328 = LINE ( 'NONE', #775, #174 ) ;
#1329 = CARTESIAN_POINT ( 'NONE',  ( -43.85613382467781207, 0.000000000000000000, -31.23371018851364767 ) ) ;
#1330 = CARTESIAN_POINT ( 'NONE',  ( -68.85613382467781207, 19.99999999999999645, -15.23371018851364944 ) ) ;
#1331 = ORIENTED_EDGE ( 'NONE', *, *, #1137, .T. ) ;
#1332 = EDGE_CURVE ( 'NONE', #726, #339, #98, .T. ) ;
#1333 = LINE ( 'NONE', #794, #1387 ) ;
#1334 = DIRECTION ( 'NONE',  ( -0.000000000000000000, 1.000000000000000000, -0.000000000000000000 ) ) ;
#1335 = CARTESIAN_POINT ( 'NONE',  ( -38.85613382467781207, 6.000000000000000000, -4.233710188513654771 ) ) ;
#1336 = CIRCLE ( 'NONE', #567, 2.600000000000003197 ) ;
#1337 = EDGE_CURVE ( 'NONE', #615, #634, #1201, .T. ) ;
#1338 = LINE ( 'NONE', #452, #534 ) ;
#1339 = ORIENTED_EDGE ( 'NONE', *, *, #1037, .T. ) ;
#1340 = CARTESIAN_POINT ( 'NONE',  ( -68.85613382467781207, 0.000000000000000000, 0.7662898114863467836 ) ) ;
#1341 = EDGE_CURVE ( 'NONE', #1265, #513, #229, .T. ) ;
#1342 = APPROVAL_STATUS ( 'not_yet_approved' ) ;
#1343 = CARTESIAN_POINT ( 'NONE',  ( -52.26839777329020365, 27.21054015568559947, -13.16784275097557888 ) ) ;
#1344 = DIRECTION ( 'NONE',  ( -1.000000000000000000, -0.000000000000000000, -0.000000000000000000 ) ) ;
#1345 = ORIENTED_EDGE ( 'NONE', *, *, #845, .F. ) ;
#1346 = CARTESIAN_POINT ( 'NONE',  ( -63.85613382467780497, 6.000000000000000000, -23.73371018851364411 ) ) ;
#1347 = CC_DESIGN_SECURITY_CLASSIFICATION ( #310, ( #978 ) ) ;
#1348 = EDGE_LOOP ( 'NONE', ( #785, #835 ) ) ;
#1349 = VECTOR ( 'NONE', #1221, 1000.000000000000000 ) ;
#1350 = VECTOR ( 'NONE', #866, 1000.000000000000000 ) ;
#1351 = CARTESIAN_POINT ( 'NONE',  ( -51.77955355113704172, 27.33138807292363381, -13.63341239525840898 ) ) ;
#1352 = LINE ( 'NONE', #141, #217 ) ;
#1353 = EDGE_LOOP ( 'NONE', ( #422, #1057, #1248, #1205 ) ) ;
#1354 = FACE_OUTER_BOUND ( 'NONE', #1307, .T. ) ;
#1355 = ORIENTED_EDGE ( 'NONE', *, *, #760, .F. ) ;
#1356 = EDGE_CURVE ( 'NONE', #1168, #1364, #1074, .T. ) ;
#1357 = DIRECTION ( 'NONE',  ( -0.000000000000000000, 1.000000000000000000, -0.000000000000000000 ) ) ;
#1358 = EDGE_CURVE ( 'NONE', #51, #520, #437, .T. ) ;
#1359 = CIRCLE ( 'NONE', #1200, 2.500000000000002220 ) ;
#1360 = FACE_OUTER_BOUND ( 'NONE', #913, .T. ) ;
#1361 = EDGE_LOOP ( 'NONE', ( #44, #694, #63, #260 ) ) ;
#1362 = DIRECTION ( 'NONE',  ( -1.000000000000000000, 0.000000000000000000, 0.000000000000000000 ) ) ;
#1363 = ORIENTED_EDGE ( 'NONE', *, *, #1142, .F. ) ;
#1364 = VERTEX_POINT ( 'NONE', #636 ) ;
#1365 = DIRECTION ( 'NONE',  ( -0.000000000000000000, -1.000000000000000000, -0.000000000000000000 ) ) ;
#1366 = CC_DESIGN_PERSON_AND_ORGANIZATION_ASSIGNMENT ( #1398, #1014, ( #1084 ) ) ;
#1367 = CARTESIAN_POINT ( 'NONE',  ( -55.57491724768667751, 27.24091974104743130, -13.27560427549308919 ) ) ;
#1368 = VERTEX_POINT ( 'NONE', #1227 ) ;
#1369 = CARTESIAN_POINT ( 'NONE',  ( -58.35613382467781918, 28.99999999999999645, -5.233710188513652994 ) ) ;
#1370 = DATE_AND_TIME ( #1390, #908 ) ;
#1371 = ORIENTED_EDGE ( 'NONE', *, *, #398, .F. ) ;
#1372 = ORIENTED_EDGE ( 'NONE', *, *, #907, .T. ) ;
#1373 = AXIS2_PLACEMENT_3D ( 'NONE', #537, #667, #550 ) ;
#1374 = CARTESIAN_POINT ( 'NONE',  ( -51.34040447787850781, 27.47113774977261969, -15.91211772247106637 ) ) ;
#1375 = VECTOR ( 'NONE', #222, 1000.000000000000000 ) ;
#1376 = CARTESIAN_POINT ( 'NONE',  ( -63.85613382467780497, 0.000000000000000000, -31.23371018851364767 ) ) ;
#1377 = ORIENTED_EDGE ( 'NONE', *, *, #885, .T. ) ;
#1378 = PLANE ( 'NONE',  #1013 ) ;
#1379 = DIRECTION ( 'NONE',  ( 0.000000000000000000, -1.000000000000000000, 0.000000000000000000 ) ) ;
#1380 = EDGE_CURVE ( 'NONE', #138, #1050, #886, .T. ) ;
#1381 = ORIENTED_EDGE ( 'NONE', *, *, #1299, .T. ) ;
#1382 = ORIENTED_EDGE ( 'NONE', *, *, #651, .F. ) ;
#1383 = DIRECTION ( 'NONE',  ( 0.000000000000000000, 0.000000000000000000, 1.000000000000000000 ) ) ;
#1384 = CARTESIAN_POINT ( 'NONE',  ( -58.35613382467781918, 33.49999999999999289, -5.233710188513652994 ) ) ;
#1385 = EDGE_CURVE ( 'NONE', #154, #124, #558, .T. ) ;
#1386 = ORIENTED_EDGE ( 'NONE', *, *, #1016, .T. ) ;
#1387 = VECTOR ( 'NONE', #137, 1000.000000000000000 ) ;
#1388 = B_SPLINE_CURVE_WITH_KNOTS ( 'NONE', 3,
 ( #711, #585, #24, #1251, #689, #259, #1048, #1156, #600, #380, #1260, #47, #268, #681, #1149, #253, #59, #386, #494, #1017, #1267, #1244, #1025, #1367, #944, #1238, #157, #592, #33, #486, #246, #812 ),
 .UNSPECIFIED., .F., .F.,
 ( 4, 2, 2, 2, 2, 2, 2, 2, 2, 2, 2, 2, 2, 2, 2, 4 ),
 ( 0.008192643801597518718, 0.008704554890580791168, 0.009216465979564063618, 0.009728377068547337803, 0.01024028815753061025, 0.01126411033549715689, 0.01177602142448043454, 0.01228793251346371046, 0.01279984360244698811, 0.01331175469143026577, 0.01382366578041354169, 0.01433557686939681934, 0.01484748795838009700, 0.01535939904736337465, 0.01587131013634665230, 0.01638322122532992822 ),
 .UNSPECIFIED. ) ;
#1389 = DIRECTION ( 'NONE',  ( 0.000000000000000000, -1.000000000000000000, 0.000000000000000000 ) ) ;
#1390 = CALENDAR_DATE ( 2026, 14, 2 ) ;
#1391 = ORIENTED_EDGE ( 'NONE', *, *, #498, .T. ) ;
#1392 = ADVANCED_FACE ( 'NONE', ( #1097 ), #327, .T. ) ;
#1393 = VERTEX_POINT ( 'NONE', #993 ) ;
#1394 = CARTESIAN_POINT ( 'NONE',  ( -63.85613382467780497, 6.000000000000000000, -6.733710188513656547 ) ) ;
#1395 = CARTESIAN_POINT ( 'NONE',  ( -38.85613382467781207, 19.99999999999999645, -15.23371018851364944 ) ) ;
#1396 = ORIENTED_EDGE ( 'NONE', *, *, #1412, .F. ) ;
#1397 = CARTESIAN_POINT ( 'NONE',  ( -43.85613382467781207, 0.000000000000000000, -31.23371018851364767 ) ) ;
#1398 = PERSON_AND_ORGANIZATION ( #1162, #861 ) ;
#1399 = EDGE_LOOP ( 'NONE', ( #832, #700, #61, #161 ) ) ;
#1400 = FACE_OUTER_BOUND ( 'NONE', #351, .T. ) ;
#1401 = AXIS2_PLACEMENT_3D ( 'NONE', #116, #1344, #1004 ) ;
#1402 = CARTESIAN_POINT ( 'NONE',  ( -63.85613382467780497, 36.00000000000000000, 0.7662898114863467836 ) ) ;
#1403 = AXIS2_PLACEMENT_3D ( 'NONE', #298, #311, #1295 ) ;
#1404 = EDGE_CURVE ( 'NONE', #1044, #581, #1328, .T. ) ;
#1405 = ORIENTED_EDGE ( 'NONE', *, *, #1380, .F. ) ;
#1406 = LINE ( 'NONE', #96, #52 ) ;
#1407 = ORIENTED_EDGE ( 'NONE', *, *, #824, .T. ) ;
#1408 = B_SPLINE_CURVE_WITH_KNOTS ( 'NONE', 3,
 ( #918, #902, #1148, #1266, #1023, #156, #1039, #1343, #789, #1351, #688, #364, #45, #23, #464, #485, #796, #1374, #252, #1131, #821, #837, #1282, #731, #727, #1289, #522, #1181, #969, #846, #291, #1062 ),
 .UNSPECIFIED., .F., .F.,
 ( 4, 2, 2, 2, 2, 2, 2, 2, 2, 2, 2, 2, 2, 2, 2, 4 ),
 ( 0.000000000000000000, 0.0005120402375998426431, 0.001024080475199685286, 0.001536120712799527929, 0.002048160950399370572, 0.003072241425599057593, 0.003584281663198903706, 0.004096321900798748951, 0.004608362138398594196, 0.005120402375998441176, 0.005632442613598286421, 0.006144482851198133401, 0.006656523088797979514, 0.007168563326397826493, 0.007680603563997671739, 0.008192643801597518718 ),
 .UNSPECIFIED. ) ;
#1409 = EDGE_LOOP ( 'NONE', ( #551, #1292, #1256, #1377 ) ) ;
#1410 = EDGE_CURVE ( 'NONE', #405, #892, #290, .T. ) ;
#1411 = CARTESIAN_POINT ( 'NONE',  ( -38.85613382467781207, 6.000000000000000000, -6.733710188513656547 ) ) ;
#1412 = EDGE_CURVE ( 'NONE', #1143, #1088, #533, .T. ) ;
#1413 = LINE ( 'NONE', #1187, #54 ) ;
#1414 = DIRECTION ( 'NONE',  ( -0.000000000000000000, -0.000000000000000000, -1.000000000000000000 ) ) ;
#1415 = ORIENTED_EDGE ( 'NONE', *, *, #507, .F. ) ;
#1416 = ORIENTED_EDGE ( 'NONE', *, *, #1404, .T. ) ;
#1417 = LINE ( 'NONE', #858, #579 ) ;
#1418 = LINE ( 'NONE', #418, #239 ) ;
#1419 = CARTESIAN_POINT ( 'NONE',  ( -68.85613382467781207, 0.000000000000000000, 0.7662898114863467836 ) ) ;
#1420 = ORIENTED_EDGE ( 'NONE', *, *, #99, .T. ) ;
#1421 = ORIENTED_EDGE ( 'NONE', *, *, #144, .F. ) ;
#1422 = DIRECTION ( 'NONE',  ( -1.000000000000000000, 0.000000000000000000, 0.000000000000000000 ) ) ;
#1423 = DIRECTION ( 'NONE',  ( 0.000000000000000000, 0.000000000000000000, 1.000000000000000000 ) ) ;
#1424 = AXIS2_PLACEMENT_3D ( 'NONE', #1229, #703, #166 ) ;
#1425 = DIRECTION ( 'NONE',  ( 1.000000000000000000, 0.000000000000000000, 0.000000000000000000 ) ) ;
#1426 = VECTOR ( 'NONE', #894, 1000.000000000000000 ) ;
#1427 = EDGE_LOOP ( 'NONE', ( #565, #1415 ) ) ;
#1428 = LINE ( 'NONE', #248, #18 ) ;
#1429 = EDGE_CURVE ( 'NONE', #1147, #151, #70, .T. ) ;
#1430 = DIRECTION ( 'NONE',  ( 0.000000000000000000, 0.000000000000000000, -1.000000000000000000 ) ) ;
#1431 = CARTESIAN_POINT ( 'NONE',  ( -68.85613382467781207, 6.000000000000000000, -6.733710188513656547 ) ) ;
#1432 = EDGE_CURVE ( 'NONE', #78, #1300, #706, .T. ) ;
#1433 = FACE_OUTER_BOUND ( 'NONE', #801, .T. ) ;
#1434 = LINE ( 'NONE', #436, #1243 ) ;
#1435 = VECTOR ( 'NONE', #1051, 1000.000000000000000 ) ;
#1436 = CARTESIAN_POINT ( 'NONE',  ( -63.85613382467780497, 28.99999999999999645, -31.23371018851364767 ) ) ;
#1437 = LINE ( 'NONE', #763, #84 ) ;
#1438 = FACE_OUTER_BOUND ( 'NONE', #1135, .T. ) ;
#1439 = ORIENTED_EDGE ( 'NONE', *, *, #331, .T. ) ;
ENDSEC;
END-ISO-10303-21;
